version,appplication,no_measurement,timestamp,pid,command,time,virt,res,shr,percent_cpu,percent_mem,tasks_total,tasks_running,tasks_sleeping,tasks_stopped,tasks_zombie,cpu_us,cpu_sy,cpu_ni,cpu_id,cpu_wa,cpu_hi,cpu_si,cpu_st,mem_total,mem_free,mem_used,mem_buff_cache,swap_total,swap_free,swap_used,swap_avail,
Python 3.4.10,nbody.py 50000000,0,1690924297,323512,python,0:00.12,15288,8228,4948,75.0,0.1,282,2,279,1,0,14.3,4.8,0.0,80.2,0.8,0.0,0.0,0.0,15795.0 MiB,5842.4 MiB,1586.3 MiB,8366.2 MiB,4096.0 MiB,4096.0 MiB,0.0 MiB,13531.3 MiB
Python 3.4.10,nbody.py 50000000,1,1690924298,323512,python,0:01.29,15288,8228,4948,100.0,0.1,282,2,279,1,0,12.7,0.0,0.0,87.3,0.0,0.0,0.0,0.0,15795.0 MiB,5840.7 MiB,1587.8 MiB,8366.5 MiB,4096.0 MiB,4096.0 MiB,0.0 MiB,13529.6 MiB
Python 3.4.10,nbody.py 50000000,2,1690924299,323512,python,0:02.45,15288,8228,4948,93.8,0.1,282,2,279,1,0,12.8,0.8,0.0,86.4,0.0,0.0,0.0,0.0,15795.0 MiB,5848.1 MiB,1587.4 MiB,8359.5 MiB,4096.0 MiB,4096.0 MiB,0.0 MiB,13537.0 MiB
Python 3.4.10,nbody.py 50000000,3,1690924300,323512,python,0:03.62,15288,8228,4948,100.0,0.1,282,2,279,1,0,13.4,0.8,0.0,85.8,0.0,0.0,0.0,0.0,15795.0 MiB,5847.3 MiB,1588.1 MiB,8359.5 MiB,4096.0 MiB,4096.0 MiB,0.0 MiB,13536.3 MiB
Python 3.4.10,nbody.py 50000000,4,1690924302,323512,python,0:04.79,15288,8228,4948,100.0,0.1,282,2,279,1,0,12.4,0.8,0.0,86.8,0.0,0.0,0.0,0.0,15795.0 MiB,5846.8 MiB,1588.6 MiB,8359.5 MiB,4096.0 MiB,4096.0 MiB,0.0 MiB,13535.8 MiB
Python 3.4.10,nbody.py 50000000,5,1690924303,323512,python,0:05.95,15288,8228,4948,93.8,0.1,282,2,279,1,0,12.7,0.8,0.0,86.5,0.0,0.0,0.0,0.0,15795.0 MiB,5846.8 MiB,1588.6 MiB,8359.5 MiB,4096.0 MiB,4096.0 MiB,0.0 MiB,13535.8 MiB
Python 3.4.10,nbody.py 50000000,6,1690924304,323512,python,0:07.12,15288,8228,4948,100.0,0.1,282,2,279,1,0,13.5,0.0,0.0,86.5,0.0,0.0,0.0,0.0,15795.0 MiB,5846.8 MiB,1588.6 MiB,8359.5 MiB,4096.0 MiB,4096.0 MiB,0.0 MiB,13535.8 MiB
Python 3.4.10,nbody.py 50000000,7,1690924305,323512,python,0:08.28,15288,8228,4948,93.8,0.1,282,2,279,1,0,13.4,0.8,0.0,85.8,0.0,0.0,0.0,0.0,15795.0 MiB,5846.8 MiB,1588.6 MiB,8359.5 MiB,4096.0 MiB,4096.0 MiB,0.0 MiB,13535.8 MiB
Python 3.4.10,nbody.py 50000000,8,1690924306,323512,python,0:09.45,15288,8228,4948,100.0,0.1,282,2,279,1,0,12.8,0.0,0.0,87.2,0.0,0.0,0.0,0.0,15795.0 MiB,5846.3 MiB,1589.1 MiB,8359.5 MiB,4096.0 MiB,4096.0 MiB,0.0 MiB,13535.3 MiB
Python 3.4.10,nbody.py 50000000,9,1690924307,323512,python,0:10.61,15288,8228,4948,93.8,0.1,282,2,279,1,0,11.9,1.6,0.0,86.5,0.0,0.0,0.0,0.0,15795.0 MiB,5846.3 MiB,1589.1 MiB,8359.5 MiB,4096.0 MiB,4096.0 MiB,0.0 MiB,13535.3 MiB
Python 3.4.10,nbody.py 50000000,10,1690924309,323512,python,0:11.77,15288,8228,4948,100.0,0.1,282,2,279,1,0,12.7,0.8,0.0,85.7,0.8,0.0,0.0,0.0,15795.0 MiB,5846.3 MiB,1589.1 MiB,8359.5 MiB,4096.0 MiB,4096.0 MiB,0.0 MiB,13535.3 MiB
Python 3.4.10,nbody.py 50000000,11,1690924310,323512,python,0:12.94,15288,8228,4948,93.8,0.1,282,2,279,1,0,13.5,0.8,0.0,85.7,0.0,0.0,0.0,0.0,15795.0 MiB,5846.3 MiB,1589.1 MiB,8359.5 MiB,4096.0 MiB,4096.0 MiB,0.0 MiB,13535.3 MiB
Python 3.4.10,nbody.py 50000000,12,1690924311,323512,python,0:14.11,15288,8228,4948,100.0,0.1,282,2,279,1,0,13.4,0.8,0.0,85.8,0.0,0.0,0.0,0.0,15795.0 MiB,5846.6 MiB,1588.9 MiB,8359.5 MiB,4096.0 MiB,4096.0 MiB,0.0 MiB,13535.6 MiB
Python 3.4.10,nbody.py 50000000,13,1690924312,323512,python,0:15.27,15288,8228,4948,93.8,0.1,282,2,279,1,0,12.0,0.8,0.0,87.2,0.0,0.0,0.0,0.0,15795.0 MiB,5846.8 MiB,1588.6 MiB,8359.5 MiB,4096.0 MiB,4096.0 MiB,0.0 MiB,13535.8 MiB
Python 3.4.10,nbody.py 50000000,14,1690924313,323512,python,0:16.43,15288,8228,4948,100.0,0.1,282,2,279,1,0,12.7,0.8,0.0,86.5,0.0,0.0,0.0,0.0,15795.0 MiB,5846.8 MiB,1588.6 MiB,8359.6 MiB,4096.0 MiB,4096.0 MiB,0.0 MiB,13535.8 MiB
Python 3.4.10,nbody.py 50000000,15,1690924314,323512,python,0:17.60,15288,8228,4948,100.0,0.1,282,2,279,1,0,12.8,0.0,0.0,86.4,0.8,0.0,0.0,0.0,15795.0 MiB,5846.8 MiB,1588.6 MiB,8359.6 MiB,4096.0 MiB,4096.0 MiB,0.0 MiB,13535.8 MiB
Python 3.4.10,nbody.py 50000000,16,1690924316,323512,python,0:18.76,15288,8228,4948,100.0,0.1,282,2,279,1,0,13.5,0.0,0.0,86.5,0.0,0.0,0.0,0.0,15795.0 MiB,5846.8 MiB,1588.6 MiB,8359.6 MiB,4096.0 MiB,4096.0 MiB,0.0 MiB,13535.8 MiB
Python 3.4.10,nbody.py 50000000,17,1690924317,323512,python,0:19.93,15288,8228,4948,100.0,0.1,282,2,279,1,0,13.4,0.8,0.0,85.8,0.0,0.0,0.0,0.0,15795.0 MiB,5846.8 MiB,1588.6 MiB,8359.6 MiB,4096.0 MiB,4096.0 MiB,0.0 MiB,13535.8 MiB
Python 3.4.10,nbody.py 50000000,18,1690924318,323512,python,0:21.09,15288,8228,4948,100.0,0.1,282,2,279,1,0,12.6,0.8,0.0,86.6,0.0,0.0,0.0,0.0,15795.0 MiB,5846.6 MiB,1588.8 MiB,8359.6 MiB,4096.0 MiB,4096.0 MiB,0.0 MiB,13535.6 MiB
Python 3.4.10,nbody.py 50000000,19,1690924319,323512,python,0:22.26,15288,8228,4948,100.0,0.1,282,2,279,1,0,12.1,0.0,0.0,87.9,0.0,0.0,0.0,0.0,15795.0 MiB,5846.6 MiB,1588.8 MiB,8359.6 MiB,4096.0 MiB,4096.0 MiB,0.0 MiB,13535.6 MiB
Python 3.4.10,nbody.py 50000000,20,1690924320,323512,python,0:23.42,15288,8228,4948,100.0,0.1,282,3,278,1,0,12.8,0.0,0.0,87.2,0.0,0.0,0.0,0.0,15795.0 MiB,5846.6 MiB,1588.8 MiB,8359.6 MiB,4096.0 MiB,4096.0 MiB,0.0 MiB,13535.6 MiB
Python 3.4.10,nbody.py 50000000,21,1690924321,323512,python,0:24.59,15288,8228,4948,100.0,0.1,282,2,279,1,0,13.4,0.8,0.0,85.8,0.0,0.0,0.0,0.0,15795.0 MiB,5846.8 MiB,1588.6 MiB,8359.6 MiB,4096.0 MiB,4096.0 MiB,0.0 MiB,13535.8 MiB
Python 3.4.10,nbody.py 50000000,22,1690924323,323512,python,0:25.75,15288,8228,4948,100.0,0.1,282,2,279,1,0,13.4,0.8,0.0,85.8,0.0,0.0,0.0,0.0,15795.0 MiB,5846.8 MiB,1588.6 MiB,8359.6 MiB,4096.0 MiB,4096.0 MiB,0.0 MiB,13535.8 MiB
Python 3.4.10,nbody.py 50000000,23,1690924324,323512,python,0:26.92,15288,8228,4948,100.0,0.1,282,2,279,1,0,12.7,0.0,0.0,87.3,0.0,0.0,0.0,0.0,15795.0 MiB,5846.6 MiB,1588.8 MiB,8359.6 MiB,4096.0 MiB,4096.0 MiB,0.0 MiB,13535.6 MiB
Python 3.4.10,nbody.py 50000000,24,1690924325,323512,python,0:28.08,15288,8228,4948,100.0,0.1,282,2,279,1,0,14.0,0.8,0.0,85.3,0.0,0.0,0.0,0.0,15795.0 MiB,5846.6 MiB,1588.8 MiB,8359.6 MiB,4096.0 MiB,4096.0 MiB,0.0 MiB,13535.6 MiB
Python 3.4.10,nbody.py 50000000,25,1690924326,323512,python,0:29.25,15288,8228,4948,93.8,0.1,282,2,279,1,0,13.4,0.0,0.0,86.6,0.0,0.0,0.0,0.0,15795.0 MiB,5846.1 MiB,1589.3 MiB,8359.6 MiB,4096.0 MiB,4096.0 MiB,0.0 MiB,13535.1 MiB
Python 3.4.10,nbody.py 50000000,26,1690924327,323512,python,0:30.42,15288,8228,4948,100.0,0.1,282,2,279,1,0,13.4,0.0,0.0,86.6,0.0,0.0,0.0,0.0,15795.0 MiB,5846.1 MiB,1589.3 MiB,8359.6 MiB,4096.0 MiB,4096.0 MiB,0.0 MiB,13535.1 MiB
Python 3.4.10,nbody.py 50000000,27,1690924328,323512,python,0:31.58,15288,8228,4948,100.0,0.1,282,2,279,1,0,12.6,0.8,0.0,86.6,0.0,0.0,0.0,0.0,15795.0 MiB,5846.1 MiB,1589.3 MiB,8359.6 MiB,4096.0 MiB,4096.0 MiB,0.0 MiB,13535.1 MiB
Python 3.4.10,nbody.py 50000000,28,1690924330,323512,python,0:32.75,15288,8228,4948,93.8,0.1,282,2,279,1,0,12.0,0.0,0.0,88.0,0.0,0.0,0.0,0.0,15795.0 MiB,5846.3 MiB,1589.0 MiB,8359.6 MiB,4096.0 MiB,4096.0 MiB,0.0 MiB,13535.4 MiB
Python 3.4.10,nbody.py 50000000,29,1690924331,323512,python,0:33.92,15288,8228,4948,100.0,0.1,282,2,279,1,0,13.4,0.8,0.0,85.8,0.0,0.0,0.0,0.0,15795.0 MiB,5846.3 MiB,1589.0 MiB,8359.6 MiB,4096.0 MiB,4096.0 MiB,0.0 MiB,13535.4 MiB
Python 3.4.10,nbody.py 50000000,30,1690924332,323512,python,0:35.08,15288,8228,4948,93.8,0.1,282,2,279,1,0,13.4,0.0,0.0,86.6,0.0,0.0,0.0,0.0,15795.0 MiB,5846.1 MiB,1589.3 MiB,8359.6 MiB,4096.0 MiB,4096.0 MiB,0.0 MiB,13535.1 MiB
Python 3.4.10,nbody.py 50000000,31,1690924333,323512,python,0:36.25,15288,8228,4948,100.0,0.1,282,2,279,1,0,14.1,0.0,0.0,85.9,0.0,0.0,0.0,0.0,15795.0 MiB,5846.1 MiB,1589.3 MiB,8359.6 MiB,4096.0 MiB,4096.0 MiB,0.0 MiB,13535.1 MiB
Python 3.4.10,nbody.py 50000000,32,1690924334,323512,python,0:37.42,15288,8228,4948,100.0,0.1,282,2,279,1,0,12.5,0.8,0.0,86.7,0.0,0.0,0.0,0.0,15795.0 MiB,5845.9 MiB,1589.5 MiB,8359.6 MiB,4096.0 MiB,4096.0 MiB,0.0 MiB,13534.9 MiB
Python 3.4.10,nbody.py 50000000,33,1690924335,323512,python,0:38.58,15288,8228,4948,93.8,0.1,282,2,279,1,0,13.5,0.0,0.0,86.5,0.0,0.0,0.0,0.0,15795.0 MiB,5845.9 MiB,1589.5 MiB,8359.6 MiB,4096.0 MiB,4096.0 MiB,0.0 MiB,13534.9 MiB
Python 3.4.10,nbody.py 50000000,34,1690924337,323512,python,0:39.75,15288,8228,4948,93.8,0.1,282,2,279,1,0,13.0,0.8,0.0,84.7,1.5,0.0,0.0,0.0,15795.0 MiB,5845.1 MiB,1590.2 MiB,8359.6 MiB,4096.0 MiB,4096.0 MiB,0.0 MiB,13534.2 MiB
Python 3.4.10,nbody.py 50000000,35,1690924338,323512,python,0:40.92,15288,8228,4948,100.0,0.1,282,2,279,1,0,12.8,0.8,0.0,86.4,0.0,0.0,0.0,0.0,15795.0 MiB,5845.4 MiB,1590.0 MiB,8359.7 MiB,4096.0 MiB,4096.0 MiB,0.0 MiB,13534.4 MiB
Python 3.4.10,nbody.py 50000000,36,1690924339,323512,python,0:42.08,15288,8228,4948,100.0,0.1,282,2,279,1,0,13.3,0.8,0.0,85.9,0.0,0.0,0.0,0.0,15795.0 MiB,5845.4 MiB,1590.0 MiB,8359.7 MiB,4096.0 MiB,4096.0 MiB,0.0 MiB,13534.4 MiB
Python 3.4.10,nbody.py 50000000,37,1690924340,323512,python,0:43.25,15288,8228,4948,93.8,0.1,282,2,279,1,0,13.5,0.0,0.0,86.5,0.0,0.0,0.0,0.0,15795.0 MiB,5845.4 MiB,1590.0 MiB,8359.7 MiB,4096.0 MiB,4096.0 MiB,0.0 MiB,13534.4 MiB
Python 3.4.10,nbody.py 50000000,38,1690924341,323512,python,0:44.42,15288,8228,4948,100.0,0.1,282,2,279,1,0,12.6,0.8,0.0,86.6,0.0,0.0,0.0,0.0,15795.0 MiB,5845.1 MiB,1590.2 MiB,8359.7 MiB,4096.0 MiB,4096.0 MiB,0.0 MiB,13534.2 MiB
Python 3.4.10,nbody.py 50000000,39,1690924342,323512,python,0:45.58,15288,8228,4948,100.0,0.1,282,2,279,1,0,13.5,0.0,0.0,86.5,0.0,0.0,0.0,0.0,15795.0 MiB,5845.1 MiB,1590.2 MiB,8359.7 MiB,4096.0 MiB,4096.0 MiB,0.0 MiB,13534.2 MiB
Python 3.4.10,nbody.py 50000000,40,1690924344,323512,python,0:46.75,15288,8228,4948,93.8,0.1,282,2,279,1,0,11.9,0.8,0.0,87.3,0.0,0.0,0.0,0.0,15795.0 MiB,5845.1 MiB,1590.2 MiB,8359.7 MiB,4096.0 MiB,4096.0 MiB,0.0 MiB,13534.2 MiB
Python 3.4.10,nbody.py 50000000,41,1690924345,323512,python,0:47.92,15288,8228,4948,100.0,0.1,282,2,279,1,0,13.3,0.8,0.0,85.9,0.0,0.0,0.0,0.0,15795.0 MiB,5844.9 MiB,1590.4 MiB,8359.7 MiB,4096.0 MiB,4096.0 MiB,0.0 MiB,13534.0 MiB
Python 3.4.10,nbody.py 50000000,42,1690924346,323512,python,0:49.08,15288,8228,4948,100.0,0.1,282,2,279,1,0,12.0,0.8,0.0,87.2,0.0,0.0,0.0,0.0,15795.0 MiB,5844.6 MiB,1590.7 MiB,8359.7 MiB,4096.0 MiB,4096.0 MiB,0.0 MiB,13533.8 MiB
Python 3.4.10,nbody.py 50000000,43,1690924347,323512,python,0:50.25,15288,8228,4948,100.0,0.1,282,2,279,1,0,12.6,0.8,0.0,86.6,0.0,0.0,0.0,0.0,15795.0 MiB,5844.1 MiB,1591.1 MiB,8359.7 MiB,4096.0 MiB,4096.0 MiB,0.0 MiB,13533.3 MiB
Python 3.4.10,nbody.py 50000000,44,1690924348,323512,python,0:51.41,15288,8228,4948,100.0,0.1,282,2,279,1,0,12.6,0.8,0.0,86.6,0.0,0.0,0.0,0.0,15795.0 MiB,5843.9 MiB,1591.4 MiB,8359.7 MiB,4096.0 MiB,4096.0 MiB,0.0 MiB,13533.0 MiB
Python 3.4.10,nbody.py 50000000,45,1690924349,323512,python,0:52.58,15288,8228,4948,100.0,0.1,282,2,279,1,0,13.4,0.0,0.0,86.6,0.0,0.0,0.0,0.0,15795.0 MiB,5843.9 MiB,1591.4 MiB,8359.7 MiB,4096.0 MiB,4096.0 MiB,0.0 MiB,13533.0 MiB
Python 3.4.10,nbody.py 50000000,46,1690924351,323512,python,0:53.74,15288,8228,4948,100.0,0.1,282,3,278,1,0,12.0,0.0,0.0,88.0,0.0,0.0,0.0,0.0,15795.0 MiB,5843.6 MiB,1591.6 MiB,8359.7 MiB,4096.0 MiB,4096.0 MiB,0.0 MiB,13532.8 MiB
Python 3.4.10,nbody.py 50000000,47,1690924352,323512,python,0:54.91,15288,8228,4948,100.0,0.1,282,2,279,1,0,12.5,1.6,0.0,85.9,0.0,0.0,0.0,0.0,15795.0 MiB,5843.4 MiB,1591.9 MiB,8359.7 MiB,4096.0 MiB,4096.0 MiB,0.0 MiB,13532.6 MiB
Python 3.4.10,nbody.py 50000000,48,1690924353,323512,python,0:56.08,15288,8228,4948,100.0,0.1,282,2,279,1,0,12.6,1.6,0.0,85.8,0.0,0.0,0.0,0.0,15795.0 MiB,5843.2 MiB,1592.1 MiB,8359.7 MiB,4096.0 MiB,4096.0 MiB,0.0 MiB,13532.3 MiB
Python 3.4.10,nbody.py 50000000,49,1690924354,323512,python,0:57.24,15288,8228,4948,100.0,0.1,282,2,279,1,0,12.7,0.8,0.0,86.5,0.0,0.0,0.0,0.0,15795.0 MiB,5843.2 MiB,1592.1 MiB,8359.8 MiB,4096.0 MiB,4096.0 MiB,0.0 MiB,13532.3 MiB
Python 3.4.10,nbody.py 50000000,50,1690924355,323512,python,0:58.41,15288,8228,4948,100.0,0.1,282,2,279,1,0,13.4,0.8,0.0,85.8,0.0,0.0,0.0,0.0,15795.0 MiB,5843.9 MiB,1591.3 MiB,8359.8 MiB,4096.0 MiB,4096.0 MiB,0.0 MiB,13533.1 MiB
Python 3.4.10,nbody.py 50000000,51,1690924356,323512,python,0:59.57,15288,8228,4948,100.0,0.1,282,2,279,1,0,13.3,0.8,0.0,85.9,0.0,0.0,0.0,0.0,15795.0 MiB,5843.6 MiB,1591.6 MiB,8359.8 MiB,4096.0 MiB,4096.0 MiB,0.0 MiB,13532.8 MiB
Python 3.4.10,nbody.py 50000000,52,1690924358,323512,python,1:00.74,15288,8228,4948,100.0,0.1,282,2,279,1,0,12.6,0.8,0.0,85.8,0.8,0.0,0.0,0.0,15795.0 MiB,5843.6 MiB,1591.6 MiB,8359.8 MiB,4096.0 MiB,4096.0 MiB,0.0 MiB,13532.8 MiB
Python 3.4.10,nbody.py 50000000,53,1690924359,323512,python,1:01.91,15288,8228,4948,100.0,0.1,282,2,279,1,0,12.8,0.0,0.0,87.2,0.0,0.0,0.0,0.0,15795.0 MiB,5843.6 MiB,1591.6 MiB,8359.8 MiB,4096.0 MiB,4096.0 MiB,0.0 MiB,13532.8 MiB
Python 3.4.10,nbody.py 50000000,54,1690924360,323512,python,1:03.07,15288,8228,4948,100.0,0.1,282,2,279,1,0,12.6,0.8,0.0,86.6,0.0,0.0,0.0,0.0,15795.0 MiB,5847.6 MiB,1586.0 MiB,8361.3 MiB,4096.0 MiB,4096.0 MiB,0.0 MiB,13538.4 MiB
Python 3.4.10,nbody.py 50000000,55,1690924361,323512,python,1:04.23,15288,8228,4948,93.8,0.1,282,2,279,1,0,12.7,0.8,0.0,86.5,0.0,0.0,0.0,0.0,15795.0 MiB,5847.6 MiB,1586.0 MiB,8361.3 MiB,4096.0 MiB,4096.0 MiB,0.0 MiB,13538.4 MiB
Python 3.4.10,nbody.py 50000000,56,1690924362,323512,python,1:05.40,15288,8228,4948,100.0,0.1,282,2,279,1,0,13.3,0.8,0.0,85.9,0.0,0.0,0.0,0.0,15795.0 MiB,5846.9 MiB,1586.8 MiB,8361.3 MiB,4096.0 MiB,4096.0 MiB,0.0 MiB,13537.6 MiB
Python 3.4.10,nbody.py 50000000,57,1690924363,323512,python,1:06.57,15288,8228,4948,100.0,0.1,282,2,279,1,0,12.6,0.8,0.0,86.6,0.0,0.0,0.0,0.0,15795.0 MiB,5847.4 MiB,1586.3 MiB,8361.3 MiB,4096.0 MiB,4096.0 MiB,0.0 MiB,13538.1 MiB
Python 3.4.10,nbody.py 50000000,58,1690924365,323512,python,1:07.73,15288,8228,4948,93.8,0.1,282,2,279,1,0,13.4,0.0,0.0,85.8,0.8,0.0,0.0,0.0,15795.0 MiB,5847.4 MiB,1586.3 MiB,8361.4 MiB,4096.0 MiB,4096.0 MiB,0.0 MiB,13538.1 MiB
Python 3.4.10,nbody.py 50000000,59,1690924366,323512,python,1:08.90,15288,8228,4948,100.0,0.1,282,2,279,1,0,12.6,0.8,0.0,86.6,0.0,0.0,0.0,0.0,15795.0 MiB,5847.6 MiB,1586.0 MiB,8361.4 MiB,4096.0 MiB,4096.0 MiB,0.0 MiB,13538.4 MiB
Python 3.4.10,nbody.py 50000000,60,1690924367,323512,python,1:10.07,15288,8228,4948,100.0,0.1,282,2,279,1,0,12.6,0.8,0.0,86.6,0.0,0.0,0.0,0.0,15795.0 MiB,5847.4 MiB,1586.2 MiB,8361.4 MiB,4096.0 MiB,4096.0 MiB,0.0 MiB,13538.2 MiB
Python 3.4.10,nbody.py 50000000,61,1690924368,323512,python,1:11.23,15288,8228,4948,93.8,0.1,282,2,279,1,0,13.4,0.0,0.0,86.6,0.0,0.0,0.0,0.0,15795.0 MiB,5848.1 MiB,1585.5 MiB,8361.4 MiB,4096.0 MiB,4096.0 MiB,0.0 MiB,13538.9 MiB
Python 3.4.10,nbody.py 50000000,62,1690924369,323512,python,1:12.40,15288,8228,4948,100.0,0.1,282,2,279,1,0,13.3,0.8,0.0,85.9,0.0,0.0,0.0,0.0,15795.0 MiB,5847.9 MiB,1585.8 MiB,8361.4 MiB,4096.0 MiB,4096.0 MiB,0.0 MiB,13538.7 MiB
Python 3.4.10,nbody.py 50000000,63,1690924370,323512,python,1:13.56,15288,8228,4948,93.8,0.1,282,2,279,1,0,12.6,0.8,0.0,86.6,0.0,0.0,0.0,0.0,15795.0 MiB,5847.9 MiB,1585.7 MiB,8361.4 MiB,4096.0 MiB,4096.0 MiB,0.0 MiB,13538.7 MiB
Python 3.4.10,nbody.py 50000000,64,1690924371,323512,python,1:14.73,15288,8228,4948,100.0,0.1,282,2,279,1,0,13.3,0.8,0.0,85.9,0.0,0.0,0.0,0.0,15795.0 MiB,5847.9 MiB,1585.7 MiB,8361.4 MiB,4096.0 MiB,4096.0 MiB,0.0 MiB,13538.7 MiB
Python 3.4.10,nbody.py 50000000,65,1690924373,323512,python,1:15.89,15288,8228,4948,93.8,0.1,282,2,279,1,0,12.7,0.0,0.0,87.3,0.0,0.0,0.0,0.0,15795.0 MiB,5847.6 MiB,1586.0 MiB,8361.4 MiB,4096.0 MiB,4096.0 MiB,0.0 MiB,13538.4 MiB
Python 3.4.10,nbody.py 50000000,66,1690924374,323512,python,1:17.06,15288,8228,4948,93.8,0.1,282,2,279,1,0,14.0,0.8,0.0,85.3,0.0,0.0,0.0,0.0,15795.0 MiB,5847.6 MiB,1586.0 MiB,8361.4 MiB,4096.0 MiB,4096.0 MiB,0.0 MiB,13538.4 MiB
Python 3.4.10,nbody.py 50000000,67,1690924375,323512,python,1:18.23,15288,8228,4948,100.0,0.1,282,2,279,1,0,12.7,0.0,0.0,87.3,0.0,0.0,0.0,0.0,15795.0 MiB,5847.4 MiB,1586.2 MiB,8361.4 MiB,4096.0 MiB,4096.0 MiB,0.0 MiB,13538.2 MiB
Python 3.4.10,nbody.py 50000000,68,1690924376,323512,python,1:19.39,15288,8228,4948,93.8,0.1,282,2,279,1,0,13.3,1.6,0.0,85.2,0.0,0.0,0.0,0.0,15795.0 MiB,5846.9 MiB,1586.7 MiB,8361.4 MiB,4096.0 MiB,4096.0 MiB,0.0 MiB,13537.7 MiB
Python 3.4.10,nbody.py 50000000,69,1690924377,323512,python,1:20.57,15288,8228,4948,100.0,0.1,282,2,279,1,0,12.4,0.8,0.0,86.8,0.0,0.0,0.0,0.0,15795.0 MiB,5846.6 MiB,1586.9 MiB,8361.4 MiB,4096.0 MiB,4096.0 MiB,0.0 MiB,13537.5 MiB
Python 3.4.10,nbody.py 50000000,70,1690924378,323512,python,1:21.73,15288,8228,4948,93.8,0.1,282,2,279,1,0,12.6,0.8,0.0,86.6,0.0,0.0,0.0,0.0,15795.0 MiB,5846.6 MiB,1586.9 MiB,8361.4 MiB,4096.0 MiB,4096.0 MiB,0.0 MiB,13537.5 MiB
Python 3.4.10,nbody.py 50000000,71,1690924380,323512,python,1:22.90,15288,8228,4948,100.0,0.1,282,2,279,1,0,13.3,0.8,0.0,85.9,0.0,0.0,0.0,0.0,15795.0 MiB,5846.6 MiB,1587.1 MiB,8361.3 MiB,4096.0 MiB,4096.0 MiB,0.0 MiB,13537.5 MiB
Python 3.4.10,nbody.py 50000000,72,1690924381,323512,python,1:24.07,15288,8228,4948,100.0,0.1,282,2,279,1,0,12.6,0.8,0.0,86.6,0.0,0.0,0.0,0.0,15795.0 MiB,5847.1 MiB,1586.6 MiB,8361.3 MiB,4096.0 MiB,4096.0 MiB,0.0 MiB,13538.0 MiB
Python 3.4.10,nbody.py 50000000,73,1690924382,323512,python,1:25.23,15288,8228,4948,100.0,0.1,282,2,279,1,0,13.2,1.6,0.0,85.3,0.0,0.0,0.0,0.0,15795.0 MiB,5846.6 MiB,1587.0 MiB,8361.3 MiB,4096.0 MiB,4096.0 MiB,0.0 MiB,13537.5 MiB
Python 3.4.10,nbody.py 50000000,74,1690924383,323512,python,1:26.40,15288,8228,4948,100.0,0.1,282,2,279,1,0,13.4,0.0,0.0,86.6,0.0,0.0,0.0,0.0,15795.0 MiB,5846.6 MiB,1587.0 MiB,8361.3 MiB,4096.0 MiB,4096.0 MiB,0.0 MiB,13537.5 MiB
Python 3.4.10,nbody.py 50000000,75,1690924384,323512,python,1:27.57,15288,8228,4948,100.0,0.1,282,2,279,1,0,12.7,0.8,0.0,86.5,0.0,0.0,0.0,0.0,15795.0 MiB,5846.6 MiB,1587.0 MiB,8361.3 MiB,4096.0 MiB,4096.0 MiB,0.0 MiB,13537.5 MiB
Python 3.4.10,nbody.py 50000000,76,1690924385,323512,python,1:28.73,15288,8228,4948,100.0,0.1,282,2,279,1,0,12.7,0.0,0.0,87.3,0.0,0.0,0.0,0.0,15795.0 MiB,5846.6 MiB,1587.0 MiB,8361.3 MiB,4096.0 MiB,4096.0 MiB,0.0 MiB,13537.5 MiB
Python 3.4.10,nbody.py 50000000,77,1690924387,323512,python,1:29.90,15288,8228,4948,100.0,0.1,283,2,280,1,0,13.4,0.0,0.0,86.6,0.0,0.0,0.0,0.0,15795.0 MiB,5849.1 MiB,1584.5 MiB,8361.4 MiB,4096.0 MiB,4096.0 MiB,0.0 MiB,13540.0 MiB
Python 3.4.10,nbody.py 50000000,78,1690924388,323512,python,1:31.06,15288,8228,4948,93.8,0.1,282,2,279,1,0,12.7,0.8,0.0,86.5,0.0,0.0,0.0,0.0,15795.0 MiB,5847.4 MiB,1586.2 MiB,8361.4 MiB,4096.0 MiB,4096.0 MiB,0.0 MiB,13538.4 MiB
Python 3.4.10,nbody.py 50000000,79,1690924389,323512,python,1:32.23,15288,8228,4948,100.0,0.1,282,2,279,1,0,13.3,0.8,0.0,85.9,0.0,0.0,0.0,0.0,15795.0 MiB,5847.4 MiB,1586.2 MiB,8361.3 MiB,4096.0 MiB,4096.0 MiB,0.0 MiB,13538.4 MiB
Python 3.4.10,nbody.py 50000000,80,1690924390,323512,python,1:33.40,15288,8228,4948,100.0,0.1,282,2,279,1,0,12.7,0.0,0.0,87.3,0.0,0.0,0.0,0.0,15795.0 MiB,5847.7 MiB,1585.9 MiB,8361.4 MiB,4096.0 MiB,4096.0 MiB,0.0 MiB,13538.6 MiB
Python 3.4.10,nbody.py 50000000,81,1690924391,323512,python,1:34.56,15288,8228,4948,93.8,0.1,282,2,279,1,0,12.6,1.6,0.0,85.8,0.0,0.0,0.0,0.0,15795.0 MiB,5847.2 MiB,1586.4 MiB,8361.4 MiB,4096.0 MiB,4096.0 MiB,0.0 MiB,13538.2 MiB
Python 3.4.10,nbody.py 50000000,82,1690924392,323512,python,1:35.73,15288,8228,4948,100.0,0.1,282,2,279,1,0,13.4,0.0,0.0,86.6,0.0,0.0,0.0,0.0,15795.0 MiB,5847.7 MiB,1585.9 MiB,8361.4 MiB,4096.0 MiB,4096.0 MiB,0.0 MiB,13538.7 MiB
Python 3.4.10,nbody.py 50000000,83,1690924394,323512,python,1:36.89,15288,8228,4948,93.8,0.1,282,2,279,1,0,13.3,0.8,0.0,85.9,0.0,0.0,0.0,0.0,15795.0 MiB,5847.5 MiB,1586.1 MiB,8361.4 MiB,4096.0 MiB,4096.0 MiB,0.0 MiB,13538.4 MiB
Python 3.4.10,nbody.py 50000000,84,1690924395,323512,python,1:38.05,15288,8228,4948,100.0,0.1,282,2,279,1,0,12.7,0.0,0.0,87.3,0.0,0.0,0.0,0.0,15795.0 MiB,5847.2 MiB,1586.4 MiB,8361.4 MiB,4096.0 MiB,4096.0 MiB,0.0 MiB,13538.2 MiB
Python 3.4.10,nbody.py 50000000,85,1690924396,323512,python,1:39.22,15288,8228,4948,100.0,0.1,282,2,279,1,0,13.4,0.0,0.0,86.6,0.0,0.0,0.0,0.0,15795.0 MiB,5847.2 MiB,1586.4 MiB,8361.4 MiB,4096.0 MiB,4096.0 MiB,0.0 MiB,13538.2 MiB
Python 3.4.10,nbody.py 50000000,86,1690924397,323512,python,1:40.38,15288,8228,4948,93.8,0.1,282,2,279,1,0,13.4,0.0,0.0,86.6,0.0,0.0,0.0,0.0,15795.0 MiB,5847.2 MiB,1586.4 MiB,8361.4 MiB,4096.0 MiB,4096.0 MiB,0.0 MiB,13538.2 MiB
Python 3.4.10,nbody.py 50000000,87,1690924398,323512,python,1:41.55,15288,8228,4948,100.0,0.1,282,2,279,1,0,14.1,0.0,0.0,85.9,0.0,0.0,0.0,0.0,15795.0 MiB,5847.5 MiB,1586.1 MiB,8361.4 MiB,4096.0 MiB,4096.0 MiB,0.0 MiB,13538.5 MiB
Python 3.4.10,nbody.py 50000000,88,1690924399,323512,python,1:42.72,15288,8228,4948,100.0,0.1,282,2,279,1,0,12.0,0.8,0.0,87.2,0.0,0.0,0.0,0.0,15795.0 MiB,5847.7 MiB,1585.9 MiB,8361.4 MiB,4096.0 MiB,4096.0 MiB,0.0 MiB,13538.7 MiB
Python 3.4.10,nbody.py 50000000,89,1690924401,323512,python,1:43.88,15288,8228,4948,100.0,0.1,282,2,279,1,0,13.4,0.0,0.0,86.6,0.0,0.0,0.0,0.0,15795.0 MiB,5847.9 MiB,1585.6 MiB,8361.4 MiB,4096.0 MiB,4096.0 MiB,0.0 MiB,13539.0 MiB
Python 3.4.10,nbody.py 50000000,90,1690924402,323512,python,1:45.05,15288,8228,4948,100.0,0.1,282,2,279,1,0,12.6,0.8,0.0,86.6,0.0,0.0,0.0,0.0,15795.0 MiB,5848.2 MiB,1585.4 MiB,8361.4 MiB,4096.0 MiB,4096.0 MiB,0.0 MiB,13539.2 MiB
Python 3.4.10,nbody.py 50000000,91,1690924403,323512,python,1:46.22,15288,8228,4948,100.0,0.1,282,2,279,1,0,13.4,0.8,0.0,85.8,0.0,0.0,0.0,0.0,15795.0 MiB,5847.5 MiB,1586.0 MiB,8361.5 MiB,4096.0 MiB,4096.0 MiB,0.0 MiB,13538.5 MiB
Python 3.4.10,nbody.py 50000000,92,1690924404,323512,python,1:47.39,15288,8228,4948,100.0,0.1,282,2,279,1,0,13.0,0.8,0.0,86.3,0.0,0.0,0.0,0.0,15795.0 MiB,5847.5 MiB,1586.0 MiB,8361.5 MiB,4096.0 MiB,4096.0 MiB,0.0 MiB,13538.5 MiB
Python 3.4.10,nbody.py 50000000,93,1690924405,323512,python,1:48.55,15288,8228,4948,100.0,0.1,282,2,279,1,0,12.7,0.8,0.0,86.5,0.0,0.0,0.0,0.0,15795.0 MiB,5847.2 MiB,1586.3 MiB,8361.5 MiB,4096.0 MiB,4096.0 MiB,0.0 MiB,13538.3 MiB
Python 3.4.10,nbody.py 50000000,94,1690924406,323512,python,1:49.72,15288,8228,4948,100.0,0.1,282,2,279,1,0,13.3,1.6,0.0,85.2,0.0,0.0,0.0,0.0,15795.0 MiB,5847.2 MiB,1586.3 MiB,8361.5 MiB,4096.0 MiB,4096.0 MiB,0.0 MiB,13538.3 MiB
Python 3.4.10,nbody.py 50000000,95,1690924408,323512,python,1:50.88,15288,8228,4948,93.8,0.1,282,2,279,1,0,12.6,0.8,0.0,86.6,0.0,0.0,0.0,0.0,15795.0 MiB,5847.2 MiB,1586.3 MiB,8361.5 MiB,4096.0 MiB,4096.0 MiB,0.0 MiB,13538.3 MiB
Python 3.4.10,nbody.py 50000000,96,1690924409,323512,python,1:52.05,15288,8228,4948,100.0,0.1,282,2,279,1,0,12.5,1.6,0.0,85.9,0.0,0.0,0.0,0.0,15795.0 MiB,5847.2 MiB,1586.3 MiB,8361.5 MiB,4096.0 MiB,4096.0 MiB,0.0 MiB,13538.3 MiB
Python 3.4.10,nbody.py 50000000,97,1690924410,323512,python,1:53.22,15288,8228,4948,100.0,0.1,282,2,279,1,0,13.3,0.8,0.0,85.9,0.0,0.0,0.0,0.0,15795.0 MiB,5847.2 MiB,1586.3 MiB,8361.5 MiB,4096.0 MiB,4096.0 MiB,0.0 MiB,13538.3 MiB
Python 3.4.10,nbody.py 50000000,98,1690924411,323512,python,1:54.38,15288,8228,4948,100.0,0.1,282,2,279,1,0,13.3,0.8,0.0,85.9,0.0,0.0,0.0,0.0,15795.0 MiB,5847.2 MiB,1586.2 MiB,8361.5 MiB,4096.0 MiB,4096.0 MiB,0.0 MiB,13538.3 MiB
Python 3.4.10,nbody.py 50000000,99,1690924412,323512,python,1:55.55,15288,8228,4948,100.0,0.1,282,2,279,1,0,12.7,0.0,0.0,87.3,0.0,0.0,0.0,0.0,15795.0 MiB,5847.5 MiB,1586.0 MiB,8361.5 MiB,4096.0 MiB,4096.0 MiB,0.0 MiB,13538.6 MiB
Python 3.4.10,nbody.py 50000000,100,1690924413,323512,python,1:56.72,15288,8228,4948,100.0,0.1,282,2,279,1,0,13.3,0.8,0.0,85.9,0.0,0.0,0.0,0.0,15795.0 MiB,5847.5 MiB,1586.0 MiB,8361.5 MiB,4096.0 MiB,4096.0 MiB,0.0 MiB,13538.6 MiB
Python 3.4.10,nbody.py 50000000,101,1690924415,323512,python,1:57.88,15288,8228,4948,100.0,0.1,282,2,279,1,0,13.4,0.8,0.0,85.8,0.0,0.0,0.0,0.0,15795.0 MiB,5847.5 MiB,1586.0 MiB,8361.5 MiB,4096.0 MiB,4096.0 MiB,0.0 MiB,13538.6 MiB
Python 3.4.10,nbody.py 50000000,102,1690924416,323512,python,1:59.05,15288,8228,4948,93.8,0.1,282,2,279,1,0,12.7,0.0,0.0,87.3,0.0,0.0,0.0,0.0,15795.0 MiB,5847.0 MiB,1586.3 MiB,8361.6 MiB,4096.0 MiB,4096.0 MiB,0.0 MiB,13538.2 MiB
Python 3.4.10,nbody.py 50000000,103,1690924417,323512,python,2:00.22,15288,8228,4948,100.0,0.1,282,2,279,1,0,12.7,0.0,0.0,87.3,0.0,0.0,0.0,0.0,15795.0 MiB,5846.5 MiB,1586.8 MiB,8361.6 MiB,4096.0 MiB,4096.0 MiB,0.0 MiB,13537.7 MiB
Python 3.4.10,nbody.py 50000000,104,1690924418,323512,python,2:01.38,15288,8228,4948,100.0,0.1,282,2,279,1,0,12.6,0.8,0.0,85.8,0.8,0.0,0.0,0.0,15795.0 MiB,5846.3 MiB,1587.1 MiB,8361.7 MiB,4096.0 MiB,4096.0 MiB,0.0 MiB,13537.4 MiB
Python 3.4.10,nbody.py 50000000,105,1690924419,323512,python,2:02.55,15288,8228,4948,100.0,0.1,282,2,279,1,0,13.3,0.8,0.0,85.9,0.0,0.0,0.0,0.0,15795.0 MiB,5846.3 MiB,1587.1 MiB,8361.7 MiB,4096.0 MiB,4096.0 MiB,0.0 MiB,13537.5 MiB
Python 3.4.10,nbody.py 50000000,106,1690924420,323512,python,2:03.71,15288,8228,4948,100.0,0.1,282,2,279,1,0,12.7,0.0,0.0,87.3,0.0,0.0,0.0,0.0,15795.0 MiB,5846.3 MiB,1587.0 MiB,8361.7 MiB,4096.0 MiB,4096.0 MiB,0.0 MiB,13537.5 MiB
Python 3.4.10,nbody.py 50000000,107,1690924422,323512,python,2:04.88,15288,8228,4948,100.0,0.1,282,2,279,1,0,12.7,0.8,0.0,86.5,0.0,0.0,0.0,0.0,15795.0 MiB,5846.3 MiB,1587.0 MiB,8361.7 MiB,4096.0 MiB,4096.0 MiB,0.0 MiB,13537.5 MiB
Python 3.4.10,nbody.py 50000000,108,1690924423,323512,python,2:06.04,15288,8228,4948,93.8,0.1,282,2,279,1,0,12.6,0.8,0.0,86.6,0.0,0.0,0.0,0.0,15795.0 MiB,5846.3 MiB,1587.0 MiB,8361.7 MiB,4096.0 MiB,4096.0 MiB,0.0 MiB,13537.5 MiB
Python 3.4.10,nbody.py 50000000,109,1690924424,323512,python,2:07.21,15288,8228,4948,100.0,0.1,282,2,279,1,0,13.4,0.0,0.0,86.6,0.0,0.0,0.0,0.0,15795.0 MiB,5846.3 MiB,1587.0 MiB,8361.7 MiB,4096.0 MiB,4096.0 MiB,0.0 MiB,13537.5 MiB
Python 3.4.10,nbody.py 50000000,110,1690924425,323512,python,2:08.38,15288,8228,4948,100.0,0.1,282,2,279,1,0,12.5,0.8,0.0,86.7,0.0,0.0,0.0,0.0,15795.0 MiB,5846.3 MiB,1587.0 MiB,8361.7 MiB,4096.0 MiB,4096.0 MiB,0.0 MiB,13537.5 MiB
Python 3.4.10,nbody.py 50000000,111,1690924426,323512,python,2:09.54,15288,8228,4948,100.0,0.1,282,2,279,1,0,12.6,0.8,0.0,86.6,0.0,0.0,0.0,0.0,15795.0 MiB,5846.3 MiB,1587.0 MiB,8361.7 MiB,4096.0 MiB,4096.0 MiB,0.0 MiB,13537.5 MiB
Python 3.4.10,nbody.py 50000000,112,1690924427,323512,python,2:10.71,15288,8228,4948,100.0,0.1,282,2,279,1,0,13.2,0.8,0.0,86.0,0.0,0.0,0.0,0.0,15795.0 MiB,5846.3 MiB,1587.0 MiB,8361.7 MiB,4096.0 MiB,4096.0 MiB,0.0 MiB,13537.6 MiB
Python 3.4.10,nbody.py 50000000,113,1690924429,323512,python,2:11.87,15288,8228,4948,93.8,0.1,282,2,279,1,0,13.4,0.0,0.0,86.6,0.0,0.0,0.0,0.0,15795.0 MiB,5846.3 MiB,1587.0 MiB,8361.7 MiB,4096.0 MiB,4096.0 MiB,0.0 MiB,13537.6 MiB
Python 3.4.10,nbody.py 50000000,114,1690924430,323512,python,2:13.04,15288,8228,4948,100.0,0.1,282,2,279,1,0,11.9,0.8,0.0,86.5,0.8,0.0,0.0,0.0,15795.0 MiB,5846.0 MiB,1587.2 MiB,8361.7 MiB,4096.0 MiB,4096.0 MiB,0.0 MiB,13537.3 MiB
Python 3.4.10,nbody.py 50000000,115,1690924431,323512,python,2:14.21,15288,8228,4948,100.0,0.1,282,2,279,1,0,13.8,0.8,0.0,85.4,0.0,0.0,0.0,0.0,15795.0 MiB,5846.0 MiB,1587.2 MiB,8361.7 MiB,4096.0 MiB,4096.0 MiB,0.0 MiB,13537.4 MiB
Python 3.4.10,nbody.py 50000000,116,1690924432,323512,python,2:15.37,15288,8228,4948,93.8,0.1,282,2,279,1,0,13.4,0.0,0.0,86.6,0.0,0.0,0.0,0.0,15795.0 MiB,5845.8 MiB,1587.5 MiB,8361.7 MiB,4096.0 MiB,4096.0 MiB,0.0 MiB,13537.1 MiB
Python 3.4.10,nbody.py 50000000,117,1690924433,323512,python,2:16.54,15288,8228,4948,100.0,0.1,282,2,279,1,0,13.4,0.0,0.0,86.6,0.0,0.0,0.0,0.0,15795.0 MiB,5845.8 MiB,1587.4 MiB,8361.8 MiB,4096.0 MiB,4096.0 MiB,0.0 MiB,13537.1 MiB
Python 3.4.10,nbody.py 50000000,118,1690924434,323512,python,2:17.71,15288,8228,4948,100.0,0.1,282,2,279,1,0,12.7,0.0,0.0,86.5,0.8,0.0,0.0,0.0,15795.0 MiB,5845.8 MiB,1587.4 MiB,8361.8 MiB,4096.0 MiB,4096.0 MiB,0.0 MiB,13537.1 MiB
Python 3.4.10,nbody.py 50000000,119,1690924436,323512,python,2:18.87,15288,8228,4948,100.0,0.1,282,2,279,1,0,12.7,0.0,0.0,87.3,0.0,0.0,0.0,0.0,15795.0 MiB,5845.8 MiB,1587.4 MiB,8361.8 MiB,4096.0 MiB,4096.0 MiB,0.0 MiB,13537.1 MiB
Python 3.4.10,nbody.py 50000000,120,1690924437,323512,python,2:20.04,15288,8228,4948,100.0,0.1,282,2,279,1,0,12.8,0.0,0.0,87.2,0.0,0.0,0.0,0.0,15795.0 MiB,5845.5 MiB,1587.7 MiB,8361.8 MiB,4096.0 MiB,4096.0 MiB,0.0 MiB,13536.9 MiB
Python 3.4.10,nbody.py 50000000,121,1690924438,323512,python,2:21.21,15288,8228,4948,100.0,0.1,282,2,279,1,0,12.6,1.6,0.0,85.8,0.0,0.0,0.0,0.0,15795.0 MiB,5845.5 MiB,1587.7 MiB,8361.8 MiB,4096.0 MiB,4096.0 MiB,0.0 MiB,13536.9 MiB
Python 3.4.10,nbody.py 50000000,122,1690924439,323512,python,2:22.37,15288,8228,4948,100.0,0.1,282,2,279,1,0,12.7,0.0,0.0,87.3,0.0,0.0,0.0,0.0,15795.0 MiB,5845.3 MiB,1587.9 MiB,8361.8 MiB,4096.0 MiB,4096.0 MiB,0.0 MiB,13536.7 MiB
Python 3.4.10,nbody.py 50000000,123,1690924440,323512,python,2:23.54,15288,8228,4948,100.0,0.1,282,2,279,1,0,13.3,0.8,0.0,85.9,0.0,0.0,0.0,0.0,15795.0 MiB,5845.3 MiB,1587.9 MiB,8361.8 MiB,4096.0 MiB,4096.0 MiB,0.0 MiB,13536.7 MiB
Python 3.4.10,nbody.py 50000000,124,1690924441,323512,python,2:24.70,15288,8228,4948,93.8,0.1,282,2,279,1,0,12.8,0.0,0.0,87.2,0.0,0.0,0.0,0.0,15795.0 MiB,5845.5 MiB,1587.6 MiB,8361.8 MiB,4096.0 MiB,4096.0 MiB,0.0 MiB,13536.9 MiB
Python 3.4.10,nbody.py 50000000,125,1690924443,323512,python,2:25.87,15288,8228,4948,100.0,0.1,282,2,279,1,0,12.6,0.8,0.0,86.6,0.0,0.0,0.0,0.0,15795.0 MiB,5846.0 MiB,1587.1 MiB,8361.8 MiB,4096.0 MiB,4096.0 MiB,0.0 MiB,13537.4 MiB
Python 3.4.10,nbody.py 50000000,126,1690924444,323512,python,2:27.04,15288,8228,4948,100.0,0.1,282,2,279,1,0,13.1,0.8,0.0,86.2,0.0,0.0,0.0,0.0,15795.0 MiB,5845.5 MiB,1587.6 MiB,8361.8 MiB,4096.0 MiB,4096.0 MiB,0.0 MiB,13536.9 MiB
Python 3.4.10,nbody.py 50000000,127,1690924445,323512,python,2:28.21,15288,8228,4948,100.0,0.1,282,2,279,1,0,12.7,0.8,0.0,86.5,0.0,0.0,0.0,0.0,15795.0 MiB,5845.6 MiB,1587.6 MiB,8361.8 MiB,4096.0 MiB,4096.0 MiB,0.0 MiB,13536.9 MiB
Python 3.4.10,nbody.py 50000000,128,1690924446,323512,python,2:29.37,15288,8228,4948,93.8,0.1,282,2,279,1,0,12.6,0.8,0.0,86.6,0.0,0.0,0.0,0.0,15795.0 MiB,5846.3 MiB,1586.9 MiB,8361.8 MiB,4096.0 MiB,4096.0 MiB,0.0 MiB,13537.7 MiB
Python 3.4.10,nbody.py 50000000,129,1690924447,323512,python,2:30.54,15288,8228,4948,100.0,0.1,282,2,279,1,0,12.0,0.0,0.0,88.0,0.0,0.0,0.0,0.0,15795.0 MiB,5846.3 MiB,1586.9 MiB,8361.8 MiB,4096.0 MiB,4096.0 MiB,0.0 MiB,13537.7 MiB
Python 3.4.10,nbody.py 50000000,130,1690924448,323512,python,2:31.71,15288,8228,4948,100.0,0.1,282,2,279,1,0,12.5,1.6,0.0,85.9,0.0,0.0,0.0,0.0,15795.0 MiB,5846.3 MiB,1586.9 MiB,8361.8 MiB,4096.0 MiB,4096.0 MiB,0.0 MiB,13537.7 MiB
Python 3.4.10,nbody.py 50000000,131,1690924450,323512,python,2:32.87,15288,8228,4948,100.0,0.1,282,2,279,1,0,13.4,0.8,0.0,85.8,0.0,0.0,0.0,0.0,15795.0 MiB,5846.3 MiB,1586.9 MiB,8361.8 MiB,4096.0 MiB,4096.0 MiB,0.0 MiB,13537.7 MiB
Python 3.4.10,nbody.py 50000000,132,1690924451,323512,python,2:34.04,15288,8228,4948,100.0,0.1,282,2,279,1,0,13.3,0.8,0.0,85.9,0.0,0.0,0.0,0.0,15795.0 MiB,5846.5 MiB,1586.6 MiB,8361.8 MiB,4096.0 MiB,4096.0 MiB,0.0 MiB,13538.0 MiB
Python 3.4.10,nbody.py 50000000,133,1690924452,323512,python,2:35.20,15288,8228,4948,93.8,0.1,282,2,279,1,0,12.8,0.0,0.0,87.2,0.0,0.0,0.0,0.0,15795.0 MiB,5846.3 MiB,1586.9 MiB,8361.8 MiB,4096.0 MiB,4096.0 MiB,0.0 MiB,13537.7 MiB
Python 3.4.10,nbody.py 50000000,134,1690924453,323512,python,2:36.37,15288,8228,4948,100.0,0.1,282,2,279,1,0,12.6,1.6,0.0,85.8,0.0,0.0,0.0,0.0,15795.0 MiB,5846.8 MiB,1586.4 MiB,8361.8 MiB,4096.0 MiB,4096.0 MiB,0.0 MiB,13538.2 MiB
Python 3.4.10,nbody.py 50000000,135,1690924454,323512,python,2:37.53,15288,8228,4948,93.8,0.1,282,2,279,1,0,11.9,0.8,0.0,87.3,0.0,0.0,0.0,0.0,15795.0 MiB,5846.8 MiB,1586.3 MiB,8361.9 MiB,4096.0 MiB,4096.0 MiB,0.0 MiB,13538.2 MiB
Python 3.4.10,nbody.py 50000000,136,1690924455,323512,python,2:38.70,15288,8228,4948,100.0,0.1,282,2,279,1,0,12.7,0.8,0.0,86.5,0.0,0.0,0.0,0.0,15795.0 MiB,5846.8 MiB,1586.3 MiB,8361.9 MiB,4096.0 MiB,4096.0 MiB,0.0 MiB,13538.2 MiB
Python 3.4.10,nbody.py 50000000,137,1690924457,323512,python,2:39.87,15288,8228,4948,100.0,0.1,282,2,279,1,0,12.7,0.0,0.0,87.3,0.0,0.0,0.0,0.0,15795.0 MiB,5846.0 MiB,1587.1 MiB,8361.9 MiB,4096.0 MiB,4096.0 MiB,0.0 MiB,13537.5 MiB
Python 3.4.10,nbody.py 50000000,138,1690924458,323512,python,2:41.03,15288,8228,4948,93.8,0.1,282,2,279,1,0,12.5,0.8,0.0,86.7,0.0,0.0,0.0,0.0,15795.0 MiB,5845.8 MiB,1587.3 MiB,8361.9 MiB,4096.0 MiB,4096.0 MiB,0.0 MiB,13537.2 MiB
Python 3.4.10,nbody.py 50000000,139,1690924459,323512,python,2:42.20,15288,8228,4948,100.0,0.1,282,2,279,1,0,12.6,0.8,0.0,86.6,0.0,0.0,0.0,0.0,15795.0 MiB,5845.8 MiB,1587.3 MiB,8361.9 MiB,4096.0 MiB,4096.0 MiB,0.0 MiB,13537.3 MiB
Python 3.4.10,nbody.py 50000000,140,1690924460,323512,python,2:43.37,15288,8228,4948,100.0,0.1,282,2,279,1,0,13.5,0.0,0.0,86.5,0.0,0.0,0.0,0.0,15795.0 MiB,5845.6 MiB,1587.5 MiB,8361.9 MiB,4096.0 MiB,4096.0 MiB,0.0 MiB,13537.0 MiB
Python 3.4.10,nbody.py 50000000,141,1690924461,323512,python,2:44.53,15288,8228,4948,93.8,0.1,282,2,279,1,0,13.3,0.8,0.0,85.9,0.0,0.0,0.0,0.0,15795.0 MiB,5845.6 MiB,1587.5 MiB,8361.9 MiB,4096.0 MiB,4096.0 MiB,0.0 MiB,13537.0 MiB
Python 3.4.10,nbody.py 50000000,142,1690924462,323512,python,2:45.70,15288,8228,4948,100.0,0.1,282,2,279,1,0,12.7,0.0,0.0,87.3,0.0,0.0,0.0,0.0,15795.0 MiB,5845.3 MiB,1587.8 MiB,8361.9 MiB,4096.0 MiB,4096.0 MiB,0.0 MiB,13536.8 MiB
Python 3.4.10,nbody.py 50000000,143,1690924464,323512,python,2:46.86,15288,8228,4948,93.8,0.1,282,2,279,1,0,12.7,0.8,0.0,86.5,0.0,0.0,0.0,0.0,15795.0 MiB,5845.3 MiB,1587.8 MiB,8361.9 MiB,4096.0 MiB,4096.0 MiB,0.0 MiB,13536.8 MiB
Python 3.4.10,nbody.py 50000000,144,1690924465,323512,python,2:48.03,15288,8228,4948,100.0,0.1,282,3,278,1,0,12.6,0.8,0.0,86.6,0.0,0.0,0.0,0.0,15795.0 MiB,5845.3 MiB,1587.8 MiB,8361.9 MiB,4096.0 MiB,4096.0 MiB,0.0 MiB,13536.8 MiB
Python 3.4.10,nbody.py 50000000,145,1690924466,323512,python,2:49.20,15288,8228,4948,100.0,0.1,282,2,279,1,0,13.3,0.8,0.0,85.9,0.0,0.0,0.0,0.0,15795.0 MiB,5845.3 MiB,1587.8 MiB,8361.9 MiB,4096.0 MiB,4096.0 MiB,0.0 MiB,13536.8 MiB
Python 3.4.10,nbody.py 50000000,146,1690924467,323512,python,2:50.36,15288,8228,4948,93.8,0.1,282,2,279,1,0,12.7,0.0,0.0,87.3,0.0,0.0,0.0,0.0,15795.0 MiB,5845.3 MiB,1587.7 MiB,8361.9 MiB,4096.0 MiB,4096.0 MiB,0.0 MiB,13536.8 MiB
Python 3.4.10,nbody.py 50000000,147,1690924468,323512,python,2:51.53,15288,8228,4948,100.0,0.1,282,2,279,1,0,13.2,1.6,0.0,85.3,0.0,0.0,0.0,0.0,15795.0 MiB,5845.3 MiB,1587.7 MiB,8361.9 MiB,4096.0 MiB,4096.0 MiB,0.0 MiB,13536.8 MiB
Python 3.4.10,nbody.py 50000000,148,1690924469,323512,python,2:52.70,15288,8228,4948,100.0,0.1,282,2,279,1,0,12.6,0.8,0.0,86.6,0.0,0.0,0.0,0.0,15795.0 MiB,5845.3 MiB,1587.7 MiB,8361.9 MiB,4096.0 MiB,4096.0 MiB,0.0 MiB,13536.8 MiB
Python 3.4.10,nbody.py 50000000,149,1690924471,323512,python,2:53.86,15288,8228,4948,93.8,0.1,282,2,279,1,0,12.7,0.0,0.0,87.3,0.0,0.0,0.0,0.0,15795.0 MiB,5845.6 MiB,1587.5 MiB,8361.9 MiB,4096.0 MiB,4096.0 MiB,0.0 MiB,13537.1 MiB
Python 3.4.10,nbody.py 50000000,150,1690924472,323512,python,2:55.03,15288,8228,4948,100.0,0.1,282,2,279,1,0,12.6,0.8,0.0,86.6,0.0,0.0,0.0,0.0,15795.0 MiB,5845.6 MiB,1587.5 MiB,8362.0 MiB,4096.0 MiB,4096.0 MiB,0.0 MiB,13537.1 MiB
Python 3.4.10,nbody.py 50000000,151,1690924473,323512,python,2:56.19,15288,8228,4948,93.8,0.1,281,2,278,1,0,12.7,0.8,0.0,86.5,0.0,0.0,0.0,0.0,15795.0 MiB,5845.6 MiB,1587.5 MiB,8362.0 MiB,4096.0 MiB,4096.0 MiB,0.0 MiB,13537.1 MiB
Python 3.4.10,nbody.py 50000000,152,1690924474,323512,python,2:57.36,15288,8228,4948,100.0,0.1,281,2,278,1,0,13.4,0.0,0.0,86.6,0.0,0.0,0.0,0.0,15795.0 MiB,5845.6 MiB,1587.5 MiB,8362.0 MiB,4096.0 MiB,4096.0 MiB,0.0 MiB,13537.1 MiB
Python 3.4.10,nbody.py 50000000,153,1690924475,323512,python,2:58.52,15288,8228,4948,93.8,0.1,281,2,278,1,0,12.7,0.0,0.0,87.3,0.0,0.0,0.0,0.0,15795.0 MiB,5845.8 MiB,1587.2 MiB,8362.0 MiB,4096.0 MiB,4096.0 MiB,0.0 MiB,13537.4 MiB
Python 3.4.10,nbody.py 50000000,154,1690924476,323512,python,2:59.69,15288,8228,4948,93.8,0.1,281,2,278,1,0,12.6,0.8,0.0,85.8,0.0,0.0,0.8,0.0,15795.0 MiB,5845.6 MiB,1587.4 MiB,8362.0 MiB,4096.0 MiB,4096.0 MiB,0.0 MiB,13537.1 MiB
Python 3.4.10,nbody.py 50000000,155,1690924478,323512,python,3:00.86,15288,8228,4948,100.0,0.1,281,2,278,1,0,11.8,0.8,0.0,87.4,0.0,0.0,0.0,0.0,15795.0 MiB,5845.6 MiB,1587.4 MiB,8362.0 MiB,4096.0 MiB,4096.0 MiB,0.0 MiB,13537.1 MiB
Python 3.4.10,nbody.py 50000000,156,1690924479,323512,python,3:02.02,15288,8228,4948,93.8,0.1,281,2,278,1,0,13.4,0.8,0.0,85.8,0.0,0.0,0.0,0.0,15795.0 MiB,5845.8 MiB,1587.2 MiB,8362.0 MiB,4096.0 MiB,4096.0 MiB,0.0 MiB,13537.4 MiB
Python 3.4.10,nbody.py 50000000,157,1690924480,323512,python,3:03.19,15288,8228,4948,100.0,0.1,281,2,278,1,0,12.6,0.8,0.0,86.6,0.0,0.0,0.0,0.0,15795.0 MiB,5846.0 MiB,1586.9 MiB,8362.0 MiB,4096.0 MiB,4096.0 MiB,0.0 MiB,13537.6 MiB
Python 3.4.10,nbody.py 50000000,158,1690924481,323512,python,3:04.36,15288,8228,4948,100.0,0.1,281,2,278,1,0,13.2,1.6,0.0,85.3,0.0,0.0,0.0,0.0,15795.0 MiB,5846.0 MiB,1586.9 MiB,8362.0 MiB,4096.0 MiB,4096.0 MiB,0.0 MiB,13537.6 MiB
Python 3.4.10,nbody.py 50000000,159,1690924482,323512,python,3:05.52,15288,8228,4948,93.8,0.1,281,2,278,1,0,12.7,0.0,0.0,87.3,0.0,0.0,0.0,0.0,15795.0 MiB,5846.3 MiB,1586.7 MiB,8362.0 MiB,4096.0 MiB,4096.0 MiB,0.0 MiB,13537.9 MiB
Python 3.4.10,nbody.py 50000000,160,1690924483,323512,python,3:06.69,15288,8228,4948,100.0,0.1,281,2,278,1,0,12.7,0.8,0.0,85.7,0.8,0.0,0.0,0.0,15795.0 MiB,5846.5 MiB,1586.4 MiB,8362.0 MiB,4096.0 MiB,4096.0 MiB,0.0 MiB,13538.1 MiB
Python 3.4.10,nbody.py 50000000,161,1690924485,323512,python,3:07.85,15288,8228,4948,93.8,0.1,281,2,278,1,0,12.7,0.0,0.0,87.3,0.0,0.0,0.0,0.0,15795.0 MiB,5846.0 MiB,1586.9 MiB,8362.0 MiB,4096.0 MiB,4096.0 MiB,0.0 MiB,13537.6 MiB
Python 3.4.10,nbody.py 50000000,162,1690924486,323512,python,3:09.02,15288,8228,4948,100.0,0.1,281,2,278,1,0,13.4,0.0,0.0,86.6,0.0,0.0,0.0,0.0,15795.0 MiB,5846.0 MiB,1586.9 MiB,8362.0 MiB,4096.0 MiB,4096.0 MiB,0.0 MiB,13537.6 MiB
Python 3.4.10,nbody.py 50000000,163,1690924487,323512,python,3:10.18,15288,8228,4948,93.8,0.1,281,2,278,1,0,12.6,0.8,0.0,86.6,0.0,0.0,0.0,0.0,15795.0 MiB,5845.8 MiB,1587.1 MiB,8362.0 MiB,4096.0 MiB,4096.0 MiB,0.0 MiB,13537.4 MiB
Python 3.4.10,nbody.py 50000000,164,1690924488,323512,python,3:11.35,15288,8228,4948,93.8,0.1,281,2,278,1,0,13.3,0.8,0.0,85.9,0.0,0.0,0.0,0.0,15795.0 MiB,5846.0 MiB,1586.9 MiB,8362.0 MiB,4096.0 MiB,4096.0 MiB,0.0 MiB,13537.7 MiB
Python 3.4.10,nbody.py 50000000,165,1690924489,323512,python,3:12.52,15288,8228,4948,100.0,0.1,280,2,277,1,0,13.4,0.0,0.0,86.6,0.0,0.0,0.0,0.0,15795.0 MiB,5846.3 MiB,1586.6 MiB,8362.1 MiB,4096.0 MiB,4096.0 MiB,0.0 MiB,13537.9 MiB
Python 3.4.10,nbody.py 50000000,166,1690924490,323512,python,3:13.68,15288,8228,4948,93.8,0.1,280,2,277,1,0,14.1,0.8,0.0,85.2,0.0,0.0,0.0,0.0,15795.0 MiB,5846.3 MiB,1586.6 MiB,8362.1 MiB,4096.0 MiB,4096.0 MiB,0.0 MiB,13537.9 MiB
Python 3.4.10,nbody.py 50000000,167,1690924492,323512,python,3:14.85,15288,8228,4948,100.0,0.1,280,2,277,1,0,11.9,1.6,0.0,86.5,0.0,0.0,0.0,0.0,15795.0 MiB,5846.1 MiB,1586.9 MiB,8362.1 MiB,4096.0 MiB,4096.0 MiB,0.0 MiB,13537.7 MiB
Python 3.4.10,nbody.py 50000000,168,1690924493,323512,python,3:16.02,15288,8228,4948,100.0,0.1,280,2,277,1,0,14.8,0.0,0.0,85.2,0.0,0.0,0.0,0.0,15795.0 MiB,5846.1 MiB,1586.9 MiB,8362.1 MiB,4096.0 MiB,4096.0 MiB,0.0 MiB,13537.7 MiB
Python 3.4.10,nbody.py 50000000,169,1690924494,323512,python,3:17.19,15288,8228,4948,100.0,0.1,280,2,277,1,0,13.6,0.8,0.0,85.6,0.0,0.0,0.0,0.0,15795.0 MiB,5845.3 MiB,1587.6 MiB,8362.1 MiB,4096.0 MiB,4096.0 MiB,0.0 MiB,13537.0 MiB
Python 3.4.10,nbody.py 50000000,170,1690924495,323512,python,3:18.35,15288,8228,4948,93.8,0.1,280,2,277,1,0,12.6,0.8,0.0,86.6,0.0,0.0,0.0,0.0,15795.0 MiB,5844.8 MiB,1588.1 MiB,8362.1 MiB,4096.0 MiB,4096.0 MiB,0.0 MiB,13536.5 MiB
Python 3.4.10,nbody.py 50000000,171,1690924496,323512,python,3:19.52,15288,8228,4948,100.0,0.1,280,2,277,1,0,13.5,0.0,0.0,86.5,0.0,0.0,0.0,0.0,15795.0 MiB,5844.8 MiB,1588.1 MiB,8362.1 MiB,4096.0 MiB,4096.0 MiB,0.0 MiB,13536.5 MiB
Python 3.4.10,nbody.py 50000000,172,1690924497,323512,python,3:20.68,15288,8228,4948,93.8,0.1,280,2,277,1,0,11.9,0.8,0.0,87.3,0.0,0.0,0.0,0.0,15795.0 MiB,5844.8 MiB,1588.1 MiB,8362.1 MiB,4096.0 MiB,4096.0 MiB,0.0 MiB,13536.5 MiB
Python 3.4.10,nbody.py 50000000,173,1690924499,323512,python,3:21.85,15288,8228,4948,100.0,0.1,280,2,277,1,0,13.4,0.8,0.0,85.8,0.0,0.0,0.0,0.0,15795.0 MiB,5844.8 MiB,1588.1 MiB,8362.1 MiB,4096.0 MiB,4096.0 MiB,0.0 MiB,13536.5 MiB
Python 3.4.10,nbody.py 50000000,174,1690924500,323512,python,3:23.01,15288,8228,4948,100.0,0.1,280,2,277,1,0,12.6,1.6,0.0,85.8,0.0,0.0,0.0,0.0,15795.0 MiB,5844.6 MiB,1588.3 MiB,8362.1 MiB,4096.0 MiB,4096.0 MiB,0.0 MiB,13536.3 MiB
Python 3.4.10,nbody.py 50000000,175,1690924501,323512,python,3:24.18,15288,8228,4948,93.8,0.1,280,2,277,1,0,12.5,1.6,0.0,85.9,0.0,0.0,0.0,0.0,15795.0 MiB,5844.6 MiB,1588.3 MiB,8362.1 MiB,4096.0 MiB,4096.0 MiB,0.0 MiB,13536.3 MiB
Python 3.4.10,nbody.py 50000000,176,1690924502,323512,python,3:25.35,15288,8228,4948,100.0,0.1,280,2,277,1,0,13.4,0.0,0.0,86.6,0.0,0.0,0.0,0.0,15795.0 MiB,5844.6 MiB,1588.3 MiB,8362.1 MiB,4096.0 MiB,4096.0 MiB,0.0 MiB,13536.3 MiB
Python 3.4.10,nbody.py 50000000,177,1690924503,323512,python,3:26.51,15288,8228,4948,100.0,0.1,280,2,277,1,0,13.3,0.8,0.0,85.9,0.0,0.0,0.0,0.0,15795.0 MiB,5844.3 MiB,1588.5 MiB,8362.1 MiB,4096.0 MiB,4096.0 MiB,0.0 MiB,13536.1 MiB
Python 3.4.10,nbody.py 50000000,178,1690924504,323512,python,3:27.68,15288,8228,4948,93.8,0.1,280,2,277,1,0,12.6,0.8,0.0,86.6,0.0,0.0,0.0,0.0,15795.0 MiB,5844.3 MiB,1588.5 MiB,8362.2 MiB,4096.0 MiB,4096.0 MiB,0.0 MiB,13536.1 MiB
Python 3.4.10,nbody.py 50000000,179,1690924506,323512,python,3:28.85,15288,8228,4948,100.0,0.1,280,2,277,1,0,13.3,0.8,0.0,85.9,0.0,0.0,0.0,0.0,15795.0 MiB,5844.3 MiB,1588.5 MiB,8362.2 MiB,4096.0 MiB,4096.0 MiB,0.0 MiB,13536.1 MiB
Python 3.4.10,nbody.py 50000000,180,1690924507,323512,python,3:30.01,15288,8228,4948,93.8,0.1,280,2,277,1,0,12.7,0.8,0.0,86.5,0.0,0.0,0.0,0.0,15795.0 MiB,5844.8 MiB,1588.0 MiB,8362.2 MiB,4096.0 MiB,4096.0 MiB,0.0 MiB,13536.6 MiB
Python 3.4.10,nbody.py 50000000,181,1690924508,323512,python,3:31.18,15288,8228,4948,100.0,0.1,280,2,277,1,0,13.4,0.0,0.0,86.6,0.0,0.0,0.0,0.0,15795.0 MiB,5845.1 MiB,1587.7 MiB,8362.2 MiB,4096.0 MiB,4096.0 MiB,0.0 MiB,13536.8 MiB
Python 3.4.10,nbody.py 50000000,182,1690924509,323512,python,3:32.35,15288,8228,4948,100.0,0.1,280,2,277,1,0,12.7,0.0,0.0,87.3,0.0,0.0,0.0,0.0,15795.0 MiB,5845.6 MiB,1587.2 MiB,8362.2 MiB,4096.0 MiB,4096.0 MiB,0.0 MiB,13537.3 MiB
Python 3.4.10,nbody.py 50000000,183,1690924510,323512,python,3:33.51,15288,8228,4948,93.8,0.1,280,2,277,1,0,12.6,0.8,0.0,86.6,0.0,0.0,0.0,0.0,15795.0 MiB,5846.1 MiB,1586.7 MiB,8362.2 MiB,4096.0 MiB,4096.0 MiB,0.0 MiB,13537.8 MiB
Python 3.4.10,nbody.py 50000000,184,1690924511,323512,python,3:34.68,15288,8228,4948,100.0,0.1,280,2,277,1,0,13.4,0.0,0.0,85.8,0.8,0.0,0.0,0.0,15795.0 MiB,5846.1 MiB,1586.7 MiB,8362.2 MiB,4096.0 MiB,4096.0 MiB,0.0 MiB,13537.8 MiB
Python 3.4.10,nbody.py 50000000,185,1690924513,323512,python,3:35.84,15288,8228,4948,93.8,0.1,280,2,277,1,0,12.7,0.8,0.0,86.5,0.0,0.0,0.0,0.0,15795.0 MiB,5846.1 MiB,1586.7 MiB,8362.2 MiB,4096.0 MiB,4096.0 MiB,0.0 MiB,13537.8 MiB
Python 3.4.10,nbody.py 50000000,186,1690924514,323512,python,3:37.01,15288,8228,4948,100.0,0.1,280,2,277,1,0,12.5,1.6,0.0,85.9,0.0,0.0,0.0,0.0,15795.0 MiB,5846.3 MiB,1586.5 MiB,8362.2 MiB,4096.0 MiB,4096.0 MiB,0.0 MiB,13538.1 MiB
Python 3.4.10,nbody.py 50000000,187,1690924515,323512,python,3:38.17,15288,8228,4948,100.0,0.1,280,2,277,1,0,12.6,1.6,0.0,85.8,0.0,0.0,0.0,0.0,15795.0 MiB,5846.3 MiB,1586.5 MiB,8362.2 MiB,4096.0 MiB,4096.0 MiB,0.0 MiB,13538.1 MiB
Python 3.4.10,nbody.py 50000000,188,1690924516,323512,python,3:39.34,15288,8228,4948,93.8,0.1,280,2,277,1,0,12.6,0.8,0.0,86.6,0.0,0.0,0.0,0.0,15795.0 MiB,5846.1 MiB,1586.7 MiB,8362.2 MiB,4096.0 MiB,4096.0 MiB,0.0 MiB,13537.9 MiB
Python 3.4.10,nbody.py 50000000,189,1690924517,323512,python,3:40.51,15288,8228,4948,100.0,0.1,280,2,277,1,0,11.9,0.8,0.0,87.3,0.0,0.0,0.0,0.0,15795.0 MiB,5846.6 MiB,1586.2 MiB,8362.2 MiB,4096.0 MiB,4096.0 MiB,0.0 MiB,13538.4 MiB
Python 3.4.10,nbody.py 50000000,190,1690924518,323512,python,3:41.67,15288,8228,4948,93.8,0.1,280,2,277,1,0,13.3,0.8,0.0,85.9,0.0,0.0,0.0,0.0,15795.0 MiB,5846.6 MiB,1586.1 MiB,8362.2 MiB,4096.0 MiB,4096.0 MiB,0.0 MiB,13538.4 MiB
Python 3.4.10,nbody.py 50000000,191,1690924520,323512,python,3:42.84,15288,8228,4948,93.8,0.1,280,2,277,1,0,12.7,0.8,0.0,86.5,0.0,0.0,0.0,0.0,15795.0 MiB,5846.9 MiB,1585.9 MiB,8362.2 MiB,4096.0 MiB,4096.0 MiB,0.0 MiB,13538.7 MiB
Python 3.4.10,nbody.py 50000000,192,1690924521,323512,python,3:44.01,15288,8228,4948,100.0,0.1,280,2,277,1,0,13.3,0.8,0.0,85.9,0.0,0.0,0.0,0.0,15795.0 MiB,5847.1 MiB,1585.6 MiB,8362.2 MiB,4096.0 MiB,4096.0 MiB,0.0 MiB,13538.9 MiB
Python 3.4.10,nbody.py 50000000,193,1690924522,323512,python,3:45.17,15288,8228,4948,93.8,0.1,280,2,277,1,0,12.0,0.8,0.0,87.2,0.0,0.0,0.0,0.0,15795.0 MiB,5846.9 MiB,1585.9 MiB,8362.2 MiB,4096.0 MiB,4096.0 MiB,0.0 MiB,13538.7 MiB
Python 3.4.10,nbody.py 50000000,194,1690924523,323512,python,3:46.34,15288,8228,4948,100.0,0.1,280,2,277,1,0,12.7,0.8,0.0,86.5,0.0,0.0,0.0,0.0,15795.0 MiB,5847.3 MiB,1585.4 MiB,8362.3 MiB,4096.0 MiB,4096.0 MiB,0.0 MiB,13539.2 MiB
Python 3.4.10,nbody.py 50000000,195,1690924524,323512,python,3:47.51,15288,8228,4948,100.0,0.1,280,2,277,1,0,13.3,0.0,0.0,86.7,0.0,0.0,0.0,0.0,15795.0 MiB,5847.1 MiB,1585.6 MiB,8362.3 MiB,4096.0 MiB,4096.0 MiB,0.0 MiB,13538.9 MiB
Python 3.4.10,nbody.py 50000000,196,1690924525,323512,python,3:48.67,15288,8228,4948,93.8,0.1,280,2,277,1,0,12.8,0.0,0.0,87.2,0.0,0.0,0.0,0.0,15795.0 MiB,5846.9 MiB,1585.9 MiB,8362.3 MiB,4096.0 MiB,4096.0 MiB,0.0 MiB,13538.7 MiB
Python 3.4.10,nbody.py 50000000,197,1690924527,323512,python,3:49.84,15288,8228,4948,93.8,0.1,280,2,277,1,0,12.3,1.5,0.0,86.2,0.0,0.0,0.0,0.0,15795.0 MiB,5846.1 MiB,1586.6 MiB,8362.3 MiB,4096.0 MiB,4096.0 MiB,0.0 MiB,13538.0 MiB
Python 3.4.10,nbody.py 50000000,198,1690924528,323512,python,3:51.01,15288,8228,4948,100.0,0.1,280,2,277,1,0,13.3,0.8,0.0,85.9,0.0,0.0,0.0,0.0,15795.0 MiB,5846.1 MiB,1586.6 MiB,8362.3 MiB,4096.0 MiB,4096.0 MiB,0.0 MiB,13538.0 MiB
Python 3.4.10,nbody.py 50000000,199,1690924529,323512,python,3:52.17,15288,8228,4948,100.0,0.1,280,2,277,1,0,13.3,0.8,0.0,85.9,0.0,0.0,0.0,0.0,15795.0 MiB,5846.4 MiB,1586.3 MiB,8362.3 MiB,4096.0 MiB,4096.0 MiB,0.0 MiB,13538.2 MiB
Python 3.4.10,nbody.py 50000000,200,1690924530,323512,python,3:53.34,15288,8228,4948,100.0,0.1,280,2,277,1,0,13.4,0.8,0.0,85.8,0.0,0.0,0.0,0.0,15795.0 MiB,5846.4 MiB,1586.3 MiB,8362.3 MiB,4096.0 MiB,4096.0 MiB,0.0 MiB,13538.2 MiB
Python 3.4.10,nbody.py 50000000,201,1690924531,323512,python,3:54.50,15288,8228,4948,100.0,0.1,280,2,277,1,0,13.4,0.0,0.0,86.6,0.0,0.0,0.0,0.0,15795.0 MiB,5846.4 MiB,1586.3 MiB,8362.3 MiB,4096.0 MiB,4096.0 MiB,0.0 MiB,13538.3 MiB
Python 3.4.10,nbody.py 50000000,202,1690924532,323512,python,3:55.67,15288,8228,4948,93.8,0.1,280,2,277,1,0,13.3,0.8,0.0,85.9,0.0,0.0,0.0,0.0,15795.0 MiB,5846.6 MiB,1586.1 MiB,8362.3 MiB,4096.0 MiB,4096.0 MiB,0.0 MiB,13538.5 MiB
Python 3.4.10,nbody.py 50000000,203,1690924534,323512,python,3:56.84,15288,8228,4948,100.0,0.1,280,2,277,1,0,12.7,0.0,0.0,87.3,0.0,0.0,0.0,0.0,15795.0 MiB,5846.6 MiB,1586.0 MiB,8362.3 MiB,4096.0 MiB,4096.0 MiB,0.0 MiB,13538.5 MiB
Python 3.4.10,nbody.py 50000000,204,1690924535,323512,python,3:58.00,15288,8228,4948,100.0,0.1,280,2,277,1,0,12.6,0.8,0.0,86.6,0.0,0.0,0.0,0.0,15795.0 MiB,5846.6 MiB,1586.0 MiB,8362.3 MiB,4096.0 MiB,4096.0 MiB,0.0 MiB,13538.5 MiB
Python 3.4.10,nbody.py 50000000,205,1690924536,323512,python,3:59.17,15288,8228,4948,93.8,0.1,280,2,277,1,0,12.7,0.8,0.0,86.5,0.0,0.0,0.0,0.0,15795.0 MiB,5846.9 MiB,1585.8 MiB,8362.3 MiB,4096.0 MiB,4096.0 MiB,0.0 MiB,13538.8 MiB
Python 3.4.10,nbody.py 50000000,206,1690924537,323512,python,4:00.34,15288,8228,4948,100.0,0.1,280,2,277,1,0,12.7,0.8,0.0,86.5,0.0,0.0,0.0,0.0,15795.0 MiB,5847.1 MiB,1585.5 MiB,8362.3 MiB,4096.0 MiB,4096.0 MiB,0.0 MiB,13539.0 MiB
Python 3.4.10,nbody.py 50000000,207,1690924538,323512,python,4:01.50,15288,8228,4948,100.0,0.1,280,2,277,1,0,11.9,1.6,0.0,86.5,0.0,0.0,0.0,0.0,15795.0 MiB,5847.4 MiB,1585.3 MiB,8362.3 MiB,4096.0 MiB,4096.0 MiB,0.0 MiB,13539.3 MiB
Python 3.4.10,nbody.py 50000000,208,1690924539,323512,python,4:02.67,15288,8228,4948,100.0,0.1,280,2,277,1,0,12.6,0.8,0.0,86.6,0.0,0.0,0.0,0.0,15795.0 MiB,5847.1 MiB,1585.5 MiB,8362.3 MiB,4096.0 MiB,4096.0 MiB,0.0 MiB,13539.0 MiB
Python 3.4.10,nbody.py 50000000,209,1690924541,323512,python,4:03.83,15288,8228,4948,100.0,0.1,280,2,277,1,0,12.6,0.8,0.0,86.6,0.0,0.0,0.0,0.0,15795.0 MiB,5847.1 MiB,1585.5 MiB,8362.4 MiB,4096.0 MiB,4096.0 MiB,0.0 MiB,13539.0 MiB
Python 3.4.10,nbody.py 50000000,210,1690924542,323512,python,4:05.00,15288,8228,4948,100.0,0.1,280,2,277,1,0,12.7,0.8,0.0,86.5,0.0,0.0,0.0,0.0,15795.0 MiB,5847.4 MiB,1585.3 MiB,8362.4 MiB,4096.0 MiB,4096.0 MiB,0.0 MiB,13539.3 MiB
Python 3.4.10,nbody.py 50000000,211,1690924543,323512,python,4:06.16,15288,8228,4948,100.0,0.1,280,2,277,1,0,12.6,0.8,0.0,86.6,0.0,0.0,0.0,0.0,15795.0 MiB,5847.1 MiB,1585.5 MiB,8362.4 MiB,4096.0 MiB,4096.0 MiB,0.0 MiB,13539.1 MiB
Python 3.4.10,nbody.py 50000000,212,1690924544,323512,python,4:07.33,15288,8228,4948,93.8,0.1,280,2,277,1,0,13.3,0.8,0.0,85.9,0.0,0.0,0.0,0.0,15795.0 MiB,5847.1 MiB,1585.5 MiB,8362.4 MiB,4096.0 MiB,4096.0 MiB,0.0 MiB,13539.1 MiB
Python 3.4.10,nbody.py 50000000,213,1690924545,323512,python,4:08.50,15288,8228,4948,100.0,0.1,280,2,277,1,0,12.8,0.8,0.0,86.4,0.0,0.0,0.0,0.0,15795.0 MiB,5847.9 MiB,1584.8 MiB,8362.4 MiB,4096.0 MiB,4096.0 MiB,0.0 MiB,13539.8 MiB
Python 3.4.10,nbody.py 50000000,214,1690924546,323512,python,4:09.66,15288,8228,4948,100.0,0.1,280,2,277,1,0,14.0,0.8,0.0,85.3,0.0,0.0,0.0,0.0,15795.0 MiB,5847.9 MiB,1584.7 MiB,8362.4 MiB,4096.0 MiB,4096.0 MiB,0.0 MiB,13539.8 MiB
Python 3.4.10,nbody.py 50000000,215,1690924548,323512,python,4:10.83,15288,8228,4948,93.8,0.1,280,2,277,1,0,13.3,0.8,0.0,85.9,0.0,0.0,0.0,0.0,15795.0 MiB,5848.1 MiB,1584.5 MiB,8362.4 MiB,4096.0 MiB,4096.0 MiB,0.0 MiB,13540.1 MiB
Python 3.4.10,nbody.py 50000000,216,1690924549,323512,python,4:12.00,15288,8228,4948,100.0,0.1,280,2,277,1,0,12.6,0.8,0.0,86.6,0.0,0.0,0.0,0.0,15795.0 MiB,5848.3 MiB,1584.2 MiB,8362.4 MiB,4096.0 MiB,4096.0 MiB,0.0 MiB,13540.3 MiB
Python 3.4.10,nbody.py 50000000,217,1690924550,323512,python,4:13.16,15288,8228,4948,100.0,0.1,280,2,277,1,0,12.6,0.8,0.0,86.6,0.0,0.0,0.0,0.0,15795.0 MiB,5848.1 MiB,1584.5 MiB,8362.4 MiB,4096.0 MiB,4096.0 MiB,0.0 MiB,13540.1 MiB
Python 3.4.10,nbody.py 50000000,218,1690924551,323512,python,4:14.33,15288,8228,4948,93.8,0.1,280,2,277,1,0,12.7,0.8,0.0,86.5,0.0,0.0,0.0,0.0,15795.0 MiB,5848.1 MiB,1584.5 MiB,8362.4 MiB,4096.0 MiB,4096.0 MiB,0.0 MiB,13540.1 MiB
Python 3.4.10,nbody.py 50000000,219,1690924552,323512,python,4:15.50,15288,8228,4948,100.0,0.1,280,2,277,1,0,13.3,0.8,0.0,85.9,0.0,0.0,0.0,0.0,15795.0 MiB,5847.9 MiB,1584.7 MiB,8362.4 MiB,4096.0 MiB,4096.0 MiB,0.0 MiB,13539.9 MiB
Python 3.4.10,nbody.py 50000000,220,1690924553,323512,python,4:16.66,15288,8228,4948,93.8,0.1,280,2,277,1,0,12.8,0.8,0.0,86.4,0.0,0.0,0.0,0.0,15795.0 MiB,5847.9 MiB,1584.7 MiB,8362.4 MiB,4096.0 MiB,4096.0 MiB,0.0 MiB,13539.9 MiB
Python 3.4.10,nbody.py 50000000,221,1690924555,323512,python,4:17.83,15288,8228,4948,100.0,0.1,280,2,277,1,0,13.4,0.0,0.0,86.6,0.0,0.0,0.0,0.0,15795.0 MiB,5847.9 MiB,1584.7 MiB,8362.4 MiB,4096.0 MiB,4096.0 MiB,0.0 MiB,13539.9 MiB
Python 3.4.10,nbody.py 50000000,222,1690924556,323512,python,4:18.99,15288,8228,4948,100.0,0.1,280,2,277,1,0,12.8,0.0,0.0,87.2,0.0,0.0,0.0,0.0,15795.0 MiB,5847.9 MiB,1584.7 MiB,8362.4 MiB,4096.0 MiB,4096.0 MiB,0.0 MiB,13539.9 MiB
Python 3.4.10,nbody.py 50000000,223,1690924557,323512,python,4:20.16,15288,8228,4948,100.0,0.1,280,2,277,1,0,12.7,0.8,0.0,86.5,0.0,0.0,0.0,0.0,15795.0 MiB,5847.9 MiB,1584.7 MiB,8362.5 MiB,4096.0 MiB,4096.0 MiB,0.0 MiB,13539.9 MiB
Python 3.4.10,nbody.py 50000000,224,1690924558,323512,python,4:21.32,15288,8228,4948,100.0,0.1,280,3,276,1,0,12.6,0.8,0.0,86.6,0.0,0.0,0.0,0.0,15795.0 MiB,5847.9 MiB,1584.7 MiB,8362.5 MiB,4096.0 MiB,4096.0 MiB,0.0 MiB,13539.9 MiB
Python 3.4.10,nbody.py 50000000,225,1690924559,323512,python,4:22.49,15288,8228,4948,93.8,0.1,280,2,277,1,0,13.3,0.8,0.0,85.9,0.0,0.0,0.0,0.0,15795.0 MiB,5848.1 MiB,1584.4 MiB,8362.5 MiB,4096.0 MiB,4096.0 MiB,0.0 MiB,13540.1 MiB
Python 3.4.10,nbody.py 50000000,226,1690924560,323512,python,4:23.66,15288,8228,4948,100.0,0.1,280,2,277,1,0,12.6,0.8,0.0,86.6,0.0,0.0,0.0,0.0,15795.0 MiB,5848.4 MiB,1584.2 MiB,8362.5 MiB,4096.0 MiB,4096.0 MiB,0.0 MiB,13540.4 MiB
Python 3.4.10,nbody.py 50000000,227,1690924562,323512,python,4:24.82,15288,8228,4948,100.0,0.1,279,2,276,1,0,12.8,0.0,0.0,87.2,0.0,0.0,0.0,0.0,15795.0 MiB,5848.6 MiB,1583.9 MiB,8362.5 MiB,4096.0 MiB,4096.0 MiB,0.0 MiB,13540.7 MiB
Python 3.4.10,nbody.py 50000000,228,1690924563,323512,python,4:25.99,15288,8228,4948,93.8,0.1,279,2,276,1,0,13.3,0.8,0.0,85.9,0.0,0.0,0.0,0.0,15795.0 MiB,5849.1 MiB,1583.4 MiB,8362.5 MiB,4096.0 MiB,4096.0 MiB,0.0 MiB,13541.1 MiB
Python 3.4.10,nbody.py 50000000,229,1690924564,323512,python,4:27.15,15288,8228,4948,100.0,0.1,279,2,276,1,0,13.4,0.8,0.0,85.8,0.0,0.0,0.0,0.0,15795.0 MiB,5848.4 MiB,1584.1 MiB,8362.5 MiB,4096.0 MiB,4096.0 MiB,0.0 MiB,13540.4 MiB
Python 3.4.10,nbody.py 50000000,230,1690924565,323512,python,4:28.32,15288,8228,4948,93.8,0.1,279,2,276,1,0,11.9,0.8,0.0,87.3,0.0,0.0,0.0,0.0,15795.0 MiB,5848.1 MiB,1584.4 MiB,8362.5 MiB,4096.0 MiB,4096.0 MiB,0.0 MiB,13540.2 MiB
Python 3.4.10,nbody.py 50000000,231,1690924566,323512,python,4:29.49,15288,8228,4948,100.0,0.1,279,2,276,1,0,13.3,0.8,0.0,85.9,0.0,0.0,0.0,0.0,15795.0 MiB,5848.1 MiB,1584.4 MiB,8362.5 MiB,4096.0 MiB,4096.0 MiB,0.0 MiB,13540.2 MiB
Python 3.4.10,nbody.py 50000000,232,1690924567,323512,python,4:30.65,15288,8228,4948,100.0,0.1,279,2,276,1,0,12.4,0.8,0.0,86.8,0.0,0.0,0.0,0.0,15795.0 MiB,5847.6 MiB,1584.9 MiB,8362.5 MiB,4096.0 MiB,4096.0 MiB,0.0 MiB,13539.7 MiB
Python 3.4.10,nbody.py 50000000,233,1690924569,323512,python,4:31.82,15288,8228,4948,100.0,0.1,279,2,276,1,0,13.5,0.0,0.0,86.5,0.0,0.0,0.0,0.0,15795.0 MiB,5846.9 MiB,1585.6 MiB,8362.5 MiB,4096.0 MiB,4096.0 MiB,0.0 MiB,13539.0 MiB
Python 3.4.10,nbody.py 50000000,234,1690924570,323512,python,4:32.99,15288,8228,4948,100.0,0.1,279,2,276,1,0,13.3,0.8,0.0,85.9,0.0,0.0,0.0,0.0,15795.0 MiB,5846.9 MiB,1585.6 MiB,8362.5 MiB,4096.0 MiB,4096.0 MiB,0.0 MiB,13539.0 MiB
Python 3.4.10,nbody.py 50000000,235,1690924571,323512,python,4:34.16,15288,8228,4948,100.0,0.1,279,2,276,1,0,13.3,0.8,0.0,85.9,0.0,0.0,0.0,0.0,15795.0 MiB,5846.4 MiB,1586.1 MiB,8362.5 MiB,4096.0 MiB,4096.0 MiB,0.0 MiB,13538.5 MiB
Python 3.4.10,nbody.py 50000000,236,1690924572,323512,python,4:35.33,15288,8228,4948,100.0,0.1,279,2,276,1,0,12.7,0.0,0.0,87.3,0.0,0.0,0.0,0.0,15795.0 MiB,5845.9 MiB,1586.6 MiB,8362.5 MiB,4096.0 MiB,4096.0 MiB,0.0 MiB,13538.0 MiB
Python 3.4.10,nbody.py 50000000,237,1690924573,323512,python,4:36.49,15288,8228,4948,100.0,0.1,279,2,276,1,0,12.6,0.8,0.0,86.6,0.0,0.0,0.0,0.0,15795.0 MiB,5845.6 MiB,1586.8 MiB,8362.5 MiB,4096.0 MiB,4096.0 MiB,0.0 MiB,13537.8 MiB
Python 3.4.10,nbody.py 50000000,238,1690924574,323512,python,4:37.66,15288,8228,4948,93.8,0.1,279,2,276,1,0,12.5,0.8,0.0,85.9,0.8,0.0,0.0,0.0,15795.0 MiB,5845.6 MiB,1586.8 MiB,8362.6 MiB,4096.0 MiB,4096.0 MiB,0.0 MiB,13537.8 MiB
Python 3.4.10,nbody.py 50000000,239,1690924576,323512,python,4:38.83,15288,8228,4948,100.0,0.1,279,2,276,1,0,13.3,0.8,0.0,85.9,0.0,0.0,0.0,0.0,15795.0 MiB,5845.6 MiB,1586.8 MiB,8362.6 MiB,4096.0 MiB,4096.0 MiB,0.0 MiB,13537.8 MiB
Python 3.4.10,nbody.py 50000000,240,1690924577,323512,python,4:39.99,15288,8228,4948,100.0,0.1,279,2,276,1,0,12.7,0.8,0.0,86.5,0.0,0.0,0.0,0.0,15795.0 MiB,5845.6 MiB,1586.8 MiB,8362.6 MiB,4096.0 MiB,4096.0 MiB,0.0 MiB,13537.8 MiB
Python 3.4.10,nbody.py 50000000,241,1690924578,323512,python,4:41.16,15288,8228,4948,100.0,0.1,279,2,276,1,0,12.8,0.0,0.0,87.2,0.0,0.0,0.0,0.0,15795.0 MiB,5845.6 MiB,1586.8 MiB,8362.6 MiB,4096.0 MiB,4096.0 MiB,0.0 MiB,13537.8 MiB
Python 3.4.10,nbody.py 50000000,242,1690924579,323512,python,4:42.32,15288,8228,4948,100.0,0.1,279,2,276,1,0,12.6,0.8,0.0,86.6,0.0,0.0,0.0,0.0,15795.0 MiB,5845.6 MiB,1586.8 MiB,8362.6 MiB,4096.0 MiB,4096.0 MiB,0.0 MiB,13537.8 MiB
Python 3.4.10,nbody.py 50000000,243,1690924580,323512,python,4:43.49,15288,8228,4948,100.0,0.1,279,2,276,1,0,13.4,0.0,0.0,86.6,0.0,0.0,0.0,0.0,15795.0 MiB,5845.6 MiB,1586.8 MiB,8362.6 MiB,4096.0 MiB,4096.0 MiB,0.0 MiB,13537.8 MiB
Python 3.4.10,nbody.py 50000000,244,1690924581,323512,python,4:44.65,15288,8228,4948,93.8,0.1,279,2,276,1,0,12.6,0.8,0.0,86.6,0.0,0.0,0.0,0.0,15795.0 MiB,5845.6 MiB,1586.7 MiB,8362.6 MiB,4096.0 MiB,4096.0 MiB,0.0 MiB,13537.8 MiB
Python 3.4.10,nbody.py 50000000,245,1690924583,323512,python,4:45.82,15288,8228,4948,100.0,0.1,279,2,276,1,0,12.6,0.8,0.0,86.6,0.0,0.0,0.0,0.0,15795.0 MiB,5846.4 MiB,1586.0 MiB,8362.6 MiB,4096.0 MiB,4096.0 MiB,0.0 MiB,13538.6 MiB
Python 3.4.10,nbody.py 50000000,246,1690924584,323512,python,4:46.99,15288,8228,4948,100.0,0.1,279,2,276,1,0,12.7,0.8,0.0,86.5,0.0,0.0,0.0,0.0,15795.0 MiB,5846.4 MiB,1586.0 MiB,8362.6 MiB,4096.0 MiB,4096.0 MiB,0.0 MiB,13538.6 MiB
Python 3.4.10,nbody.py 50000000,247,1690924585,323512,python,4:48.15,15288,8228,4948,100.0,0.1,279,2,276,1,0,12.7,0.0,0.0,87.3,0.0,0.0,0.0,0.0,15795.0 MiB,5846.4 MiB,1586.0 MiB,8362.6 MiB,4096.0 MiB,4096.0 MiB,0.0 MiB,13538.6 MiB
Python 3.4.10,nbody.py 50000000,248,1690924586,323512,python,4:49.32,15288,8228,4948,93.8,0.1,279,2,276,1,0,12.7,0.0,0.0,87.3,0.0,0.0,0.0,0.0,15795.0 MiB,5846.4 MiB,1586.0 MiB,8362.6 MiB,4096.0 MiB,4096.0 MiB,0.0 MiB,13538.6 MiB
Python 3.4.10,nbody.py 50000000,249,1690924587,323512,python,4:50.49,15288,8228,4948,100.0,0.1,279,2,276,1,0,13.1,0.8,0.0,86.2,0.0,0.0,0.0,0.0,15795.0 MiB,5846.6 MiB,1585.7 MiB,8362.6 MiB,4096.0 MiB,4096.0 MiB,0.0 MiB,13538.9 MiB
Python 3.4.10,nbody.py 50000000,250,1690924588,323512,python,4:51.66,15288,8228,4948,100.0,0.1,279,2,276,1,0,13.3,0.8,0.0,85.9,0.0,0.0,0.0,0.0,15795.0 MiB,5846.9 MiB,1585.5 MiB,8362.6 MiB,4096.0 MiB,4096.0 MiB,0.0 MiB,13539.1 MiB
Python 3.4.10,nbody.py 50000000,251,1690924590,323512,python,4:52.82,15288,8228,4948,100.0,0.1,279,2,276,1,0,12.7,0.0,0.0,87.3,0.0,0.0,0.0,0.0,15795.0 MiB,5846.9 MiB,1585.5 MiB,8362.6 MiB,4096.0 MiB,4096.0 MiB,0.0 MiB,13539.1 MiB
Python 3.4.10,nbody.py 50000000,252,1690924591,323512,python,4:53.99,15288,8228,4948,100.0,0.1,279,2,276,1,0,13.5,0.0,0.0,86.5,0.0,0.0,0.0,0.0,15795.0 MiB,5846.6 MiB,1585.7 MiB,8362.7 MiB,4096.0 MiB,4096.0 MiB,0.0 MiB,13538.9 MiB
Python 3.4.10,nbody.py 50000000,253,1690924592,323512,python,4:55.15,15288,8228,4948,100.0,0.1,279,2,276,1,0,12.0,0.8,0.0,87.2,0.0,0.0,0.0,0.0,15795.0 MiB,5846.6 MiB,1585.7 MiB,8362.7 MiB,4096.0 MiB,4096.0 MiB,0.0 MiB,13538.9 MiB
Python 3.4.10,nbody.py 50000000,254,1690924593,323512,python,4:56.32,15288,8228,4948,100.0,0.1,279,2,276,1,0,12.6,0.8,0.0,86.6,0.0,0.0,0.0,0.0,15795.0 MiB,5846.4 MiB,1585.9 MiB,8362.7 MiB,4096.0 MiB,4096.0 MiB,0.0 MiB,13538.6 MiB
Python 3.4.10,nbody.py 50000000,255,1690924594,323512,python,4:57.49,15288,8228,4948,100.0,0.1,279,2,276,1,0,12.0,0.8,0.0,87.2,0.0,0.0,0.0,0.0,15795.0 MiB,5846.4 MiB,1585.9 MiB,8362.7 MiB,4096.0 MiB,4096.0 MiB,0.0 MiB,13538.6 MiB
Python 3.4.10,nbody.py 50000000,256,1690924595,323512,python,4:58.65,15288,8228,4948,100.0,0.1,279,2,276,1,0,13.3,0.8,0.0,85.9,0.0,0.0,0.0,0.0,15795.0 MiB,5846.4 MiB,1585.9 MiB,8362.7 MiB,4096.0 MiB,4096.0 MiB,0.0 MiB,13538.6 MiB
Python 3.4.10,nbody.py 50000000,257,1690924597,323512,python,4:59.82,15288,8228,4948,100.0,0.1,279,2,276,1,0,12.7,0.0,0.0,87.3,0.0,0.0,0.0,0.0,15795.0 MiB,5846.4 MiB,1585.9 MiB,8362.7 MiB,4096.0 MiB,4096.0 MiB,0.0 MiB,13538.7 MiB
Python 3.4.10,nbody.py 50000000,258,1690924598,323512,python,5:00.98,15288,8228,4948,93.8,0.1,279,2,276,1,0,13.2,0.8,0.0,85.3,0.8,0.0,0.0,0.0,15795.0 MiB,5847.1 MiB,1585.2 MiB,8362.7 MiB,4096.0 MiB,4096.0 MiB,0.0 MiB,13539.4 MiB
Python 3.4.10,nbody.py 50000000,259,1690924599,323512,python,5:02.15,15288,8228,4948,100.0,0.1,279,2,276,1,0,13.4,0.0,0.0,86.6,0.0,0.0,0.0,0.0,15795.0 MiB,5847.1 MiB,1585.0 MiB,8362.8 MiB,4096.0 MiB,4096.0 MiB,0.0 MiB,13539.5 MiB
Python 3.4.10,nbody.py 50000000,260,1690924600,323512,python,5:03.32,15288,8228,4948,100.0,0.1,279,2,276,1,0,12.6,1.6,0.0,85.8,0.0,0.0,0.0,0.0,15795.0 MiB,5846.6 MiB,1585.5 MiB,8362.8 MiB,4096.0 MiB,4096.0 MiB,0.0 MiB,13539.0 MiB
Python 3.4.10,nbody.py 50000000,261,1690924601,323512,python,5:04.48,15288,8228,4948,93.8,0.1,279,2,276,1,0,13.4,0.0,0.0,86.6,0.0,0.0,0.0,0.0,15795.0 MiB,5846.4 MiB,1585.8 MiB,8362.8 MiB,4096.0 MiB,4096.0 MiB,0.0 MiB,13538.8 MiB
Python 3.4.10,nbody.py 50000000,262,1690924602,323512,python,5:05.65,15288,8228,4948,100.0,0.1,279,2,276,1,0,12.8,0.0,0.0,87.2,0.0,0.0,0.0,0.0,15795.0 MiB,5846.6 MiB,1585.5 MiB,8362.8 MiB,4096.0 MiB,4096.0 MiB,0.0 MiB,13539.1 MiB
Python 3.4.10,nbody.py 50000000,263,1690924604,323512,python,5:06.82,15288,8228,4948,100.0,0.1,279,2,276,1,0,13.5,0.0,0.0,86.5,0.0,0.0,0.0,0.0,15795.0 MiB,5846.6 MiB,1585.5 MiB,8362.8 MiB,4096.0 MiB,4096.0 MiB,0.0 MiB,13539.1 MiB
Python 3.4.10,nbody.py 50000000,264,1690924605,323512,python,5:07.98,15288,8228,4948,100.0,0.1,279,2,276,1,0,11.9,0.8,0.0,87.3,0.0,0.0,0.0,0.0,15795.0 MiB,5846.6 MiB,1585.5 MiB,8362.9 MiB,4096.0 MiB,4096.0 MiB,0.0 MiB,13539.1 MiB
Python 3.4.10,nbody.py 50000000,265,1690924606,323512,python,5:09.15,15288,8228,4948,100.0,0.1,279,2,276,1,0,12.7,0.8,0.0,86.5,0.0,0.0,0.0,0.0,15795.0 MiB,5846.6 MiB,1585.5 MiB,8362.9 MiB,4096.0 MiB,4096.0 MiB,0.0 MiB,13539.1 MiB
Python 3.4.10,nbody.py 50000000,266,1690924607,323512,python,5:10.31,15288,8228,4948,100.0,0.1,279,2,276,1,0,13.5,0.0,0.0,86.5,0.0,0.0,0.0,0.0,15795.0 MiB,5845.2 MiB,1587.0 MiB,8362.9 MiB,4096.0 MiB,4096.0 MiB,0.0 MiB,13537.6 MiB
Python 3.4.10,nbody.py 50000000,267,1690924608,323512,python,5:11.48,15288,8228,4948,100.0,0.1,279,2,276,1,0,13.0,1.5,0.0,85.5,0.0,0.0,0.0,0.0,15795.0 MiB,5845.4 MiB,1586.7 MiB,8362.9 MiB,4096.0 MiB,4096.0 MiB,0.0 MiB,13537.9 MiB
Python 3.4.10,nbody.py 50000000,268,1690924609,323512,python,5:12.66,15288,8228,4948,100.0,0.1,279,2,276,1,0,12.5,1.6,0.0,85.9,0.0,0.0,0.0,0.0,15795.0 MiB,5845.7 MiB,1586.4 MiB,8362.9 MiB,4096.0 MiB,4096.0 MiB,0.0 MiB,13538.1 MiB
Python 3.4.10,nbody.py 50000000,269,1690924611,323512,python,5:13.82,15288,8228,4948,100.0,0.1,279,2,276,1,0,13.3,0.8,0.0,85.9,0.0,0.0,0.0,0.0,15795.0 MiB,5845.7 MiB,1586.4 MiB,8362.9 MiB,4096.0 MiB,4096.0 MiB,0.0 MiB,13538.1 MiB
Python 3.4.10,nbody.py 50000000,270,1690924612,323512,python,5:14.99,15288,8228,4948,100.0,0.1,279,2,276,1,0,14.0,0.8,0.0,85.3,0.0,0.0,0.0,0.0,15795.0 MiB,5845.2 MiB,1586.9 MiB,8362.9 MiB,4096.0 MiB,4096.0 MiB,0.0 MiB,13537.6 MiB
Python 3.4.10,nbody.py 50000000,271,1690924613,323512,python,5:16.16,15288,8228,4948,100.0,0.1,279,2,276,1,0,12.8,0.0,0.0,86.4,0.8,0.0,0.0,0.0,15795.0 MiB,5845.4 MiB,1586.7 MiB,8362.9 MiB,4096.0 MiB,4096.0 MiB,0.0 MiB,13537.9 MiB
Python 3.4.10,nbody.py 50000000,272,1690924614,323512,python,5:17.32,15288,8228,4948,100.0,0.1,279,2,276,1,0,13.3,1.6,0.0,84.4,0.8,0.0,0.0,0.0,15795.0 MiB,5845.0 MiB,1586.3 MiB,8363.7 MiB,4096.0 MiB,4096.0 MiB,0.0 MiB,13538.2 MiB
Python 3.4.10,nbody.py 50000000,273,1690924615,323512,python,5:18.49,15288,8228,4948,100.0,0.1,279,2,276,1,0,13.3,0.0,0.0,85.9,0.0,0.0,0.8,0.0,15795.0 MiB,5846.7 MiB,1583.8 MiB,8364.5 MiB,4096.0 MiB,4096.0 MiB,0.0 MiB,13540.7 MiB
Python 3.4.10,nbody.py 50000000,274,1690924616,323512,python,5:19.65,15288,8228,4948,100.0,0.1,279,2,276,1,0,12.7,0.0,0.0,87.3,0.0,0.0,0.0,0.0,15795.0 MiB,5846.9 MiB,1583.6 MiB,8364.4 MiB,4096.0 MiB,4096.0 MiB,0.0 MiB,13541.0 MiB
Python 3.4.10,nbody.py 50000000,275,1690924618,323512,python,5:20.82,15288,8228,4948,100.0,0.1,279,2,276,1,0,13.3,0.8,0.0,85.9,0.0,0.0,0.0,0.0,15795.0 MiB,5847.2 MiB,1583.3 MiB,8364.4 MiB,4096.0 MiB,4096.0 MiB,0.0 MiB,13541.2 MiB
Python 3.4.10,nbody.py 50000000,276,1690924619,323512,python,5:21.98,15288,8228,4948,93.8,0.1,279,2,276,1,0,12.6,0.8,0.0,86.6,0.0,0.0,0.0,0.0,15795.0 MiB,5846.2 MiB,1584.3 MiB,8364.5 MiB,4096.0 MiB,4096.0 MiB,0.0 MiB,13540.2 MiB
Python 3.4.10,nbody.py 50000000,277,1690924620,323512,python,5:23.15,15288,8228,4948,100.0,0.1,280,2,277,1,0,12.7,0.0,0.0,87.3,0.0,0.0,0.0,0.0,15795.0 MiB,5846.0 MiB,1584.6 MiB,8364.5 MiB,4096.0 MiB,4096.0 MiB,0.0 MiB,13540.0 MiB
Python 3.4.10,nbody.py 50000000,278,1690924621,323512,python,5:24.32,15288,8228,4948,100.0,0.1,280,2,277,1,0,13.2,1.6,0.0,85.3,0.0,0.0,0.0,0.0,15795.0 MiB,5845.5 MiB,1585.0 MiB,8364.5 MiB,4096.0 MiB,4096.0 MiB,0.0 MiB,13539.5 MiB
Python 3.4.10,nbody.py 50000000,279,1690924622,323512,python,5:25.48,15288,8228,4948,93.8,0.1,280,2,277,1,0,12.7,0.8,0.0,86.5,0.0,0.0,0.0,0.0,15795.0 MiB,5845.5 MiB,1585.0 MiB,8364.5 MiB,4096.0 MiB,4096.0 MiB,0.0 MiB,13539.5 MiB
Python 3.4.10,nbody.py 50000000,280,1690924623,323512,python,5:26.65,15288,8228,4948,100.0,0.1,280,2,277,1,0,12.7,0.8,0.0,86.5,0.0,0.0,0.0,0.0,15795.0 MiB,5844.7 MiB,1585.8 MiB,8364.5 MiB,4096.0 MiB,4096.0 MiB,0.0 MiB,13538.8 MiB
Python 3.4.10,nbody.py 50000000,281,1690924625,323512,python,5:27.82,15288,8228,4948,100.0,0.1,280,2,277,1,0,13.2,0.8,0.0,86.0,0.0,0.0,0.0,0.0,15795.0 MiB,5844.7 MiB,1585.7 MiB,8364.5 MiB,4096.0 MiB,4096.0 MiB,0.0 MiB,13538.8 MiB
Python 3.4.10,nbody.py 50000000,282,1690924626,323512,python,5:28.98,15288,8228,4948,100.0,0.1,280,2,277,1,0,12.6,0.8,0.0,86.6,0.0,0.0,0.0,0.0,15795.0 MiB,5844.7 MiB,1585.7 MiB,8364.5 MiB,4096.0 MiB,4096.0 MiB,0.0 MiB,13538.8 MiB
Python 3.4.10,nbody.py 50000000,283,1690924627,323512,python,5:30.15,15288,8228,4948,100.0,0.1,280,2,277,1,0,12.8,0.0,0.0,87.2,0.0,0.0,0.0,0.0,15795.0 MiB,5844.5 MiB,1586.0 MiB,8364.5 MiB,4096.0 MiB,4096.0 MiB,0.0 MiB,13538.6 MiB
Python 3.4.10,nbody.py 50000000,284,1690924628,323512,python,5:31.32,15288,8228,4948,100.0,0.1,280,2,277,1,0,12.6,0.8,0.0,86.6,0.0,0.0,0.0,0.0,15795.0 MiB,5844.5 MiB,1586.0 MiB,8364.5 MiB,4096.0 MiB,4096.0 MiB,0.0 MiB,13538.6 MiB
Python 3.4.10,nbody.py 50000000,285,1690924629,323512,python,5:32.48,15288,8228,4948,100.0,0.1,280,2,277,1,0,12.5,0.8,0.0,86.7,0.0,0.0,0.0,0.0,15795.0 MiB,5844.5 MiB,1586.0 MiB,8364.5 MiB,4096.0 MiB,4096.0 MiB,0.0 MiB,13538.6 MiB
Python 3.4.10,nbody.py 50000000,286,1690924630,323512,python,5:33.65,15288,8228,4948,100.0,0.1,280,2,277,1,0,12.8,0.0,0.0,87.2,0.0,0.0,0.0,0.0,15795.0 MiB,5844.5 MiB,1586.0 MiB,8364.5 MiB,4096.0 MiB,4096.0 MiB,0.0 MiB,13538.6 MiB
Python 3.4.10,nbody.py 50000000,287,1690924632,323512,python,5:34.81,15288,8228,4948,100.0,0.1,280,2,277,1,0,12.7,0.0,0.0,87.3,0.0,0.0,0.0,0.0,15795.0 MiB,5844.5 MiB,1585.9 MiB,8364.5 MiB,4096.0 MiB,4096.0 MiB,0.0 MiB,13538.6 MiB
Python 3.4.10,nbody.py 50000000,288,1690924633,323512,python,5:35.98,15288,8228,4948,100.0,0.1,280,2,277,1,0,12.8,0.0,0.0,87.2,0.0,0.0,0.0,0.0,15795.0 MiB,5844.5 MiB,1585.9 MiB,8364.6 MiB,4096.0 MiB,4096.0 MiB,0.0 MiB,13538.6 MiB
Python 3.4.10,nbody.py 50000000,289,1690924634,323512,python,5:37.14,15288,8228,4948,93.8,0.1,280,2,277,1,0,11.9,0.8,0.0,87.3,0.0,0.0,0.0,0.0,15795.0 MiB,5844.5 MiB,1585.9 MiB,8364.6 MiB,4096.0 MiB,4096.0 MiB,0.0 MiB,13538.6 MiB
Python 3.4.10,nbody.py 50000000,290,1690924635,323512,python,5:38.31,15288,8228,4948,100.0,0.1,280,2,277,1,0,12.6,0.8,0.0,86.6,0.0,0.0,0.0,0.0,15795.0 MiB,5844.5 MiB,1585.9 MiB,8364.6 MiB,4096.0 MiB,4096.0 MiB,0.0 MiB,13538.6 MiB
Python 3.4.10,nbody.py 50000000,291,1690924636,323512,python,5:39.47,15288,8228,4948,93.8,0.1,280,2,277,1,0,11.9,0.8,0.0,87.3,0.0,0.0,0.0,0.0,15795.0 MiB,5844.5 MiB,1585.9 MiB,8364.6 MiB,4096.0 MiB,4096.0 MiB,0.0 MiB,13538.6 MiB
Python 3.4.10,nbody.py 50000000,292,1690924637,323512,python,5:40.64,15288,8228,4948,93.8,0.1,280,2,277,1,0,13.3,0.8,0.0,85.9,0.0,0.0,0.0,0.0,15795.0 MiB,5844.0 MiB,1586.4 MiB,8364.6 MiB,4096.0 MiB,4096.0 MiB,0.0 MiB,13538.2 MiB
Python 3.4.10,nbody.py 50000000,293,1690924639,323512,python,5:41.81,15288,8228,4948,100.0,0.1,280,2,277,1,0,12.0,0.8,0.0,87.2,0.0,0.0,0.0,0.0,15795.0 MiB,5844.0 MiB,1586.4 MiB,8364.6 MiB,4096.0 MiB,4096.0 MiB,0.0 MiB,13538.2 MiB
Python 3.4.10,nbody.py 50000000,294,1690924640,323512,python,5:42.97,15288,8228,4948,93.8,0.1,280,2,277,1,0,13.4,0.0,0.0,86.6,0.0,0.0,0.0,0.0,15795.0 MiB,5844.0 MiB,1586.4 MiB,8364.6 MiB,4096.0 MiB,4096.0 MiB,0.0 MiB,13538.2 MiB
Python 3.4.10,nbody.py 50000000,295,1690924641,323512,python,5:44.14,15288,8228,4948,100.0,0.1,280,2,277,1,0,12.6,0.8,0.0,86.6,0.0,0.0,0.0,0.0,15795.0 MiB,5844.0 MiB,1586.4 MiB,8364.6 MiB,4096.0 MiB,4096.0 MiB,0.0 MiB,13538.2 MiB
Python 3.4.10,nbody.py 50000000,296,1690924642,323512,python,5:45.31,15288,8228,4948,100.0,0.1,280,2,277,1,0,14.1,0.0,0.0,85.2,0.8,0.0,0.0,0.0,15795.0 MiB,5846.6 MiB,1583.8 MiB,8364.6 MiB,4096.0 MiB,4096.0 MiB,0.0 MiB,13540.8 MiB
Python 3.4.10,nbody.py 50000000,297,1690924643,323512,python,5:46.47,15288,8228,4948,93.8,0.1,280,2,277,1,0,12.6,0.8,0.0,86.6,0.0,0.0,0.0,0.0,15795.0 MiB,5846.0 MiB,1584.4 MiB,8364.6 MiB,4096.0 MiB,4096.0 MiB,0.0 MiB,13540.2 MiB
Python 3.4.10,nbody.py 50000000,298,1690924644,323512,python,5:47.64,15288,8228,4948,100.0,0.1,280,2,277,1,0,13.3,1.6,0.0,85.2,0.0,0.0,0.0,0.0,15795.0 MiB,5845.8 MiB,1584.6 MiB,8364.6 MiB,4096.0 MiB,4096.0 MiB,0.0 MiB,13539.9 MiB
Python 3.4.10,nbody.py 50000000,299,1690924646,323512,python,5:48.81,15288,8228,4948,100.0,0.1,280,2,277,1,0,12.7,0.8,0.0,86.5,0.0,0.0,0.0,0.0,15795.0 MiB,5846.0 MiB,1584.4 MiB,8364.6 MiB,4096.0 MiB,4096.0 MiB,0.0 MiB,13540.2 MiB
Python 3.4.10,nbody.py 50000000,300,1690924647,323512,python,5:49.97,15288,8228,4948,100.0,0.1,280,2,277,1,0,12.7,0.0,0.0,87.3,0.0,0.0,0.0,0.0,15795.0 MiB,5846.0 MiB,1584.4 MiB,8364.6 MiB,4096.0 MiB,4096.0 MiB,0.0 MiB,13540.2 MiB
Python 3.4.10,nbody.py 50000000,301,1690924648,323512,python,5:51.14,15288,8228,4948,100.0,0.1,280,2,277,1,0,12.5,1.6,0.0,85.2,0.8,0.0,0.0,0.0,15795.0 MiB,5845.8 MiB,1584.6 MiB,8364.6 MiB,4096.0 MiB,4096.0 MiB,0.0 MiB,13540.0 MiB
Python 3.4.10,nbody.py 50000000,302,1690924649,323512,python,5:52.30,15288,8228,4948,93.8,0.1,280,2,277,1,0,13.8,1.5,0.0,84.6,0.0,0.0,0.0,0.0,15795.0 MiB,5845.5 MiB,1584.8 MiB,8364.7 MiB,4096.0 MiB,4096.0 MiB,0.0 MiB,13539.7 MiB
Python 3.4.10,nbody.py 50000000,303,1690924650,323512,python,5:53.47,15288,8228,4948,100.0,0.1,280,2,277,1,0,12.7,0.8,0.0,86.5,0.0,0.0,0.0,0.0,15795.0 MiB,5845.5 MiB,1584.8 MiB,8364.7 MiB,4096.0 MiB,4096.0 MiB,0.0 MiB,13539.7 MiB
Python 3.4.10,nbody.py 50000000,304,1690924651,323512,python,5:54.63,15288,8228,4948,93.8,0.1,280,2,277,1,0,12.6,0.8,0.0,86.6,0.0,0.0,0.0,0.0,15795.0 MiB,5844.8 MiB,1585.6 MiB,8364.7 MiB,4096.0 MiB,4096.0 MiB,0.0 MiB,13539.0 MiB
Python 3.4.10,nbody.py 50000000,305,1690924653,323512,python,5:55.80,15288,8228,4948,93.8,0.1,280,2,277,1,0,12.6,0.8,0.0,86.6,0.0,0.0,0.0,0.0,15795.0 MiB,5844.8 MiB,1585.5 MiB,8364.7 MiB,4096.0 MiB,4096.0 MiB,0.0 MiB,13539.0 MiB
Python 3.4.10,nbody.py 50000000,306,1690924654,323512,python,5:56.97,15288,8228,4948,100.0,0.1,280,2,277,1,0,12.7,0.8,0.0,86.5,0.0,0.0,0.0,0.0,15795.0 MiB,5844.8 MiB,1585.5 MiB,8364.7 MiB,4096.0 MiB,4096.0 MiB,0.0 MiB,13539.0 MiB
Python 3.4.10,nbody.py 50000000,307,1690924655,323512,python,5:58.13,15288,8228,4948,93.8,0.1,280,2,277,1,0,12.6,0.8,0.0,86.6,0.0,0.0,0.0,0.0,15795.0 MiB,5844.8 MiB,1585.5 MiB,8364.7 MiB,4096.0 MiB,4096.0 MiB,0.0 MiB,13539.0 MiB
Python 3.4.10,nbody.py 50000000,308,1690924656,323512,python,5:59.30,15288,8228,4948,100.0,0.1,280,2,277,1,0,14.2,0.0,0.0,85.8,0.0,0.0,0.0,0.0,15795.0 MiB,5844.8 MiB,1585.5 MiB,8364.7 MiB,4096.0 MiB,4096.0 MiB,0.0 MiB,13539.0 MiB
Python 3.4.10,nbody.py 50000000,309,1690924657,323512,python,6:00.47,15288,8228,4948,100.0,0.1,280,2,277,1,0,12.8,0.0,0.0,87.2,0.0,0.0,0.0,0.0,15795.0 MiB,5844.8 MiB,1585.5 MiB,8364.7 MiB,4096.0 MiB,4096.0 MiB,0.0 MiB,13539.0 MiB
Python 3.4.10,nbody.py 50000000,310,1690924658,323512,python,6:01.63,15288,8228,4948,100.0,0.1,280,2,277,1,0,13.4,0.0,0.0,86.6,0.0,0.0,0.0,0.0,15795.0 MiB,5844.8 MiB,1585.5 MiB,8364.7 MiB,4096.0 MiB,4096.0 MiB,0.0 MiB,13539.0 MiB
Python 3.4.10,nbody.py 50000000,311,1690924660,323512,python,6:02.79,15288,8228,4948,100.0,0.1,280,2,277,1,0,12.7,0.8,0.0,86.5,0.0,0.0,0.0,0.0,15795.0 MiB,5844.8 MiB,1585.5 MiB,8364.7 MiB,4096.0 MiB,4096.0 MiB,0.0 MiB,13539.1 MiB
Python 3.4.10,nbody.py 50000000,312,1690924661,323512,python,6:03.96,15288,8228,4948,93.8,0.1,280,2,277,1,0,13.3,0.8,0.0,85.9,0.0,0.0,0.0,0.0,15795.0 MiB,5844.8 MiB,1585.5 MiB,8364.7 MiB,4096.0 MiB,4096.0 MiB,0.0 MiB,13539.1 MiB
Python 3.4.10,nbody.py 50000000,313,1690924662,323512,python,6:05.13,15288,8228,4948,100.0,0.1,280,2,277,1,0,12.7,0.8,0.0,86.5,0.0,0.0,0.0,0.0,15795.0 MiB,5844.3 MiB,1586.0 MiB,8364.7 MiB,4096.0 MiB,4096.0 MiB,0.0 MiB,13538.6 MiB
Python 3.4.10,nbody.py 50000000,314,1690924663,323512,python,6:06.29,15288,8228,4948,93.8,0.1,280,2,277,1,0,13.4,0.0,0.0,86.6,0.0,0.0,0.0,0.0,15795.0 MiB,5844.3 MiB,1586.0 MiB,8364.7 MiB,4096.0 MiB,4096.0 MiB,0.0 MiB,13538.6 MiB
Python 3.4.10,nbody.py 50000000,315,1690924664,323512,python,6:07.46,15288,8228,4948,100.0,0.1,280,2,277,1,0,12.6,0.8,0.0,86.6,0.0,0.0,0.0,0.0,15795.0 MiB,5844.0 MiB,1586.2 MiB,8364.7 MiB,4096.0 MiB,4096.0 MiB,0.0 MiB,13538.3 MiB
Python 3.4.10,nbody.py 50000000,316,1690924665,323512,python,6:08.62,15288,8228,4948,100.0,0.1,280,2,277,1,0,12.7,0.8,0.0,86.5,0.0,0.0,0.0,0.0,15795.0 MiB,5844.0 MiB,1586.2 MiB,8364.7 MiB,4096.0 MiB,4096.0 MiB,0.0 MiB,13538.3 MiB
Python 3.4.10,nbody.py 50000000,317,1690924667,323512,python,6:09.79,15288,8228,4948,93.8,0.1,280,2,277,1,0,12.6,0.8,0.0,86.6,0.0,0.0,0.0,0.0,15795.0 MiB,5844.0 MiB,1586.2 MiB,8364.7 MiB,4096.0 MiB,4096.0 MiB,0.0 MiB,13538.3 MiB
Python 3.4.10,nbody.py 50000000,318,1690924668,323512,python,6:10.96,15288,8228,4948,100.0,0.1,280,2,277,1,0,12.8,0.0,0.0,87.2,0.0,0.0,0.0,0.0,15795.0 MiB,5844.0 MiB,1586.2 MiB,8364.7 MiB,4096.0 MiB,4096.0 MiB,0.0 MiB,13538.3 MiB
Python 3.4.10,nbody.py 50000000,319,1690924669,323512,python,6:12.12,15288,8228,4948,93.8,0.1,280,2,277,1,0,12.6,1.6,0.0,85.8,0.0,0.0,0.0,0.0,15795.0 MiB,5843.3 MiB,1586.9 MiB,8364.8 MiB,4096.0 MiB,4096.0 MiB,0.0 MiB,13537.6 MiB
Python 3.4.10,nbody.py 50000000,320,1690924670,323512,python,6:13.29,15288,8228,4948,100.0,0.1,280,2,277,1,0,12.6,0.8,0.0,86.6,0.0,0.0,0.0,0.0,15795.0 MiB,5843.3 MiB,1586.9 MiB,8364.8 MiB,4096.0 MiB,4096.0 MiB,0.0 MiB,13537.6 MiB
Python 3.4.10,nbody.py 50000000,321,1690924671,323512,python,6:14.45,15288,8228,4948,93.8,0.1,280,2,277,1,0,11.9,0.8,0.0,87.3,0.0,0.0,0.0,0.0,15795.0 MiB,5843.0 MiB,1587.2 MiB,8364.8 MiB,4096.0 MiB,4096.0 MiB,0.0 MiB,13537.4 MiB
Python 3.4.10,nbody.py 50000000,322,1690924672,323512,python,6:15.62,15288,8228,4948,100.0,0.1,280,2,277,1,0,13.5,0.0,0.0,86.5,0.0,0.0,0.0,0.0,15795.0 MiB,5843.0 MiB,1587.2 MiB,8364.8 MiB,4096.0 MiB,4096.0 MiB,0.0 MiB,13537.4 MiB
Python 3.4.10,nbody.py 50000000,323,1690924674,323512,python,6:16.78,15288,8228,4948,100.0,0.1,280,2,277,1,0,11.9,0.8,0.0,87.3,0.0,0.0,0.0,0.0,15795.0 MiB,5843.0 MiB,1587.2 MiB,8364.8 MiB,4096.0 MiB,4096.0 MiB,0.0 MiB,13537.4 MiB
Python 3.4.10,nbody.py 50000000,324,1690924675,323512,python,6:17.95,15288,8228,4948,93.8,0.1,280,2,277,1,0,12.4,1.6,0.0,86.0,0.0,0.0,0.0,0.0,15795.0 MiB,5843.5 MiB,1586.7 MiB,8364.8 MiB,4096.0 MiB,4096.0 MiB,0.0 MiB,13537.9 MiB
Python 3.4.10,nbody.py 50000000,325,1690924676,323512,python,6:19.12,15288,8228,4948,100.0,0.1,280,2,277,1,0,12.7,0.0,0.0,87.3,0.0,0.0,0.0,0.0,15795.0 MiB,5843.5 MiB,1586.6 MiB,8364.8 MiB,4096.0 MiB,4096.0 MiB,0.0 MiB,13537.9 MiB
Python 3.4.10,nbody.py 50000000,326,1690924677,323512,python,6:20.28,15288,8228,4948,100.0,0.1,280,2,277,1,0,12.7,0.8,0.0,86.5,0.0,0.0,0.0,0.0,15795.0 MiB,5844.5 MiB,1585.7 MiB,8364.8 MiB,4096.0 MiB,4096.0 MiB,0.0 MiB,13538.9 MiB
Python 3.4.10,nbody.py 50000000,327,1690924678,323512,python,6:21.45,15288,8228,4948,93.8,0.1,280,2,277,1,0,12.7,0.0,0.0,87.3,0.0,0.0,0.0,0.0,15795.0 MiB,5844.3 MiB,1585.9 MiB,8364.8 MiB,4096.0 MiB,4096.0 MiB,0.0 MiB,13538.7 MiB
Python 3.4.10,nbody.py 50000000,328,1690924679,323512,python,6:22.62,15288,8228,4948,100.0,0.1,280,2,277,1,0,13.2,1.6,0.0,85.3,0.0,0.0,0.0,0.0,15795.0 MiB,5844.3 MiB,1585.9 MiB,8364.8 MiB,4096.0 MiB,4096.0 MiB,0.0 MiB,13538.7 MiB
Python 3.4.10,nbody.py 50000000,329,1690924681,323512,python,6:23.78,15288,8228,4948,93.8,0.1,280,2,277,1,0,12.6,0.8,0.0,86.6,0.0,0.0,0.0,0.0,15795.0 MiB,5843.5 MiB,1586.6 MiB,8364.8 MiB,4096.0 MiB,4096.0 MiB,0.0 MiB,13538.0 MiB
Python 3.4.10,nbody.py 50000000,330,1690924682,323512,python,6:24.95,15288,8228,4948,93.8,0.1,280,2,277,1,0,11.9,0.8,0.0,87.3,0.0,0.0,0.0,0.0,15795.0 MiB,5843.3 MiB,1586.8 MiB,8364.8 MiB,4096.0 MiB,4096.0 MiB,0.0 MiB,13537.7 MiB
Python 3.4.10,nbody.py 50000000,331,1690924683,323512,python,6:26.12,15288,8228,4948,100.0,0.1,280,2,277,1,0,12.6,0.8,0.0,86.6,0.0,0.0,0.0,0.0,15795.0 MiB,5843.1 MiB,1587.1 MiB,8364.8 MiB,4096.0 MiB,4096.0 MiB,0.0 MiB,13537.5 MiB
Python 3.4.10,nbody.py 50000000,332,1690924684,323512,python,6:27.28,15288,8228,4948,93.8,0.1,280,2,277,1,0,12.7,0.8,0.0,86.5,0.0,0.0,0.0,0.0,15795.0 MiB,5843.3 MiB,1586.8 MiB,8364.8 MiB,4096.0 MiB,4096.0 MiB,0.0 MiB,13537.7 MiB
Python 3.4.10,nbody.py 50000000,333,1690924685,323512,python,6:28.45,15288,8228,4948,100.0,0.1,280,2,277,1,0,12.0,0.0,0.0,88.0,0.0,0.0,0.0,0.0,15795.0 MiB,5843.3 MiB,1586.8 MiB,8364.9 MiB,4096.0 MiB,4096.0 MiB,0.0 MiB,13537.7 MiB
Python 3.4.10,nbody.py 50000000,334,1690924686,323512,python,6:29.62,15288,8228,4948,100.0,0.1,280,2,277,1,0,13.4,0.0,0.0,85.8,0.8,0.0,0.0,0.0,15795.0 MiB,5843.3 MiB,1586.8 MiB,8364.9 MiB,4096.0 MiB,4096.0 MiB,0.0 MiB,13537.7 MiB
Python 3.4.10,nbody.py 50000000,335,1690924688,323512,python,6:30.78,15288,8228,4948,93.8,0.1,280,2,277,1,0,12.7,0.0,0.0,87.3,0.0,0.0,0.0,0.0,15795.0 MiB,5843.3 MiB,1586.8 MiB,8364.9 MiB,4096.0 MiB,4096.0 MiB,0.0 MiB,13537.7 MiB
Python 3.4.10,nbody.py 50000000,336,1690924689,323512,python,6:31.95,15288,8228,4948,100.0,0.1,280,2,277,1,0,12.6,0.8,0.0,86.6,0.0,0.0,0.0,0.0,15795.0 MiB,5843.3 MiB,1586.8 MiB,8364.9 MiB,4096.0 MiB,4096.0 MiB,0.0 MiB,13537.8 MiB
Python 3.4.10,nbody.py 50000000,337,1690924690,323512,python,6:33.11,15288,8228,4948,93.8,0.1,280,2,277,1,0,13.3,0.8,0.0,85.9,0.0,0.0,0.0,0.0,15795.0 MiB,5843.5 MiB,1586.6 MiB,8364.9 MiB,4096.0 MiB,4096.0 MiB,0.0 MiB,13538.0 MiB
Python 3.4.10,nbody.py 50000000,338,1690924691,323512,python,6:34.28,15288,8228,4948,100.0,0.1,280,2,277,1,0,12.7,0.0,0.0,87.3,0.0,0.0,0.0,0.0,15795.0 MiB,5844.5 MiB,1585.6 MiB,8364.9 MiB,4096.0 MiB,4096.0 MiB,0.0 MiB,13539.0 MiB
Python 3.4.10,nbody.py 50000000,339,1690924692,323512,python,6:35.44,15288,8228,4948,100.0,0.1,280,2,277,1,0,14.0,0.8,0.0,85.3,0.0,0.0,0.0,0.0,15795.0 MiB,5844.3 MiB,1585.8 MiB,8364.9 MiB,4096.0 MiB,4096.0 MiB,0.0 MiB,13538.8 MiB
Python 3.4.10,nbody.py 50000000,340,1690924693,323512,python,6:36.61,15288,8228,4948,93.8,0.1,280,2,277,1,0,12.6,0.8,0.0,86.6,0.0,0.0,0.0,0.0,15795.0 MiB,5844.3 MiB,1585.8 MiB,8364.9 MiB,4096.0 MiB,4096.0 MiB,0.0 MiB,13538.8 MiB
Python 3.4.10,nbody.py 50000000,341,1690924695,323512,python,6:37.78,15288,8228,4948,100.0,0.1,280,2,277,1,0,12.7,0.0,0.0,87.3,0.0,0.0,0.0,0.0,15795.0 MiB,5844.0 MiB,1586.0 MiB,8364.9 MiB,4096.0 MiB,4096.0 MiB,0.0 MiB,13538.5 MiB
Python 3.4.10,nbody.py 50000000,342,1690924696,323512,python,6:38.94,15288,8228,4948,93.8,0.1,280,2,277,1,0,13.4,0.8,0.0,85.8,0.0,0.0,0.0,0.0,15795.0 MiB,5844.0 MiB,1586.0 MiB,8364.9 MiB,4096.0 MiB,4096.0 MiB,0.0 MiB,13538.5 MiB
Python 3.4.10,nbody.py 50000000,343,1690924697,323512,python,6:40.11,15288,8228,4948,100.0,0.1,280,2,277,1,0,13.3,0.8,0.0,85.9,0.0,0.0,0.0,0.0,15795.0 MiB,5844.0 MiB,1586.0 MiB,8364.9 MiB,4096.0 MiB,4096.0 MiB,0.0 MiB,13538.5 MiB
Python 3.4.10,nbody.py 50000000,344,1690924698,323512,python,6:41.27,15288,8228,4948,100.0,0.1,280,2,277,1,0,12.5,0.8,0.0,86.7,0.0,0.0,0.0,0.0,15795.0 MiB,5843.8 MiB,1586.3 MiB,8364.9 MiB,4096.0 MiB,4096.0 MiB,0.0 MiB,13538.3 MiB
Python 3.4.10,nbody.py 50000000,345,1690924699,323512,python,6:42.44,15288,8228,4948,93.8,0.1,280,2,277,1,0,13.3,0.8,0.0,85.9,0.0,0.0,0.0,0.0,15795.0 MiB,5843.8 MiB,1586.2 MiB,8364.9 MiB,4096.0 MiB,4096.0 MiB,0.0 MiB,13538.3 MiB
Python 3.4.10,nbody.py 50000000,346,1690924700,323512,python,6:43.61,15288,8228,4948,100.0,0.1,280,2,277,1,0,12.6,0.8,0.0,85.8,0.0,0.0,0.8,0.0,15795.0 MiB,5843.8 MiB,1586.2 MiB,8364.9 MiB,4096.0 MiB,4096.0 MiB,0.0 MiB,13538.3 MiB
Python 3.4.10,nbody.py 50000000,347,1690924702,323512,python,6:44.77,15288,8228,4948,93.8,0.1,280,2,277,1,0,12.6,0.8,0.0,86.6,0.0,0.0,0.0,0.0,15795.0 MiB,5843.8 MiB,1586.2 MiB,8365.0 MiB,4096.0 MiB,4096.0 MiB,0.0 MiB,13538.3 MiB
Python 3.4.10,nbody.py 50000000,348,1690924703,323512,python,6:45.94,15288,8228,4948,100.0,0.1,280,2,277,1,0,13.4,0.8,0.0,85.8,0.0,0.0,0.0,0.0,15795.0 MiB,5843.8 MiB,1586.2 MiB,8365.0 MiB,4096.0 MiB,4096.0 MiB,0.0 MiB,13538.3 MiB
Python 3.4.10,nbody.py 50000000,349,1690924704,323512,python,6:47.10,15288,8228,4948,100.0,0.1,280,2,277,1,0,12.6,0.8,0.0,86.6,0.0,0.0,0.0,0.0,15795.0 MiB,5844.0 MiB,1586.0 MiB,8365.0 MiB,4096.0 MiB,4096.0 MiB,0.0 MiB,13538.6 MiB
Python 3.4.10,nbody.py 50000000,350,1690924705,323512,python,6:48.27,15288,8228,4948,100.0,0.1,280,2,277,1,0,12.7,0.8,0.0,86.5,0.0,0.0,0.0,0.0,15795.0 MiB,5843.5 MiB,1586.5 MiB,8365.0 MiB,4096.0 MiB,4096.0 MiB,0.0 MiB,13538.1 MiB
Python 3.4.10,nbody.py 50000000,351,1690924706,323512,python,6:49.43,15288,8228,4948,100.0,0.1,280,2,277,1,0,12.6,1.6,0.0,85.8,0.0,0.0,0.0,0.0,15795.0 MiB,5844.0 MiB,1586.0 MiB,8365.0 MiB,4096.0 MiB,4096.0 MiB,0.0 MiB,13538.6 MiB
Python 3.4.10,nbody.py 50000000,352,1690924707,323512,python,6:50.60,15288,8228,4948,93.8,0.1,280,2,277,1,0,12.7,0.8,0.0,86.5,0.0,0.0,0.0,0.0,15795.0 MiB,5844.0 MiB,1586.0 MiB,8365.0 MiB,4096.0 MiB,4096.0 MiB,0.0 MiB,13538.6 MiB
Python 3.4.10,nbody.py 50000000,353,1690924709,323512,python,6:51.77,15288,8228,4948,100.0,0.1,280,2,277,1,0,13.2,1.6,0.0,85.3,0.0,0.0,0.0,0.0,15795.0 MiB,5844.0 MiB,1585.9 MiB,8365.0 MiB,4096.0 MiB,4096.0 MiB,0.0 MiB,13538.6 MiB
Python 3.4.10,nbody.py 50000000,354,1690924710,323512,python,6:52.93,15288,8228,4948,100.0,0.1,280,2,277,1,0,13.5,0.0,0.0,86.5,0.0,0.0,0.0,0.0,15795.0 MiB,5843.5 MiB,1586.4 MiB,8365.0 MiB,4096.0 MiB,4096.0 MiB,0.0 MiB,13538.1 MiB
Python 3.4.10,nbody.py 50000000,355,1690924711,323512,python,6:54.10,15288,8228,4948,93.8,0.1,280,2,277,1,0,13.2,1.6,0.0,85.3,0.0,0.0,0.0,0.0,15795.0 MiB,5843.3 MiB,1586.7 MiB,8365.0 MiB,4096.0 MiB,4096.0 MiB,0.0 MiB,13537.9 MiB
Python 3.4.10,nbody.py 50000000,356,1690924712,323512,python,6:55.27,15288,8228,4948,100.0,0.1,280,2,277,1,0,12.7,0.8,0.0,86.5,0.0,0.0,0.0,0.0,15795.0 MiB,5843.5 MiB,1586.4 MiB,8365.0 MiB,4096.0 MiB,4096.0 MiB,0.0 MiB,13538.1 MiB
Python 3.4.10,nbody.py 50000000,357,1690924713,323512,python,6:56.43,15288,8228,4948,93.8,0.1,280,2,277,1,0,13.3,0.8,0.0,85.9,0.0,0.0,0.0,0.0,15795.0 MiB,5844.0 MiB,1585.9 MiB,8365.0 MiB,4096.0 MiB,4096.0 MiB,0.0 MiB,13538.6 MiB
Python 3.4.10,nbody.py 50000000,358,1690924714,323512,python,6:57.60,15288,8228,4948,100.0,0.1,280,2,277,1,0,13.2,1.6,0.0,85.3,0.0,0.0,0.0,0.0,15795.0 MiB,5844.0 MiB,1585.9 MiB,8365.0 MiB,4096.0 MiB,4096.0 MiB,0.0 MiB,13538.6 MiB
Python 3.4.10,nbody.py 50000000,359,1690924716,323512,python,6:58.77,15288,8228,4948,100.0,0.1,280,2,277,1,0,12.4,0.8,0.0,86.8,0.0,0.0,0.0,0.0,15795.0 MiB,5844.0 MiB,1585.9 MiB,8365.0 MiB,4096.0 MiB,4096.0 MiB,0.0 MiB,13538.7 MiB
Python 3.4.10,nbody.py 50000000,360,1690924717,323512,python,6:59.93,15288,8228,4948,100.0,0.1,280,2,277,1,0,12.6,0.8,0.0,86.6,0.0,0.0,0.0,0.0,15795.0 MiB,5844.0 MiB,1585.9 MiB,8365.0 MiB,4096.0 MiB,4096.0 MiB,0.0 MiB,13538.7 MiB
Python 3.4.10,nbody.py 50000000,361,1690924718,323512,python,7:01.10,15288,8228,4948,93.8,0.1,280,2,277,1,0,13.4,0.0,0.0,86.6,0.0,0.0,0.0,0.0,15795.0 MiB,5844.0 MiB,1585.9 MiB,8365.1 MiB,4096.0 MiB,4096.0 MiB,0.0 MiB,13538.7 MiB
Python 3.4.10,nbody.py 50000000,362,1690924719,323512,python,7:02.27,15288,8228,4948,100.0,0.1,280,2,277,1,0,13.3,0.8,0.0,85.9,0.0,0.0,0.0,0.0,15795.0 MiB,5844.0 MiB,1585.9 MiB,8365.1 MiB,4096.0 MiB,4096.0 MiB,0.0 MiB,13538.7 MiB
Python 3.4.10,nbody.py 50000000,363,1690924720,323512,python,7:03.43,15288,8228,4948,100.0,0.1,280,2,277,1,0,12.7,0.8,0.0,86.5,0.0,0.0,0.0,0.0,15795.0 MiB,5844.0 MiB,1585.9 MiB,8365.1 MiB,4096.0 MiB,4096.0 MiB,0.0 MiB,13538.7 MiB
Python 3.4.10,nbody.py 50000000,364,1690924721,323512,python,7:04.60,15288,8228,4948,100.0,0.1,280,2,277,1,0,12.7,0.0,0.0,87.3,0.0,0.0,0.0,0.0,15795.0 MiB,5844.0 MiB,1585.9 MiB,8365.1 MiB,4096.0 MiB,4096.0 MiB,0.0 MiB,13538.7 MiB
Python 3.4.10,nbody.py 50000000,365,1690924723,323512,python,7:05.76,15288,8228,4948,100.0,0.1,280,2,277,1,0,12.7,0.8,0.0,86.5,0.0,0.0,0.0,0.0,15795.0 MiB,5844.0 MiB,1585.9 MiB,8365.1 MiB,4096.0 MiB,4096.0 MiB,0.0 MiB,13538.7 MiB
Python 3.4.10,nbody.py 50000000,366,1690924724,323512,python,7:06.93,15288,8228,4948,93.8,0.1,280,2,277,1,0,13.3,1.6,0.0,85.2,0.0,0.0,0.0,0.0,15795.0 MiB,5844.3 MiB,1585.6 MiB,8365.1 MiB,4096.0 MiB,4096.0 MiB,0.0 MiB,13538.9 MiB
Python 3.4.10,nbody.py 50000000,367,1690924725,323512,python,7:08.09,15288,8228,4948,100.0,0.1,280,2,277,1,0,12.7,0.8,0.0,86.5,0.0,0.0,0.0,0.0,15795.0 MiB,5843.8 MiB,1586.1 MiB,8365.1 MiB,4096.0 MiB,4096.0 MiB,0.0 MiB,13538.5 MiB
Python 3.4.10,nbody.py 50000000,368,1690924726,323512,python,7:09.26,15288,8228,4948,100.0,0.1,280,2,277,1,0,13.3,0.8,0.0,85.9,0.0,0.0,0.0,0.0,15795.0 MiB,5844.0 MiB,1585.9 MiB,8365.1 MiB,4096.0 MiB,4096.0 MiB,0.0 MiB,13538.7 MiB
Python 3.4.10,nbody.py 50000000,369,1690924727,323512,python,7:10.43,15288,8228,4948,100.0,0.1,280,3,276,1,0,12.6,0.8,0.0,86.6,0.0,0.0,0.0,0.0,15795.0 MiB,5844.3 MiB,1585.6 MiB,8365.1 MiB,4096.0 MiB,4096.0 MiB,0.0 MiB,13539.0 MiB
Python 3.4.10,nbody.py 50000000,370,1690924728,323512,python,7:11.59,15288,8228,4948,100.0,0.1,280,2,277,1,0,12.6,0.8,0.0,86.6,0.0,0.0,0.0,0.0,15795.0 MiB,5844.3 MiB,1585.6 MiB,8365.1 MiB,4096.0 MiB,4096.0 MiB,0.0 MiB,13539.0 MiB
Python 3.4.10,nbody.py 50000000,371,1690924730,323512,python,7:12.76,15288,8228,4948,93.8,0.1,280,2,277,1,0,12.6,0.8,0.0,86.6,0.0,0.0,0.0,0.0,15795.0 MiB,5844.3 MiB,1585.6 MiB,8365.1 MiB,4096.0 MiB,4096.0 MiB,0.0 MiB,13539.0 MiB
Python 3.4.10,nbody.py 50000000,372,1690924731,323512,python,7:13.93,15288,8228,4948,100.0,0.1,280,2,277,1,0,12.6,1.6,0.0,85.8,0.0,0.0,0.0,0.0,15795.0 MiB,5844.0 MiB,1585.8 MiB,8365.1 MiB,4096.0 MiB,4096.0 MiB,0.0 MiB,13538.7 MiB
Python 3.4.10,nbody.py 50000000,373,1690924732,323512,python,7:15.09,15288,8228,4948,100.0,0.1,280,2,277,1,0,12.6,0.8,0.0,86.6,0.0,0.0,0.0,0.0,15795.0 MiB,5844.0 MiB,1585.8 MiB,8365.1 MiB,4096.0 MiB,4096.0 MiB,0.0 MiB,13538.7 MiB
Python 3.4.10,nbody.py 50000000,374,1690924733,323512,python,7:16.26,15288,8228,4948,100.0,0.1,280,2,277,1,0,12.7,0.8,0.0,86.5,0.0,0.0,0.0,0.0,15795.0 MiB,5844.0 MiB,1585.8 MiB,8365.1 MiB,4096.0 MiB,4096.0 MiB,0.0 MiB,13538.8 MiB
Python 3.4.10,nbody.py 50000000,375,1690924734,323512,python,7:17.42,15288,8228,4948,100.0,0.1,280,2,277,1,0,13.3,0.8,0.0,85.9,0.0,0.0,0.0,0.0,15795.0 MiB,5844.0 MiB,1585.8 MiB,8365.1 MiB,4096.0 MiB,4096.0 MiB,0.0 MiB,13538.8 MiB
Python 3.4.10,nbody.py 50000000,376,1690924735,323512,python,7:18.60,15288,8228,4948,100.0,0.1,280,2,277,1,0,12.9,1.5,0.0,84.8,0.8,0.0,0.0,0.0,15795.0 MiB,5843.8 MiB,1586.0 MiB,8365.2 MiB,4096.0 MiB,4096.0 MiB,0.0 MiB,13538.5 MiB
Python 3.4.10,nbody.py 50000000,377,1690924737,323512,python,7:19.76,15288,8228,4948,100.0,0.1,280,2,277,1,0,12.0,0.8,0.0,87.2,0.0,0.0,0.0,0.0,15795.0 MiB,5843.8 MiB,1586.0 MiB,8365.2 MiB,4096.0 MiB,4096.0 MiB,0.0 MiB,13538.5 MiB
Python 3.4.10,nbody.py 50000000,378,1690924738,323512,python,7:20.93,15288,8228,4948,93.8,0.1,280,2,277,1,0,13.3,0.8,0.0,85.9,0.0,0.0,0.0,0.0,15795.0 MiB,5843.6 MiB,1586.3 MiB,8365.2 MiB,4096.0 MiB,4096.0 MiB,0.0 MiB,13538.3 MiB
Python 3.4.10,nbody.py 50000000,379,1690924739,323512,python,7:22.10,15288,8228,4948,100.0,0.1,280,2,277,1,0,12.6,1.6,0.0,85.8,0.0,0.0,0.0,0.0,15795.0 MiB,5843.1 MiB,1586.8 MiB,8365.2 MiB,4096.0 MiB,4096.0 MiB,0.0 MiB,13537.8 MiB
Python 3.4.10,nbody.py 50000000,380,1690924740,323512,python,7:23.26,15288,8228,4948,100.0,0.1,280,2,277,1,0,13.4,0.8,0.0,85.8,0.0,0.0,0.0,0.0,15795.0 MiB,5843.1 MiB,1586.7 MiB,8365.2 MiB,4096.0 MiB,4096.0 MiB,0.0 MiB,13537.8 MiB
Python 3.4.10,nbody.py 50000000,381,1690924741,323512,python,7:24.43,15288,8228,4948,100.0,0.1,280,2,277,1,0,12.6,0.8,0.0,86.6,0.0,0.0,0.0,0.0,15795.0 MiB,5843.1 MiB,1586.7 MiB,8365.2 MiB,4096.0 MiB,4096.0 MiB,0.0 MiB,13537.8 MiB
Python 3.4.10,nbody.py 50000000,382,1690924742,323512,python,7:25.59,15288,8228,4948,100.0,0.1,280,2,277,1,0,13.4,0.8,0.0,85.8,0.0,0.0,0.0,0.0,15795.0 MiB,5843.1 MiB,1586.7 MiB,8365.2 MiB,4096.0 MiB,4096.0 MiB,0.0 MiB,13537.8 MiB
Python 3.4.10,nbody.py 50000000,383,1690924744,323512,python,7:26.76,15288,8228,4948,100.0,0.1,280,2,277,1,0,12.6,0.8,0.0,86.6,0.0,0.0,0.0,0.0,15795.0 MiB,5842.8 MiB,1587.0 MiB,8365.2 MiB,4096.0 MiB,4096.0 MiB,0.0 MiB,13537.6 MiB
Python 3.4.10,nbody.py 50000000,384,1690924745,323512,python,7:27.92,15288,8228,4948,100.0,0.1,280,2,277,1,0,13.4,0.8,0.0,85.8,0.0,0.0,0.0,0.0,15795.0 MiB,5842.8 MiB,1587.0 MiB,8365.2 MiB,4096.0 MiB,4096.0 MiB,0.0 MiB,13537.6 MiB
Python 3.4.10,nbody.py 50000000,385,1690924746,323512,python,7:29.09,15288,8228,4948,93.8,0.1,280,2,277,1,0,12.8,0.0,0.0,87.2,0.0,0.0,0.0,0.0,15795.0 MiB,5842.8 MiB,1587.0 MiB,8365.2 MiB,4096.0 MiB,4096.0 MiB,0.0 MiB,13537.6 MiB
Python 3.4.10,nbody.py 50000000,386,1690924747,323512,python,7:30.26,15288,8228,4948,100.0,0.1,280,2,277,1,0,12.6,0.8,0.0,86.6,0.0,0.0,0.0,0.0,15795.0 MiB,5842.8 MiB,1586.9 MiB,8365.2 MiB,4096.0 MiB,4096.0 MiB,0.0 MiB,13537.6 MiB
Python 3.4.10,nbody.py 50000000,387,1690924748,323512,python,7:31.42,15288,8228,4948,100.0,0.1,280,2,277,1,0,12.6,0.8,0.0,86.6,0.0,0.0,0.0,0.0,15795.0 MiB,5842.6 MiB,1587.2 MiB,8365.2 MiB,4096.0 MiB,4096.0 MiB,0.0 MiB,13537.4 MiB
Python 3.4.10,nbody.py 50000000,388,1690924749,323512,python,7:32.59,15288,8228,4948,100.0,0.1,280,2,277,1,0,13.4,0.0,0.0,86.6,0.0,0.0,0.0,0.0,15795.0 MiB,5842.6 MiB,1587.2 MiB,8365.2 MiB,4096.0 MiB,4096.0 MiB,0.0 MiB,13537.4 MiB
Python 3.4.10,nbody.py 50000000,389,1690924751,323512,python,7:33.75,15288,8228,4948,100.0,0.1,280,2,277,1,0,12.7,0.0,0.0,87.3,0.0,0.0,0.0,0.0,15795.0 MiB,5842.6 MiB,1587.2 MiB,8365.2 MiB,4096.0 MiB,4096.0 MiB,0.0 MiB,13537.4 MiB
Python 3.4.10,nbody.py 50000000,390,1690924752,323512,python,7:34.92,15288,8228,4948,100.0,0.1,280,2,277,1,0,13.3,0.8,0.0,85.9,0.0,0.0,0.0,0.0,15795.0 MiB,5842.1 MiB,1587.7 MiB,8365.2 MiB,4096.0 MiB,4096.0 MiB,0.0 MiB,13536.9 MiB
Python 3.4.10,nbody.py 50000000,391,1690924753,323512,python,7:36.08,15288,8228,4948,93.8,0.1,280,2,277,1,0,12.8,0.0,0.0,87.2,0.0,0.0,0.0,0.0,15795.0 MiB,5842.1 MiB,1587.6 MiB,8365.3 MiB,4096.0 MiB,4096.0 MiB,0.0 MiB,13536.9 MiB
Python 3.4.10,nbody.py 50000000,392,1690924754,323512,python,7:37.25,15288,8228,4948,100.0,0.1,280,2,277,1,0,12.7,0.8,0.0,86.5,0.0,0.0,0.0,0.0,15795.0 MiB,5842.1 MiB,1587.6 MiB,8365.3 MiB,4096.0 MiB,4096.0 MiB,0.0 MiB,13536.9 MiB
Python 3.4.10,nbody.py 50000000,393,1690924755,323512,python,7:38.42,15288,8228,4948,100.0,0.1,280,2,277,1,0,12.7,0.0,0.0,87.3,0.0,0.0,0.0,0.0,15795.0 MiB,5842.1 MiB,1587.6 MiB,8365.3 MiB,4096.0 MiB,4096.0 MiB,0.0 MiB,13536.9 MiB
Python 3.4.10,nbody.py 50000000,394,1690924756,323512,python,7:39.58,15288,8228,4948,100.0,0.1,280,2,277,1,0,13.3,0.0,0.0,85.9,0.8,0.0,0.0,0.0,15795.0 MiB,5842.1 MiB,1587.6 MiB,8365.3 MiB,4096.0 MiB,4096.0 MiB,0.0 MiB,13536.9 MiB
Python 3.4.10,nbody.py 50000000,395,1690924758,323512,python,7:40.75,15288,8228,4948,93.8,0.1,280,2,277,1,0,12.6,0.8,0.0,86.6,0.0,0.0,0.0,0.0,15795.0 MiB,5842.1 MiB,1587.6 MiB,8365.3 MiB,4096.0 MiB,4096.0 MiB,0.0 MiB,13536.9 MiB
Python 3.4.10,nbody.py 50000000,396,1690924759,323512,python,7:41.92,15288,8228,4948,100.0,0.1,280,2,277,1,0,13.0,0.8,0.0,86.3,0.0,0.0,0.0,0.0,15795.0 MiB,5842.1 MiB,1587.6 MiB,8365.3 MiB,4096.0 MiB,4096.0 MiB,0.0 MiB,13536.9 MiB
Python 3.4.10,nbody.py 50000000,397,1690924760,323512,python,7:43.09,15288,8228,4948,100.0,0.1,280,2,277,1,0,12.6,0.8,0.0,86.6,0.0,0.0,0.0,0.0,15795.0 MiB,5842.1 MiB,1587.6 MiB,8365.3 MiB,4096.0 MiB,4096.0 MiB,0.0 MiB,13537.0 MiB
Python 3.4.10,nbody.py 50000000,398,1690924761,323512,python,7:44.26,15288,8228,4948,100.0,0.1,280,2,277,1,0,13.2,0.8,0.0,86.0,0.0,0.0,0.0,0.0,15795.0 MiB,5842.1 MiB,1587.6 MiB,8365.3 MiB,4096.0 MiB,4096.0 MiB,0.0 MiB,13537.0 MiB
Python 3.4.10,nbody.py 50000000,399,1690924762,323512,python,7:45.42,15288,8228,4948,100.0,0.1,280,2,277,1,0,13.3,0.8,0.0,85.9,0.0,0.0,0.0,0.0,15795.0 MiB,5842.1 MiB,1587.6 MiB,8365.3 MiB,4096.0 MiB,4096.0 MiB,0.0 MiB,13537.0 MiB
Python 3.4.10,nbody.py 50000000,400,1690924763,323512,python,7:46.59,15288,8228,4948,100.0,0.1,280,2,277,1,0,13.3,0.8,0.0,85.9,0.0,0.0,0.0,0.0,15795.0 MiB,5842.8 MiB,1586.9 MiB,8365.3 MiB,4096.0 MiB,4096.0 MiB,0.0 MiB,13537.7 MiB
Python 3.4.10,nbody.py 50000000,401,1690924765,323512,python,7:47.75,15288,8228,4948,100.0,0.1,280,2,277,1,0,12.6,0.8,0.0,86.6,0.0,0.0,0.0,0.0,15795.0 MiB,5842.6 MiB,1587.1 MiB,8365.3 MiB,4096.0 MiB,4096.0 MiB,0.0 MiB,13537.5 MiB
Python 3.4.10,nbody.py 50000000,402,1690924766,323512,python,7:48.92,15288,8228,4948,100.0,0.1,280,2,277,1,0,13.3,0.8,0.0,85.9,0.0,0.0,0.0,0.0,15795.0 MiB,5842.6 MiB,1587.1 MiB,8365.3 MiB,4096.0 MiB,4096.0 MiB,0.0 MiB,13537.5 MiB
Python 3.4.10,nbody.py 50000000,403,1690924767,323512,python,7:50.09,15288,8228,4948,100.0,0.1,280,2,277,1,0,13.4,0.0,0.0,86.6,0.0,0.0,0.0,0.0,15795.0 MiB,5841.8 MiB,1587.8 MiB,8365.3 MiB,4096.0 MiB,4096.0 MiB,0.0 MiB,13536.7 MiB
Python 3.4.10,nbody.py 50000000,404,1690924768,323512,python,7:51.25,15288,8228,4948,100.0,0.1,280,2,277,1,0,12.9,1.5,0.0,85.6,0.0,0.0,0.0,0.0,15795.0 MiB,5841.8 MiB,1587.8 MiB,8365.3 MiB,4096.0 MiB,4096.0 MiB,0.0 MiB,13536.8 MiB
Python 3.4.10,nbody.py 50000000,405,1690924769,323512,python,7:52.42,15288,8228,4948,100.0,0.1,280,2,277,1,0,13.5,0.0,0.0,86.5,0.0,0.0,0.0,0.0,15795.0 MiB,5841.8 MiB,1587.8 MiB,8365.3 MiB,4096.0 MiB,4096.0 MiB,0.0 MiB,13536.8 MiB
Python 3.4.10,nbody.py 50000000,406,1690924770,323512,python,7:53.59,15288,8228,4948,100.0,0.1,280,2,277,1,0,11.9,0.8,0.0,87.3,0.0,0.0,0.0,0.0,15795.0 MiB,5841.8 MiB,1587.8 MiB,8365.3 MiB,4096.0 MiB,4096.0 MiB,0.0 MiB,13536.8 MiB
Python 3.4.10,nbody.py 50000000,407,1690924772,323512,python,7:54.75,15288,8228,4948,93.8,0.1,280,2,277,1,0,13.5,0.0,0.0,86.5,0.0,0.0,0.0,0.0,15795.0 MiB,5841.8 MiB,1587.8 MiB,8365.4 MiB,4096.0 MiB,4096.0 MiB,0.0 MiB,13536.8 MiB
Python 3.4.10,nbody.py 50000000,408,1690924773,323512,python,7:55.92,15288,8228,4948,100.0,0.1,280,2,277,1,0,12.7,0.8,0.0,85.7,0.8,0.0,0.0,0.0,15795.0 MiB,5841.8 MiB,1587.8 MiB,8365.4 MiB,4096.0 MiB,4096.0 MiB,0.0 MiB,13536.8 MiB
Python 3.4.10,nbody.py 50000000,409,1690924774,323512,python,7:57.09,15288,8228,4948,100.0,0.1,280,2,277,1,0,12.6,0.8,0.0,86.6,0.0,0.0,0.0,0.0,15795.0 MiB,5841.6 MiB,1588.0 MiB,8365.4 MiB,4096.0 MiB,4096.0 MiB,0.0 MiB,13536.6 MiB
Python 3.4.10,nbody.py 50000000,410,1690924775,323512,python,7:58.25,15288,8228,4948,100.0,0.1,280,2,277,1,0,12.6,0.8,0.0,86.6,0.0,0.0,0.0,0.0,15795.0 MiB,5841.6 MiB,1588.0 MiB,8365.4 MiB,4096.0 MiB,4096.0 MiB,0.0 MiB,13536.6 MiB
Python 3.4.10,nbody.py 50000000,411,1690924776,323512,python,7:59.42,15288,8228,4948,100.0,0.1,280,2,277,1,0,12.8,0.0,0.0,87.2,0.0,0.0,0.0,0.0,15795.0 MiB,5841.6 MiB,1588.0 MiB,8365.4 MiB,4096.0 MiB,4096.0 MiB,0.0 MiB,13536.6 MiB
Python 3.4.10,nbody.py 50000000,412,1690924777,323512,python,8:00.58,15288,8228,4948,93.8,0.1,280,3,276,1,0,12.8,0.0,0.0,87.2,0.0,0.0,0.0,0.0,15795.0 MiB,5841.1 MiB,1588.5 MiB,8365.4 MiB,4096.0 MiB,4096.0 MiB,0.0 MiB,13536.1 MiB
Python 3.4.10,nbody.py 50000000,413,1690924779,323512,python,8:01.75,15288,8228,4948,100.0,0.1,280,2,277,1,0,13.3,0.8,0.0,85.9,0.0,0.0,0.0,0.0,15795.0 MiB,5841.1 MiB,1588.5 MiB,8365.4 MiB,4096.0 MiB,4096.0 MiB,0.0 MiB,13536.1 MiB
Python 3.4.10,nbody.py 50000000,414,1690924780,323512,python,8:02.91,15288,8228,4948,93.8,0.1,280,2,277,1,0,12.0,0.8,0.0,87.2,0.0,0.0,0.0,0.0,15795.0 MiB,5841.1 MiB,1588.5 MiB,8365.4 MiB,4096.0 MiB,4096.0 MiB,0.0 MiB,13536.1 MiB
Python 3.4.10,nbody.py 50000000,415,1690924781,323512,python,8:04.08,15288,8228,4948,100.0,0.1,280,2,277,1,0,13.4,0.0,0.0,86.6,0.0,0.0,0.0,0.0,15795.0 MiB,5840.9 MiB,1588.7 MiB,8365.4 MiB,4096.0 MiB,4096.0 MiB,0.0 MiB,13535.9 MiB
Python 3.4.10,nbody.py 50000000,416,1690924782,323512,python,8:05.25,15288,8228,4948,100.0,0.1,280,2,277,1,0,12.7,0.0,0.0,87.3,0.0,0.0,0.0,0.0,15795.0 MiB,5840.9 MiB,1588.7 MiB,8365.4 MiB,4096.0 MiB,4096.0 MiB,0.0 MiB,13535.9 MiB
