test,release_date,path,version,appplication,CPU_Utilization,CPI,Retiring,Frontend_Bound,Bad_Speculation,Backend_Bound,ILP,IPC_perf,Kernel_Utilization,L1D_Cache_Fill_BW,Turbo_Utilization,time_elapsed_sec,cycles,freq_cycles_GHz,instructions,insn_per_cycle,cpu_clock_msec,no_cpus,cpu_cycles,freq_cpu_cycles_GHz,cpu_migrations,ref_cycles,bus_cycles,task_clock_msec,no_cpus_task_clock,cpu_thermal_margin_C,branches,branch_misses,percent_branch_misses,mem_loads,mem_stores,page_faults,minor_faults,major_faults,cache_references,cache_misses,percent_cache_misses,L1_dcache_loads,L1_dcache_load_misses,percent_L1_dcache_load_misses,LLC_loads,LLC_load_misses,percent_LLC_load_misses,L1_icache_load_misses,dTLB_loads,dTLB_load_misses,percent_dTLB_load_misses,iTLB_loads,iTLB_load_misses,percent_iTLB_load_misses,block_rq_issue,block_rq_complete,TotalSlots,FetchBubbles,SlotsRetired,SlotsIssued+RecoveryBubbles,SlotsBackend
1,2023-07-18,nbody_50000000_v5_original,1.8.0_382,nbody.java 50000000,1.0,0.43,0.58,0.02,0.0,0.39,5.27,2.24,0.01,0.22,2.15,3.967419534,15908781296,3.998,36943124203,2.31,3979.36,1.003,15942215428,4.006,21,7400323019,93526358,3979.51,1.003,731.0,2849977685,190060,0.01%,0,4057575656,3045,3036,8,167969,17233,10.26,9153175731,124579,0.00%,13757,1203,8.74%,375987,9199964338,69,0.00%,19510,12044,61.73%,0,0,63635125184,1272702503.68,36908372606.72,0.0,24817698821.760002
2,2023-07-18,nbody_50000000_v5_original,1.8.0_382,nbody.java 50000000,1.0,0.43,0.58,0.02,0.0,0.39,5.27,2.23,0.01,0.18,2.15,3.967372007,15882282383,3.99,36892813540,2.31,3980.13,1.003,15896106171,3.994,26,7378271830,93513691,3980.25,1.003,747.0,2849514608,266491,0.01%,0,4064930951,3047,3038,8,565570,152406,26.947,9136324569,199838,0.00%,33108,3101,9.37%,567049,9186423998,255,0.00%,18912,15663,82.82%,0,0,63529129532,1270582590.64,36846895128.56,0.0,24776360517.48
3,2023-07-18,nbody_50000000_v5_original,1.8.0_382,nbody.java 50000000,1.0,0.44,0.58,0.03,0.0,0.39,5.3,2.22,0.02,0.26,2.15,3.999061764,16300297727,4.064,36644130256,2.26,4011.0,1.003,15911200722,3.967,24,7366621137,93370587,4011.13,1.003,687.0,2856598741,399275,0.01%,0,4046878543,3071,3062,8,129413,37318,28.836,9087781851,119855,0.00%,12337,2465,19.98%,389997,9020075221,108,0.00%,5492,4360,79.39%,0,0,65201190908,1956035727.24,37816690726.64,0.0,25428464454.120003
4,2023-07-18,nbody_50000000_v5_original,1.8.0_382,nbody.java 50000000,1.0,0.43,0.58,0.03,0.0,0.39,5.3,2.25,0.02,0.25,2.15,4.006316042,16347003946,4.069,37291292184,2.29,4017.8,1.003,16348098514,4.069,24,7558567454,93357002,4017.94,1.003,601.0,2856937849,400129,0.01%,0,4048108105,3064,3052,11,302701,58551,19.343,8989558431,161812,0.00%,24174,2997,12.40%,439728,8988646345,54,0.00%,3458,4617,133.52%,0,0,65388015784,1961640473.52,37925049154.71999,0.0,25501326155.760002
5,2023-07-18,nbody_50000000_v5_original,1.8.0_382,nbody.java 50000000,1.0,0.43,0.58,0.02,0.0,0.39,5.27,2.24,0.01,0.25,2.15,3.991038645,15890913795,3.97,36199248538,2.24,4003.1,1.003,15900892279,3.972,31,7379206910,93399526,4003.22,1.003,574.0,2844104342,329575,0.01%,0,4059750601,3064,3055,8,247874,37283,15.041,9064290429,169674,0.00%,31434,2952,9.39%,437077,9183932468,270,0.00%,4696,3222,68.61%,0,0,63563655180,1271273103.6000001,36866920004.399994,0.0,24789825520.2
6,2023-07-18,nbody_50000000_v5_original,1.8.0_382,nbody.java 50000000,1.0,0.43,0.58,0.02,0.0,0.39,5.3,2.25,0.01,0.26,2.15,3.968761841,15894977229,3.993,36775545318,2.3,3980.84,1.003,15898977089,3.994,23,7367051137,93376246,3980.97,1.003,522.0,2856023086,347221,0.01%,0,4050747920,3060,3051,8,486523,44818,9.212,9141886386,179654,0.00%,36210,1741,4.81%,535550,9172507874,695,0.00%,6181,13915,225.13%,0,0,63579908916,1271598178.32,36876347171.28,0.0,24796164477.24
7,2023-07-18,nbody_50000000_v5_original,1.8.0_382,nbody.java 50000000,1.0,0.43,0.58,0.02,0.0,0.39,5.3,2.27,0.01,0.25,2.15,3.964598725,15890373539,3.997,36739070061,2.3,3975.59,1.003,15927123413,4.006,21,7379684216,93411812,3975.73,1.003,569.0,2857847285,337925,0.01%,0,4058506133,3041,3032,8,561060,170368,30.365,9146454574,200930,0.00%,35720,8207,22.98%,563904,9188304742,85,0.00%,22081,18275,82.76%,0,0,63561494156,1271229883.1200001,36865666610.479996,0.0,24788982720.84
8,2023-07-18,nbody_50000000_v5_original,1.8.0_382,nbody.java 50000000,1.0,0.43,0.59,0.02,0.0,0.39,5.31,2.25,0.01,0.27,2.15,3.967664879,15881473756,3.99,36841134142,2.31,3980.13,1.003,15919436282,4.0,25,7367584944,93381420,3980.24,1.003,528.0,2862757197,395206,0.01%,0,4052969126,3045,3033,11,239275,42631,17.817,9127353006,134891,0.00%,19141,2412,12.60%,415308,9167576881,657,0.00%,6523,13007,199.40%,0,0,63525895024,1270517900.48,37480278064.159996,0.0,24775099059.36
9,2023-07-18,nbody_50000000_v5_original,1.8.0_382,nbody.java 50000000,1.0,0.43,0.58,0.02,0.0,0.39,5.29,2.26,0.01,0.24,2.15,3.970509181,15877620740,3.986,36576205383,2.28,3982.87,1.003,15925005008,3.998,18,7382544351,93443834,3983.02,1.003,567.0,2852027793,340809,0.01%,0,4043149968,3062,3053,8,262683,47626,18.131,9114623730,134485,0.00%,14335,2520,17.58%,396349,9193596564,378,0.00%,3489,2989,85.67%,0,0,63510482960,1270209659.2,36836080116.799995,0.0,24769088354.4
10,2023-07-18,nbody_50000000_v5_original,1.8.0_382,nbody.java 50000000,1.0,0.43,0.58,0.02,0.0,0.39,5.28,2.24,0.01,0.24,2.15,3.977745451,15891144628,3.983,36563588961,2.28,3989.84,1.003,15905613908,3.986,18,7384755070,93595391,3989.96,1.003,563.0,2855118104,435773,0.02%,0,4040260161,3066,3057,8,326184,57523,17.635,9127480804,136901,0.00%,16552,755,4.56%,392938,9165384490,1059,0.00%,3659,3307,90.38%,0,0,63564578512,1271291570.24,36867455536.96,0.0,24790185619.68
1,2018-01-16,nbody_50000000_v5_original,9.0.4,nbody.java 50000000,1.0,0.45,0.57,0.03,0.0,0.4,5.31,2.22,0.01,0.29,2.15,3.964305247,15803900855,3.945,34356843427,2.16,4005.48,1.01,15943215649,3.98,42,7405650922,93854319,4005.78,1.01,1438.0,2482026277,6138353,0.25%,0,4080380734,4743,4733,8,31493217,1583120,5.027,9198608138,3370459,0.04%,72547,5648,7.79%,447042,9290196898,1298,0.00%,14826,15423,104.03%,0,0,63215603420,1896468102.6,36032893949.399994,0.0,25286241368.0
2,2018-01-16,nbody_50000000_v5_original,9.0.4,nbody.java 50000000,1.0,0.45,0.57,0.03,0.0,0.4,5.3,2.21,0.01,0.25,2.15,3.977450153,15834467578,3.939,34258226701,2.14,4019.74,1.011,15940620627,3.965,46,7429766985,94170134,4020.05,1.011,1288.0,2478030173,6043946,0.24%,0,4056771466,4752,4742,8,29753100,1270183,4.269,9194620794,1192375,0.01%,34740,6285,18.09%,618481,9246060397,912,0.00%,5118,7039,137.53%,0,0,63337870312,1900136109.36,36102586077.84,0.0,25335148124.800003
3,2018-01-16,nbody_50000000_v5_original,9.0.4,nbody.java 50000000,1.0,0.45,0.57,0.03,0.0,0.4,5.26,2.13,0.02,0.42,2.15,4.003917066,16318085737,4.033,34052142564,2.1,4045.49,1.01,15970123237,3.947,36,7420340217,93797202,4045.82,1.01,1202.0,2425105313,4580290,0.19%,0,3998714008,4708,4698,8,21908157,968549,4.421,9194112119,187599,0.00%,33337,5685,17.05%,414199,9191806062,92,0.00%,2764,3899,141.06%,0,0,65272342948,1958170288.4399998,37205235480.36,0.0,26108937179.2
4,2018-01-16,nbody_50000000_v5_original,9.0.4,nbody.java 50000000,1.0,0.45,0.57,0.03,0.0,0.39,5.31,2.21,0.01,0.28,2.15,3.961866926,15786642742,3.943,34200760581,2.16,4003.96,1.011,15911163971,3.974,61,7415731168,93577222,4004.21,1.011,1125.0,2475474706,5148396,0.21%,8,4094957188,4760,4748,10,32712577,1739397,5.317,9189339803,5554613,0.06%,310425,4669,1.50%,441447,9284241251,9066,0.00%,18907,14228,75.25%,0,0,63146570968,1894397129.04,35993545451.759995,0.0,24627162677.52
5,2018-01-16,nbody_50000000_v5_original,9.0.4,nbody.java 50000000,1.0,0.45,0.57,0.03,0.0,0.38,5.24,2.16,0.01,0.34,2.15,3.975681809,15905674619,3.954,34533126012,2.18,4022.31,1.012,15946600514,3.964,70,7420328495,93289704,4022.42,1.012,1119.0,2433994574,3236873,0.13%,8,4035705448,4731,4721,8,27193239,1139685,4.191,9190590162,1480166,0.02%,46113,5584,12.11%,650364,9287050079,9958,0.00%,15768,20883,132.44%,0,0,63622698476,1908680954.28,36264938131.32,0.0,24176625420.88
6,2018-01-16,nbody_50000000_v5_original,9.0.4,nbody.java 50000000,1.0,0.45,0.57,0.03,0.0,0.39,5.3,2.16,0.03,0.27,2.15,3.993554217,15801464908,3.915,34093152963,2.12,4035.56,1.011,15896658186,3.939,59,7412483347,93747442,4035.93,1.011,1057.0,2460054764,5630763,0.23%,4,4046988406,4726,4716,8,30831840,1731758,5.617,9091820123,5224901,0.06%,281699,6147,2.18%,510122,9217764877,788,0.00%,3132,3182,101.60%,0,0,63205859632,1896175788.96,36027339990.24,0.0,24650285256.48
7,2018-01-16,nbody_50000000_v5_original,9.0.4,nbody.java 50000000,1.0,0.45,0.57,0.03,0.0,0.4,5.29,2.14,0.01,0.4,2.15,3.976518283,15901083336,3.958,34542481207,2.16,4016.83,1.01,15949988808,3.971,49,7435539528,94005925,4017.1,1.01,971.0,2456234418,3548562,0.14%,0,4036217392,4739,4729,8,23747218,1218682,5.132,9224472938,656867,0.01%,33457,5484,16.39%,570427,9280447044,2336,0.00%,4027,6877,170.77%,0,0,63604333344,1908130000.32,36254470006.079994,0.0,25441733337.600002
8,2018-01-16,nbody_50000000_v5_original,9.0.4,nbody.java 50000000,1.0,0.45,0.57,0.03,0.0,0.39,5.29,2.2,0.01,0.29,2.15,3.997713602,15758978624,3.899,33600976177,2.09,4041.87,1.011,15842315510,3.919,72,7391834370,93573455,4042.19,1.011,998.0,2457890569,5994910,0.24%,0,4055989674,4755,4743,10,30485728,1775241,5.823,9107908313,5643192,0.06%,392631,6371,1.62%,518409,9240855336,1553,0.00%,6111,3856,63.10%,0,0,63035914496,1891077434.8799999,35930471262.71999,0.0,24584006653.440002
9,2018-01-16,nbody_50000000_v5_original,9.0.4,nbody.java 50000000,1.0,0.45,0.57,0.03,0.0,0.4,5.29,2.12,0.01,0.42,2.15,3.982083842,15930743105,3.954,34567729385,2.15,4028.66,1.012,16004183271,3.972,24,7432158396,94229093,4028.9,1.012,968.0,2465680748,3731566,0.15%,0,4037873831,4741,4731,8,33503473,1482067,4.424,9134128991,3491925,0.04%,68856,5761,8.37%,511123,9264233797,7,0.00%,2756,3387,122.90%,0,0,63722972420,1911689172.6,36322094279.399994,0.0,25489188968.0
10,2018-01-16,nbody_50000000_v5_original,9.0.4,nbody.java 50000000,1.0,0.46,0.57,0.04,0.0,0.4,5.29,2.2,0.01,0.25,2.15,3.98822299,15784612375,3.917,34172814741,2.13,4029.61,1.01,15905755660,3.947,55,7430895350,94010225,4029.94,1.01,957.0,2480752816,5890596,0.24%,4,4077255302,4758,4748,8,31777388,1563007,4.919,9102696054,3712200,0.04%,74314,5795,7.80%,459625,9195968890,54,0.00%,1346,4738,352.01%,0,0,63138449500,2525537980.0,35988916215.0,0.0,25255379800.0
1,2018-07-17,nbody_50000000_v5_original,10.0.2,nbody.java 50000000,1.0,0.45,0.58,0.03,0.0,0.38,5.36,2.14,0.02,0.4,2.15,4.037502033,16419866323,4.023,35851091752,2.21,4081.38,1.011,16479984216,4.038,35,7633611123,96726928,4081.64,1.011,1471.0,2925603570,4477699,0.15%,0,4084170139,4692,4682,8,18661921,609918,3.268,9951609348,219739,0.00%,26994,5278,19.55%,432838,10061557734,216,0.00%,4966,4003,80.61%,0,0,65679465292,1970383958.76,38094089869.36,0.0,24958196810.96
2,2018-07-17,nbody_50000000_v5_original,10.0.2,nbody.java 50000000,1.0,0.44,0.58,0.04,0.01,0.38,5.41,2.18,0.01,0.46,2.15,4.010360004,16355810812,4.038,36442099564,2.24,4049.98,1.01,16413819928,4.053,61,7425289001,93442032,4050.19,1.01,1329.0,2457204639,3651149,0.15%,8,4016555233,4518,4508,8,4192334,151416,3.612,10063195008,214797,0.00%,37464,10738,28.66%,582163,10097826295,518,0.00%,5676,8171,143.96%,0,0,65423243248,2616929729.92,37945481083.84,654232432.48,24860832434.24
3,2018-07-17,nbody_50000000_v5_original,10.0.2,nbody.java 50000000,1.0,0.45,0.58,0.03,0.0,0.38,5.36,2.14,0.01,0.37,2.15,4.039827461,16393835851,4.017,35773010778,2.2,4080.56,1.01,16437172654,4.028,43,7637772347,96780160,4080.82,1.01,1228.0,2927451275,4381219,0.15%,4,4076969308,4747,4737,8,19599551,694098,3.541,9998985919,168467,0.00%,27386,6256,22.84%,422161,10045796689,61,0.00%,3465,4127,119.11%,0,0,65575343404,1967260302.12,38033699174.32,0.0,24918630493.52
4,2018-07-17,nbody_50000000_v5_original,10.0.2,nbody.java 50000000,1.0,0.45,0.58,0.03,0.0,0.37,5.33,2.11,0.02,0.37,2.15,4.063058043,16402156768,3.996,35988373804,2.21,4104.94,1.01,16465483122,4.011,37,7642123904,96795761,4105.22,1.01,1109.0,2918564395,4366035,0.15%,4,4044969035,4721,4708,11,16351619,593497,3.63,10187006664,551587,0.01%,126433,40888,32.34%,1082704,10289909688,146,0.00%,4572,4762,104.16%,0,0,65608627072,1968258812.1599998,38053003701.759995,0.0,24275192016.64
5,2018-07-17,nbody_50000000_v5_original,10.0.2,nbody.java 50000000,1.0,0.44,0.58,0.03,0.0,0.37,5.4,2.18,0.01,0.42,2.15,4.004134727,16324491106,4.037,35609657520,2.2,4043.25,1.01,15961351214,3.948,38,7380845057,93293166,4043.52,1.01,1067.0,2454423434,3735156,0.15%,0,4023384570,4600,4590,8,6849384,131386,1.918,10104238864,175653,0.00%,29487,2683,9.10%,447577,10154942609,301,0.00%,4003,5527,138.07%,0,0,65297964424,1958938932.72,37872819365.92,0.0,24160246836.88
6,2018-07-17,nbody_50000000_v5_original,10.0.2,nbody.java 50000000,1.0,0.46,0.57,0.05,0.0,0.37,5.38,2.15,0.02,0.42,2.15,4.070339528,16437651984,3.998,35679588345,2.2,4110.9,1.01,16486581375,4.01,41,7648191364,96878535,4111.17,1.01,1042.0,2936091854,5095649,0.17%,0,4133662560,4777,4767,8,3458743,134755,3.896,10156494824,518278,0.01%,110732,37722,34.07%,1053577,10254529405,139,0.00%,5513,4419,80.16%,0,0,65750607936,3287530396.8,37477846523.52,0.0,24327724936.32
7,2018-07-17,nbody_50000000_v5_original,10.0.2,nbody.java 50000000,1.0,0.45,0.58,0.03,0.0,0.38,5.38,2.15,0.01,0.51,2.15,4.044049203,16344677708,4.0,35452218493,2.18,4086.24,1.01,16398600412,4.013,42,7631394680,96709463,4086.48,1.01,967.0,2925700071,4409073,0.15%,0,4115991583,4702,4692,8,8881825,147030,1.655,9964963375,182301,0.00%,33092,2760,8.34%,448621,10018949014,758,0.00%,4847,3061,63.15%,0,0,65378710832,1961361324.96,37919652282.56,0.0,24843910116.16
8,2018-07-17,nbody_50000000_v5_original,10.0.2,nbody.java 50000000,1.0,0.45,0.58,0.03,0.0,0.38,5.3,2.15,0.01,0.35,2.15,4.047432805,16369746749,4.002,35711678422,2.2,4089.8,1.01,16462343063,4.025,26,7623705051,96621040,4090.04,1.011,873.0,2925620820,5407219,0.18%,0,4100957652,4759,4746,11,19273670,1153606,5.985,10260178806,155255,0.00%,23969,7838,32.70%,383380,10035198528,371,0.00%,5487,4322,78.77%,0,0,65478986996,1964369609.8799999,37977812457.68,0.0,24882015058.48
9,2018-07-17,nbody_50000000_v5_original,10.0.2,nbody.java 50000000,1.0,0.45,0.58,0.04,0.0,0.38,5.34,2.15,0.01,0.33,2.15,4.037039052,16394082872,4.021,35929658813,2.21,4077.06,1.01,16440813915,4.032,41,7631205423,96695764,4077.36,1.01,980.0,2926235244,5301675,0.18%,0,4103778682,4754,4744,8,17435993,585316,3.357,10024352827,153795,0.00%,22262,6187,27.79%,416079,10035488341,85,0.00%,5300,4584,86.49%,0,0,65576331488,2623053259.52,38034272263.04,0.0,24919005965.44
10,2018-07-17,nbody_50000000_v5_original,10.0.2,nbody.java 50000000,1.0,0.45,0.58,0.03,0.0,0.38,5.36,2.16,0.02,0.43,2.15,4.053670697,16369510831,3.998,35332331316,2.17,4094.68,1.01,16468754362,4.022,45,7634396270,96815529,4095.0,1.01,879.0,2909747047,5525491,0.19%,8,4098034086,4693,4683,8,14282171,903753,6.328,10189279621,508387,0.00%,28184,2882,10.23%,345564,10058551329,0,0.00%,3752,3337,88.94%,0,0,65478043324,1964341299.72,37977265127.92,0.0,24881656463.12
1,2023-08-22,nbody_50000000_v5_original,11.0.20.1,nbody.java 50000000,1.0,0.43,0.59,0.03,0.01,0.36,5.41,2.27,0.01,0.16,2.16,4.054434189,16424589447,4.028,38252164255,2.35,4077.85,1.006,16397544139,4.021,14,7607689940,96396414,4078.0,1.006,608.0,2517255527,41213,0.00%,0,4091654806,3651,3641,8,1534223,486901,31.736,9667340900,165391,0.00%,27717,1503,5.42%,529539,9424932961,394,0.00%,4111,3154,76.72%,0,0,65698357788,1970950733.6399999,38762031094.92,656983577.88,23651408803.68
2,2023-08-22,nbody_50000000_v5_original,11.0.20.1,nbody.java 50000000,1.0,0.43,0.59,0.03,0.01,0.37,5.42,2.25,0.01,0.21,2.16,4.07301029,16353919545,3.992,38006130647,2.34,4096.68,1.006,16374719605,3.997,14,7597884361,96303790,4096.81,1.006,528.0,2493656393,133098,0.01%,0,4025890167,3647,3637,8,271024,52030,19.198,9633610019,139388,0.00%,17101,38280,223.85%,939784,9675654365,11924,0.00%,3312,4383,132.34%,0,0,65415678180,1962470345.3999999,38595250126.2,654156781.8000001,24203800926.6
3,2023-08-22,nbody_50000000_v5_original,11.0.20.1,nbody.java 50000000,0.99,0.43,0.59,0.03,0.01,0.37,5.36,2.29,0.01,0.21,2.16,4.10727534,16348342724,3.961,38111465378,2.32,4127.52,1.005,16371015944,3.966,16,7593930051,96240392,4127.64,1.005,540.0,2489439355,198933,0.01%,0,4040465157,3650,3640,8,860140,121158,14.086,9563973865,237060,0.00%,44573,5487,12.31%,663973,9615088996,749,0.00%,5461,7124,130.45%,0,0,65393370896,1961801126.8799999,38582088828.64,653933708.96,24195547231.52
4,2023-08-22,nbody_50000000_v5_original,11.0.20.1,nbody.java 50000000,1.0,0.43,0.59,0.04,0.01,0.37,5.42,2.29,0.0,0.11,2.16,4.057362658,16351336505,4.007,38271926486,2.36,4080.34,1.006,16401781390,4.02,16,7614328045,96445774,4080.48,1.006,492.0,2515885955,32958,0.00%,0,4087794206,3652,3640,10,1655676,495549,29.93,9631828693,476871,0.00%,21997,1187,5.40%,421519,9442548551,100,0.00%,2702,3713,137.42%,0,0,65405346020,2616213840.8,38589154151.799995,654053460.2,24199978027.4
5,2023-08-22,nbody_50000000_v5_original,11.0.20.1,nbody.java 50000000,1.0,0.43,0.58,0.04,0.01,0.37,5.4,2.27,0.01,0.11,2.16,4.088422323,16362030137,3.979,38184321866,2.33,4112.21,1.006,16397895673,3.988,18,7605557764,96369856,4112.32,1.006,484.0,2496562720,37529,0.00%,0,4016676060,3656,3646,8,338706,34661,10.233,9608056243,160340,0.00%,19969,1666,8.34%,426880,9592753247,11696,0.00%,15237,15726,103.21%,0,0,65448120548,2617924821.92,37959909917.84,654481205.48,24215804602.76
6,2023-08-22,nbody_50000000_v5_original,11.0.20.1,nbody.java 50000000,1.0,0.43,0.58,0.04,0.01,0.38,5.37,2.28,0.0,0.11,2.16,4.105620465,16361995504,3.963,38293843668,2.32,4129.12,1.006,16403307725,3.973,12,7613943750,96470677,4129.23,1.006,472.0,2490701911,31687,0.00%,0,4063544536,3655,3645,8,177712,32988,18.563,9557594928,132165,0.00%,12997,894,6.88%,363793,9545789497,15,0.00%,2044,4240,207.44%,0,0,65447982016,2617919280.64,37959829569.28,654479820.16,24870233166.08
7,2023-08-22,nbody_50000000_v5_original,11.0.20.1,nbody.java 50000000,1.0,0.43,0.59,0.03,0.01,0.37,5.43,2.26,0.01,0.19,2.16,4.046762038,16343100920,4.016,38242502303,2.36,4069.15,1.006,16383559297,4.026,14,7606343924,96398993,4069.29,1.006,457.0,2523610251,123454,0.00%,0,4079528071,3627,3617,8,1748322,594063,33.979,9620124606,229126,0.00%,46861,5348,11.41%,622751,9439398837,255,0.00%,3590,6892,191.98%,0,0,65372403680,1961172110.3999999,38569718171.2,653724036.8000001,24187789361.6
8,2023-08-22,nbody_50000000_v5_original,11.0.20.1,nbody.java 50000000,1.0,0.43,0.58,0.04,0.01,0.38,5.42,2.32,0.0,0.02,2.16,4.053471283,16400896686,4.023,38387696066,2.36,4076.39,1.006,16418682565,4.028,10,7617157475,96508451,4076.53,1.006,474.0,2514650978,27564,0.00%,0,4073014857,3658,3646,10,1536224,456458,29.713,9625089803,144984,0.00%,13120,501,3.82%,416004,9438930323,61,0.00%,4132,3298,79.82%,0,0,65603586744,2624143469.76,38050080311.52,656035867.44,24929362962.72
9,2023-08-22,nbody_50000000_v5_original,11.0.20.1,nbody.java 50000000,0.99,0.43,0.58,0.04,0.01,0.38,5.43,2.29,0.0,0.12,2.16,4.061271038,16367427439,4.01,38254556979,2.35,4081.33,1.005,16406223319,4.02,16,7615387329,96477049,4081.45,1.005,442.0,2511231557,31128,0.00%,0,4082457942,3648,3638,8,1462590,505785,34.581,9622009508,469672,0.00%,10333,1658,16.05%,392566,9420821398,379,0.00%,3663,3581,97.76%,0,0,65469709756,2618788390.2400002,37972431658.479996,654697097.5600001,24878489707.28
10,2023-08-22,nbody_50000000_v5_original,11.0.20.1,nbody.java 50000000,0.99,0.43,0.58,0.03,0.01,0.38,5.37,2.27,0.01,0.12,2.15,4.102189747,16429468733,3.979,38218917909,2.31,4128.7,1.006,16400089872,3.972,17,7613952567,96459790,4128.8,1.006,438.0,2489806114,82823,0.00%,0,4046991554,3647,3637,8,303903,53703,17.671,9558462886,151933,0.00%,19621,1589,8.10%,457243,9604684901,185,0.00%,7295,3364,46.11%,0,0,65717874932,1971536247.96,38116367460.56,657178749.32,24972792474.16
1,2019-07-16,nbody_50000000_v5_original,12.0.2,nbody.java 50000000,1.0,0.46,0.57,0.04,0.01,0.39,5.28,2.12,0.01,0.22,2.15,3.859393285,15365262099,3.956,33407217759,2.15,3883.71,1.006,15357877926,3.954,30,7144087398,90525647,3883.9,1.006,714.0,1850675294,276267,0.01%,0,4046132915,3800,3790,8,210048,25769,12.268,9464749127,145259,0.00%,20478,4029,19.67%,390446,9496855543,69,0.00%,5608,3686,65.73%,0,0,61461048396,2458441935.84,35032797585.71999,614610483.96,23969808874.440002
2,2019-07-16,nbody_50000000_v5_original,12.0.2,nbody.java 50000000,1.0,0.46,0.57,0.03,0.01,0.41,5.25,2.11,0.01,0.26,2.16,3.863395263,15468580150,3.975,33535139657,2.16,3890.92,1.007,15450073530,3.971,17,7131232651,90375958,3891.08,1.007,643.0,1854970589,328556,0.02%,0,4029197676,3821,3811,8,213221,43767,20.527,9425646109,151590,0.00%,20386,3043,14.93%,413745,9511693834,54,0.00%,3357,4251,126.63%,0,0,61874320600,1856229618.0,35268362742.0,618743206.0,25368471446.0
3,2019-07-16,nbody_50000000_v5_original,12.0.2,nbody.java 50000000,1.0,0.46,0.57,0.03,0.01,0.38,5.36,2.14,0.01,0.25,2.16,3.861777546,15375336662,3.958,33617755703,2.17,3884.16,1.006,15415962288,3.969,19,7133302248,90410413,3884.33,1.006,589.0,1839665835,226209,0.01%,0,4031811365,3800,3790,8,202233,33217,16.425,9438748946,128898,0.00%,7395,1979,26.76%,358675,9488369758,177,0.00%,2676,3802,142.08%,0,0,61501346648,1845040399.4399998,35055767589.36,615013466.48,23370511726.24
4,2019-07-16,nbody_50000000_v5_original,12.0.2,nbody.java 50000000,0.99,0.46,0.57,0.03,0.01,0.39,5.38,2.13,0.01,0.27,2.15,3.878753005,15815158541,4.053,34465573587,2.2,3901.92,1.006,15819319488,4.054,18,7143803402,90294169,3902.09,1.006,582.0,1832018922,234584,0.01%,0,4014669746,3803,3789,12,261705,79588,30.411,9437535316,152079,0.00%,26503,9190,34.68%,396564,9334354018,595,0.00%,4750,3996,84.13%,0,0,63260634164,1897819024.9199998,36058561473.479996,632606341.64,24671647323.96
5,2019-07-16,nbody_50000000_v5_original,12.0.2,nbody.java 50000000,1.0,0.46,0.57,0.03,0.01,0.39,5.32,2.08,0.01,0.26,2.16,3.876131487,15770433694,4.044,33509444827,2.14,3899.3,1.006,15377724454,3.944,13,7143493586,90530376,3899.47,1.006,553.0,1826764636,245842,0.01%,0,4010081011,3819,3809,8,389381,35515,9.121,9374319729,159081,0.00%,27594,3035,11.00%,449519,9444820726,239,0.00%,2460,4476,181.95%,0,0,63081734776,1892452043.28,35956588822.32,630817347.76,24601876562.64
6,2019-07-16,nbody_50000000_v5_original,12.0.2,nbody.java 50000000,1.0,0.46,0.57,0.03,0.01,0.41,5.27,2.11,0.01,0.25,2.16,3.861628345,15386593329,3.957,33346482162,2.15,3888.4,1.007,15340065757,3.945,17,7123213740,90303943,3888.54,1.007,541.0,1859327659,348708,0.02%,0,4037463299,3800,3790,8,166835,44768,26.834,9471738266,106799,0.00%,8249,562,6.81%,353730,9505281952,54,0.00%,2869,3012,104.98%,0,0,61546373316,1846391199.48,35081432790.119995,615463733.16,25234013059.559998
7,2019-07-16,nbody_50000000_v5_original,12.0.2,nbody.java 50000000,1.0,0.46,0.57,0.03,0.02,0.39,5.37,2.14,0.01,0.24,2.16,3.854101532,15385951667,3.968,33637432766,2.17,3877.24,1.006,15367249309,3.963,17,7140397961,90482561,3877.41,1.006,506.0,1842546214,235226,0.01%,0,4037212478,3798,3788,8,563644,108381,19.229,9454483234,206082,0.00%,32669,2295,7.03%,532127,9506945473,100,0.00%,3310,8975,271.15%,0,0,61543806668,1846314200.04,35079969800.759995,1230876133.3600001,24002084600.52
8,2019-07-16,nbody_50000000_v5_original,12.0.2,nbody.java 50000000,1.0,0.46,0.56,0.04,0.01,0.4,5.37,2.15,0.0,0.17,2.16,3.858396983,15409097371,3.97,33700713304,2.17,3881.32,1.006,15384337426,3.964,19,7140938283,90518218,3881.5,1.006,510.0,1838663838,63737,0.00%,0,4039625340,3829,3815,12,506704,101003,19.933,9447288395,218402,0.00%,38012,3015,7.93%,558435,9507070622,773,0.00%,3368,7884,234.09%,0,0,61636389484,2465455579.36,34516378111.04,616363894.84,24654555793.600002
9,2019-07-16,nbody_50000000_v5_original,12.0.2,nbody.java 50000000,1.0,0.46,0.57,0.03,0.01,0.4,5.27,2.07,0.02,0.25,2.16,3.886840978,15846873591,4.051,34017611447,2.16,3912.15,1.007,15843307536,4.05,20,7320922735,90320265,3912.32,1.007,458.0,1818639181,274644,0.02%,0,4017041759,3820,3810,8,310322,55316,17.825,9310571987,159200,0.00%,11516,1987,17.25%,346239,9487720007,46,0.00%,1965,4484,228.19%,0,0,63387494364,1901624830.9199998,36130871787.479996,633874943.64,25354997745.600002
10,2019-07-16,nbody_50000000_v5_original,12.0.2,nbody.java 50000000,1.0,0.46,0.57,0.03,0.01,0.4,5.31,2.11,0.01,0.27,2.15,3.858787709,15264650903,3.929,33230927224,2.15,3885.48,1.007,15323606023,3.944,30,7092565219,89888591,3885.65,1.007,482.0,1837147627,311460,0.02%,0,4016488912,3821,3811,8,168298,34207,20.325,9411640392,135878,0.00%,11086,1677,15.13%,393116,9450463613,422,0.00%,2522,3587,142.23%,0,0,61058603612,1831758108.36,34803404058.84,610586036.12,24423441444.800003
1,2020-01-14,nbody_50000000_v5_original,13.0.2,nbody.java 50000000,1.0,0.46,0.57,0.04,0.01,0.39,5.37,2.19,0.0,0.02,2.16,3.851549326,15370414161,3.971,33898355966,2.19,3870.57,1.005,15410904583,3.981,10,7152935076,90642448,3870.71,1.005,694.0,1843968766,18767,0.00%,0,4047560610,3739,3729,8,111483,35486,31.831,9464998730,121143,0.00%,11380,1327,11.66%,345460,9523774545,77,0.00%,2960,15100,510.14%,0,0,61481656644,2459266265.76,35044544287.079994,614816566.44,23977846091.16
2,2020-01-14,nbody_50000000_v5_original,13.0.2,nbody.java 50000000,1.0,0.46,0.57,0.04,0.01,0.39,5.37,2.15,0.0,0.16,2.16,3.846934323,15453013828,3.998,33926166939,2.21,3865.53,1.005,15445262727,3.996,15,6983472628,88594660,3865.69,1.005,637.0,1805969112,65356,0.00%,0,3980938385,3736,3726,8,398124,56822,14.272,9328024110,187388,0.00%,30860,2683,8.69%,546302,9410848949,11324,0.00%,16140,19198,118.95%,0,0,61812055312,2472482212.48,35232871527.84,618120553.12,24106701571.68
3,2020-01-14,nbody_50000000_v5_original,13.0.2,nbody.java 50000000,1.0,0.46,0.57,0.03,0.01,0.39,5.37,2.15,0.01,0.18,2.16,3.851690541,15400062917,3.979,33728671549,2.18,3870.43,1.005,15382438330,3.974,20,7136770788,90435587,3870.56,1.005,576.0,1837030642,75751,0.00%,0,4032322002,3737,3727,8,390467,28935,7.41,9474484488,155656,0.00%,23747,1794,7.55%,481813,9496839188,525,0.00%,5082,4375,86.09%,0,0,61600251668,1848007550.04,35112143450.759995,616002516.6800001,24024098150.52
4,2020-01-14,nbody_50000000_v5_original,13.0.2,nbody.java 50000000,1.0,0.46,0.57,0.03,0.01,0.38,5.36,2.14,0.0,0.17,2.16,3.866713709,15369269611,3.956,33786098595,2.17,3885.32,1.005,15426595635,3.97,15,7138782591,90461821,3885.47,1.005,576.0,1837350926,69641,0.00%,0,4039630816,3733,3721,10,213283,38992,18.282,9366656222,157752,0.00%,23155,901,3.89%,449903,9464158503,540,0.00%,3589,3647,101.62%,0,0,61477078444,1844312353.32,35041934713.079994,614770784.44,23361289808.72
5,2020-01-14,nbody_50000000_v5_original,13.0.2,nbody.java 50000000,1.0,0.46,0.57,0.03,0.02,0.4,5.36,2.15,0.01,0.19,2.16,3.859853585,15343189670,3.956,33679263964,2.17,3878.44,1.005,15389149120,3.968,16,7147152638,90574861,3878.6,1.005,588.0,1839654682,116400,0.01%,0,4027324449,3737,3727,8,223845,48334,21.593,9413603049,129655,0.00%,15906,1317,8.28%,411718,9481118218,170,0.00%,4881,5924,121.37%,0,0,61372758680,1841182760.3999999,34982472447.6,1227455173.6000001,24549103472.0
6,2020-01-14,nbody_50000000_v5_original,13.0.2,nbody.java 50000000,1.0,0.46,0.57,0.03,0.02,0.39,5.37,2.14,0.01,0.18,2.16,3.853827349,15356509018,3.965,33661734929,2.17,3872.67,1.005,15360833429,3.966,17,7134881315,90445582,3872.81,1.005,531.0,1839784513,73059,0.00%,0,4039756032,3736,3726,8,248849,36362,14.612,9454665707,136074,0.00%,13390,2026,15.13%,377322,9513086410,0,0.00%,2622,4297,163.88%,0,0,61426036072,1842781082.1599998,35012840561.03999,1228520721.44,23956154068.08
7,2020-01-14,nbody_50000000_v5_original,13.0.2,nbody.java 50000000,1.0,0.46,0.56,0.04,0.02,0.39,5.38,2.15,0.01,0.19,2.16,3.877120182,15812956541,4.059,33221246553,2.12,3895.74,1.005,15377636496,3.947,18,7135205271,90402177,3895.89,1.005,549.0,1818246976,71418,0.00%,0,4044514070,3736,3726,8,196300,30668,15.623,9471253028,126968,0.00%,13143,1871,14.24%,382608,9501531833,231,0.00%,3349,3801,113.50%,0,0,63251826164,2530073046.56,35421022651.840004,1265036523.28,24668212203.96
8,2020-01-14,nbody_50000000_v5_original,13.0.2,nbody.java 50000000,1.0,0.46,0.57,0.03,0.01,0.39,5.36,2.15,0.0,0.18,2.16,3.8537179,15380757229,3.973,33650885788,2.17,3871.68,1.005,15369130240,3.97,16,7129543299,90318548,3871.85,1.005,468.0,1835306472,78399,0.00%,0,4034670105,3740,3728,10,329536,39847,12.092,9452468834,190625,0.00%,30494,1363,4.47%,491407,9507848388,85,0.00%,3504,6807,194.26%,0,0,61523028916,1845690867.48,35068126482.119995,615230289.16,23993981277.24
9,2020-01-14,nbody_50000000_v5_original,13.0.2,nbody.java 50000000,1.0,0.46,0.57,0.03,0.01,0.39,5.36,2.14,0.0,0.11,2.16,3.858164392,15402030814,3.972,33753521750,2.18,3877.46,1.005,15392931938,3.97,13,7145326677,90519234,3877.65,1.005,524.0,1835293407,56484,0.00%,0,4040118708,3738,3728,8,582061,108354,18.616,9435480202,204391,0.00%,30825,2128,6.90%,557580,9519718253,162,0.00%,2214,7410,334.69%,0,0,61608123256,1848243697.6799998,35116630255.92,616081232.5600001,24027168069.84
10,2020-01-14,nbody_50000000_v5_original,13.0.2,nbody.java 50000000,1.0,0.46,0.57,0.03,0.01,0.38,5.37,2.15,0.01,0.19,2.16,3.852120487,15334570308,3.96,33637625032,2.17,3872.46,1.005,15374650955,3.97,18,7130983480,90388935,3872.63,1.005,490.0,1840026337,181341,0.01%,0,4035474282,3739,3729,8,204002,25834,12.664,9453714360,134850,0.00%,15419,1247,8.09%,392959,9510760396,177,0.00%,5886,6728,114.31%,0,0,61338281232,1840148436.96,34962820302.24,613382812.32,23308546868.16
1,2020-07-14,nbody_50000000_v5_original,14.0.2,nbody.java 50000000,1.0,0.43,0.59,0.03,0.01,0.37,5.42,2.29,0.0,0.16,2.16,4.004437563,16294683943,4.05,37751818398,2.33,4022.94,1.005,16301746031,4.052,14,7371881029,93423439,4023.1,1.005,711.0,2412835687,63939,0.00%,0,4010294759,3790,3780,8,380817,107769,28.299,9399713759,171880,0.00%,24676,1949,7.90%,459609,9428397184,540,0.00%,2947,3677,124.77%,0,0,65178735772,1955362073.1599998,38455454105.479996,651787357.72,24116132235.64
2,2020-07-14,nbody_50000000_v5_original,14.0.2,nbody.java 50000000,1.0,0.43,0.58,0.05,0.01,0.38,5.41,2.3,0.01,0.04,2.16,4.025715884,16369885268,4.047,37691463441,2.32,4045.37,1.005,16375269775,4.048,13,7589076585,96110063,4045.51,1.005,687.0,2460234291,94864,0.00%,0,4108478112,3789,3779,8,247801,28850,11.642,9417157141,138604,0.00%,10102,678,6.71%,383137,9459545470,61,0.00%,1549,4116,265.72%,0,0,65479541072,3273977053.6000004,37978133821.759995,654795410.72,24882225607.36
3,2020-07-14,nbody_50000000_v5_original,14.0.2,nbody.java 50000000,1.0,0.43,0.59,0.03,0.01,0.37,5.43,2.28,0.01,0.14,2.16,4.000586091,16264594384,4.046,36939205353,2.29,4019.66,1.005,15872046471,3.949,15,7368432634,93372958,4019.84,1.005,602.0,2419291666,58692,0.00%,0,4014145357,3786,3776,8,437195,113100,25.869,9371945070,187105,0.00%,26821,1178,4.39%,501474,9436837265,115,0.00%,3798,5111,134.57%,0,0,65058377536,1951751326.08,38384442746.24,650583775.36,24071599688.32
4,2020-07-14,nbody_50000000_v5_original,14.0.2,nbody.java 50000000,1.0,0.43,0.59,0.03,0.01,0.38,5.41,2.28,0.01,0.13,2.16,4.009036982,16294421125,4.045,37859947399,2.33,4028.65,1.005,16290524723,4.044,11,7557130353,93363871,4028.81,1.005,565.0,2412799784,51736,0.00%,0,3999356146,3791,3781,8,299984,43496,14.499,9379866127,151796,0.00%,22266,1726,7.75%,455948,9401565649,657,0.00%,6159,3454,56.08%,0,0,65177684500,1955330535.0,38454833855.0,651776845.0,24767520110.0
5,2020-07-14,nbody_50000000_v5_original,14.0.2,nbody.java 50000000,1.0,0.43,0.59,0.03,0.01,0.37,5.42,2.29,0.01,0.12,2.16,4.031399556,16339524190,4.033,37568331621,2.31,4051.47,1.005,16385788913,4.044,16,7611694583,96365862,4051.61,1.005,561.0,2470557319,111168,0.00%,0,4069459912,3778,3768,8,333044,25849,7.761,9291566083,149029,0.00%,27555,1302,4.73%,408339,9393244037,69,0.00%,2715,2006,73.89%,0,0,65358096760,1960742902.8,38561277088.4,653580967.6,24182495801.2
6,2020-07-14,nbody_50000000_v5_original,14.0.2,nbody.java 50000000,1.0,0.43,0.59,0.03,0.01,0.37,5.42,2.26,0.01,0.15,2.16,3.997608503,15881590313,3.954,36964511089,2.3,4016.97,1.005,15861977900,3.949,13,7362693490,93328735,4017.11,1.005,534.0,2420119112,47442,0.00%,0,4022449093,3789,3779,8,178396,41936,23.507,9414681473,129576,0.00%,12625,955,7.56%,405689,9444422482,46,0.00%,3698,3322,89.83%,0,0,63526361252,1905790837.56,37480553138.68,635263612.52,23504753663.239998
7,2020-07-14,nbody_50000000_v5_original,14.0.2,nbody.java 50000000,1.0,0.43,0.58,0.04,0.01,0.38,5.42,2.3,0.0,0.06,2.16,4.009115053,16309997823,4.048,37939222220,2.34,4028.69,1.005,16306115617,4.047,13,7382541762,93546062,4028.83,1.005,513.0,2415811266,27022,0.00%,0,4006835427,3787,3777,8,147183,23975,16.289,9388236417,136478,0.00%,11365,655,5.76%,388575,9433778603,340,0.00%,2842,3085,108.55%,0,0,65239991292,2609599651.68,37839194949.36,652399912.92,24791196690.96
8,2020-07-14,nbody_50000000_v5_original,14.0.2,nbody.java 50000000,1.0,0.43,0.59,0.03,0.01,0.38,5.41,2.27,0.01,0.15,2.16,4.006532663,16283902955,4.044,37870391692,2.34,4026.9,1.005,16289568048,4.045,22,7366256011,93363786,4027.02,1.005,517.0,2416901815,59431,0.00%,0,4007981118,3795,3785,8,329597,27790,8.432,9380831778,128320,0.00%,14649,631,4.31%,399126,9436776247,247,0.00%,5230,3136,59.96%,0,0,65135611820,1954068354.6,38430010973.799995,651356118.2,24751532491.6
9,2020-07-14,nbody_50000000_v5_original,14.0.2,nbody.java 50000000,1.0,0.43,0.59,0.03,0.01,0.37,5.41,2.28,0.0,0.14,2.16,4.008746151,16280587218,4.042,37836560685,2.34,4028.2,1.005,16269950186,4.039,19,7546990234,93213236,4028.42,1.005,513.0,2410793759,66330,0.00%,0,4009352048,3788,3778,8,525600,122926,23.388,9390269955,210663,0.00%,39205,4485,11.44%,619425,9429336154,46,0.00%,4843,8813,181.97%,0,0,65122348872,1953670466.1599998,38422185834.479996,651223488.72,24095269082.64
10,2020-07-14,nbody_50000000_v5_original,14.0.2,nbody.java 50000000,1.0,0.43,0.59,0.03,0.01,0.38,5.41,2.28,0.01,0.17,2.16,4.008697312,16285415742,4.044,37798196118,2.33,4027.42,1.005,16292224513,4.045,18,7570227608,93507393,4027.59,1.005,519.0,2410596920,63180,0.00%,0,4006916761,3788,3778,8,150637,22131,14.692,9386952273,125931,0.00%,12415,909,7.32%,368922,9417349415,131,0.00%,3458,3237,93.61%,0,0,65141662968,1954249889.04,38433581151.119995,651416629.6800001,24753831927.84
1,2021-01-19,nbody_50000000_v5_original,15.0.2,nbody.java 50000000,1.0,0.43,0.59,0.03,0.02,0.38,5.41,2.29,0.0,0.07,2.16,4.086433591,16359261746,4.005,38345126655,2.36,4084.44,1.0,16386274615,4.012,12,7604169227,96373207,4084.6,1.0,709.0,2499619879,37842,0.00%,0,4075041506,3576,3565,8,183938,25065,13.627,9647171729,452983,0.00%,100707,34228,33.99%,979805,9631277392,332,0.00%,4704,4019,85.44%,0,0,65437046984,1963111409.52,38607857720.56,1308740939.68,24866077853.920002
2,2021-01-19,nbody_50000000_v5_original,15.0.2,nbody.java 50000000,1.0,0.43,0.59,0.03,0.01,0.37,5.4,2.26,0.01,0.09,2.16,4.094071348,16357374307,3.998,38228574808,2.35,4091.17,0.999,16389775866,4.006,14,7608799306,96436953,4091.29,0.999,685.0,2495017931,39764,0.00%,0,4073756267,3573,3562,8,359797,24594,6.836,9641810488,164328,0.00%,33183,34390,103.64%,973834,9621697661,10006,0.00%,2145,4329,201.82%,0,0,65429497228,1962884916.84,38603403364.52,654294972.28,24208913974.36
3,2021-01-19,nbody_50000000_v5_original,15.0.2,nbody.java 50000000,1.0,0.43,0.59,0.03,0.02,0.38,5.4,2.29,0.0,0.09,2.16,4.127736181,16352603883,3.965,38233328975,2.31,4124.43,0.999,16389905199,3.974,10,7608701873,96408593,4124.59,0.999,644.0,2476594054,37334,0.00%,0,4018476570,3575,3564,8,215198,36669,17.04,9529340110,140704,0.00%,12941,2134,16.49%,367879,9589981052,77,0.00%,2127,5080,238.83%,0,0,65410415532,1962312465.96,38592145163.88,1308208310.64,24855957902.16
4,2021-01-19,nbody_50000000_v5_original,15.0.2,nbody.java 50000000,1.0,0.43,0.59,0.03,0.01,0.38,5.38,2.25,0.01,0.12,2.16,4.136504474,16386273227,3.964,38164329030,2.3,4133.83,0.999,16431047270,3.975,13,7610270159,96405262,4133.98,0.999,623.0,2474396581,39873,0.00%,0,4022727356,3555,3541,11,172254,43823,25.441,9518266178,138415,0.00%,10455,1071,10.24%,340308,9547125569,0,0.00%,3736,4476,119.81%,0,0,65545092908,1966352787.24,38671604815.72,655450929.08,24907135305.04
5,2021-01-19,nbody_50000000_v5_original,15.0.2,nbody.java 50000000,1.0,0.43,0.59,0.03,0.01,0.37,5.4,2.29,0.0,0.08,2.16,4.093691864,16387722347,4.005,38419594700,2.37,4091.46,0.999,16392623170,4.006,9,7609223942,96384375,4091.61,0.999,576.0,2505964101,34425,0.00%,0,4062824640,3579,3568,8,269393,34872,12.945,9616480030,148473,0.00%,15162,34767,229.30%,883709,9579119075,10879,0.00%,5618,4337,77.20%,0,0,65550889388,1966526681.6399999,38675024738.92,655508893.88,24253829073.56
6,2021-01-19,nbody_50000000_v5_original,15.0.2,nbody.java 50000000,1.0,0.43,0.59,0.03,0.01,0.37,5.4,2.28,0.0,0.09,2.16,4.088363444,16342565676,4.001,38311457399,2.36,4084.99,0.999,16381066452,4.01,13,7603931764,96360150,4085.13,0.999,524.0,2500467718,54244,0.00%,0,4070176269,3573,3562,8,627999,107334,17.091,9628999970,195920,0.00%,118089,35566,30.12%,1122908,9633806008,119,0.00%,4371,7024,160.70%,0,0,65370262704,1961107881.12,38568454995.36,653702627.04,24186997200.48
7,2021-01-19,nbody_50000000_v5_original,15.0.2,nbody.java 50000000,1.0,0.43,0.59,0.03,0.01,0.38,5.37,2.3,0.01,0.01,2.16,4.164465132,16861029035,4.051,38896348165,2.32,4161.85,0.999,16865697466,4.052,18,7823203399,99058427,4162.0,0.999,525.0,2520598949,81090,0.00%,0,3984281814,3555,3544,8,354760,38433,10.834,9419999957,156939,0.00%,21719,1334,6.14%,480122,9485561076,0,0.00%,3113,3720,119.50%,0,0,67444116140,2023323484.1999998,39792028522.6,674441161.4,25628764133.2
8,2021-01-19,nbody_50000000_v5_original,15.0.2,nbody.java 50000000,1.0,0.43,0.59,0.02,0.01,0.38,5.35,2.21,0.02,0.11,2.16,4.174292017,16930922050,4.062,38994922314,2.33,4168.07,0.999,16968268987,4.071,12,7832282420,99122624,4168.18,0.999,534.0,2521462998,103091,0.00%,0,4069029610,3560,3545,12,424075,38804,9.15,9463847521,129406,0.00%,19379,901,4.65%,480553,9393480792,15,0.00%,3118,4941,158.47%,0,0,67723688200,1354473764.0,39956976038.0,677236882.0,25735001516.0
9,2021-01-19,nbody_50000000_v5_original,15.0.2,nbody.java 50000000,1.0,0.43,0.59,0.03,0.01,0.38,5.38,2.28,0.0,0.1,2.16,4.137657956,16348849232,3.955,37931682272,2.28,4134.11,0.999,16388168078,3.964,13,7610886313,96438988,4134.22,0.999,498.0,2458916571,48010,0.00%,0,4025675012,3571,3560,8,459124,55361,12.058,9501337730,175432,0.00%,29826,1911,6.41%,489350,9560992674,162,0.00%,2653,5793,218.36%,0,0,65395396928,1961861907.84,38583284187.52,653953969.28,24850250832.64
10,2021-01-19,nbody_50000000_v5_original,15.0.2,nbody.java 50000000,1.0,0.43,0.59,0.03,0.01,0.37,5.39,2.26,0.01,0.09,2.16,4.134772764,16372442915,3.963,38114460107,2.3,4131.39,0.999,16404396333,3.971,14,7609365677,96425276,4131.57,0.999,495.0,2472584837,51983,0.00%,0,4018395964,3583,3572,8,383828,28917,7.534,9513883305,178013,0.00%,27715,2150,7.76%,488043,9564301859,208,0.00%,2653,5676,213.95%,0,0,65489771660,1964693149.8,38638965279.4,654897716.6,24231215514.2
1,2021-07-20,nbody_50000000_v5_original,16.0.2,nbody.java 50000000,1.0,0.43,0.59,0.03,0.01,0.37,5.39,2.33,0.0,0.0,2.16,4.117729276,16303952928,3.968,37870983990,2.3,4109.18,0.998,16349601152,3.979,19,7599682712,96335483,4109.3,0.998,758.0,2480346436,32861,0.00%,0,4033391000,3405,3396,8,483985,46535,9.615,9484755584,177503,0.00%,25378,1210,4.77%,530505,9551366478,100,0.00%,3621,7924,218.83%,0,0,65215811712,1956474351.36,38477328910.079994,652158117.12,24129850333.44
2,2021-07-20,nbody_50000000_v5_original,16.0.2,nbody.java 50000000,1.0,0.44,0.59,0.04,0.01,0.38,5.31,2.28,0.0,0.0,2.16,4.132520971,16362418625,3.964,37825279597,2.28,4127.27,0.999,16395325498,3.972,17,7608916447,96415443,4127.4,0.999,719.0,2481561511,23542,0.00%,0,4020457374,3419,3410,8,225426,27889,12.372,9495336712,145420,0.00%,14644,1572,10.73%,398466,9560047193,15,0.00%,4967,4158,83.71%,0,0,65449674500,2617986980.0,38615307955.0,654496745.0,24870876310.0
3,2021-07-20,nbody_50000000_v5_original,16.0.2,nbody.java 50000000,1.0,0.43,0.59,0.03,0.01,0.37,5.37,2.31,0.0,0.0,2.16,4.122571153,16310304083,3.965,37741999229,2.29,4113.61,0.998,16358150130,3.977,12,7596785477,96267886,4113.74,0.998,698.0,2476732993,37972,0.00%,0,4028466890,3413,3404,8,466694,65455,14.025,9497713116,175316,0.00%,20032,1140,5.69%,474513,9549936648,270,0.00%,5540,5290,95.49%,0,0,65241216332,1957236489.96,38492317635.88,652412163.32,24139250042.84
4,2021-07-20,nbody_50000000_v5_original,16.0.2,nbody.java 50000000,1.0,0.43,0.58,0.04,0.01,0.38,5.36,2.32,0.01,0.0,2.16,4.122656558,16365564837,3.977,37530003777,2.27,4115.04,0.998,16398707901,3.985,13,7612489690,96458620,4115.15,0.998,632.0,2473176673,27677,0.00%,0,4046872495,3397,3386,10,221307,21450,9.692,9421017594,161721,0.00%,25471,1310,5.14%,432696,9588314082,69,0.00%,5292,4267,80.63%,0,0,65462259348,2618490373.92,37968110421.84,654622593.48,24875658552.24
5,2021-07-20,nbody_50000000_v5_original,16.0.2,nbody.java 50000000,1.0,0.43,0.59,0.03,0.01,0.38,5.4,2.33,0.0,0.0,2.16,4.117906442,16333941450,3.975,37731353519,2.28,4108.61,0.998,16373746602,3.985,15,7604606405,96384288,4108.72,0.998,618.0,2478476360,42821,0.00%,0,4045092622,3396,3387,8,525121,92039,17.527,9521212553,215046,0.00%,33973,1697,5.00%,589993,9577701919,340,0.00%,3361,16358,486.70%,0,0,65335765800,1960072974.0,38548101822.0,653357658.0,24827591004.0
6,2021-07-20,nbody_50000000_v5_original,16.0.2,nbody.java 50000000,1.0,0.43,0.59,0.03,0.0,0.38,5.4,2.33,0.0,0.0,2.16,4.121521476,16334076230,3.971,37820752681,2.29,4112.87,0.998,16362115483,3.978,32,7597053064,96253377,4112.99,0.998,599.0,2473109674,32051,0.00%,0,4021795218,3416,3407,8,558986,48801,8.73,9446256219,207619,0.00%,43938,3316,7.55%,605312,9509621983,918,0.00%,5368,6085,113.36%,0,0,65336304920,1960089147.6,38548419902.799995,0.0,24827795869.6
7,2021-07-20,nbody_50000000_v5_original,16.0.2,nbody.java 50000000,1.0,0.43,0.59,0.03,0.01,0.37,5.42,2.33,0.0,0.0,2.16,4.068481934,16328418714,4.022,37614840125,2.31,4059.74,0.998,16378437695,4.034,15,7608120271,96426943,4059.84,0.998,605.0,2496239616,28411,0.00%,0,4095501834,3417,3408,8,1357597,463326,34.128,9574854642,138895,0.00%,12117,1941,16.02%,398037,9411793303,15,0.00%,2862,3973,138.82%,0,0,65313674856,1959410245.6799998,38535068165.04,653136748.5600001,24166059696.72
8,2021-07-20,nbody_50000000_v5_original,16.0.2,nbody.java 50000000,1.0,0.43,0.59,0.03,0.01,0.37,5.37,2.31,0.0,0.01,2.16,4.117444888,16358271989,3.982,37819633676,2.29,4108.39,0.998,16356021116,3.981,17,7593206325,96232057,4108.54,0.998,547.0,2478801419,28377,0.00%,0,4031309868,3416,3407,8,238780,27640,11.576,9497682917,136852,0.00%,12487,1063,8.51%,404012,9532988684,38,0.00%,5299,4204,79.34%,0,0,65433087956,1962992638.6799998,38605521894.04,654330879.5600001,24210242543.72
9,2021-07-20,nbody_50000000_v5_original,16.0.2,nbody.java 50000000,1.0,0.44,0.58,0.03,0.01,0.39,5.37,2.33,0.0,0.0,2.16,4.10039734,16356951778,3.994,37916573999,2.32,4095.15,0.999,16355418171,3.994,19,7581168455,96028011,4095.27,0.999,521.0,2479313789,36830,0.00%,0,4045526234,3416,3407,8,272931,32685,11.976,9551479503,154363,0.00%,14756,1234,8.36%,406123,9591394727,12061,0.00%,15925,15938,100.08%,0,0,65427807112,1962834213.36,37948128124.96,654278071.12,25516844773.68
10,2021-07-20,nbody_50000000_v5_original,16.0.2,nbody.java 50000000,1.0,0.43,0.59,0.04,0.01,0.38,5.43,2.34,0.0,0.0,2.16,4.048750415,16349432116,4.047,38152708181,2.35,4039.59,0.998,16365683420,4.051,14,7593823434,96145058,4039.71,0.998,546.0,2517383424,81662,0.00%,0,4082336094,3394,3385,8,148705,42196,28.376,9381233132,129648,0.00%,6919,624,9.02%,347218,9425155934,30,0.00%,3423,4147,121.15%,0,0,65397728464,2615909138.56,38584659793.759995,653977284.64,24851136816.32
1,2023-08-22,nbody_50000000_v5_original,17.0.8.1,nbody.java 50000000,1.0,0.42,0.6,0.03,0.01,0.36,5.42,2.37,0.0,0.0,2.16,4.058062821,16361598946,4.021,38770499079,2.39,4069.35,1.003,16387253455,4.027,16,7607876782,96414120,4069.45,1.003,803.0,2512171652,22796,0.00%,0,4065520817,5252,5243,8,1520474,520463,34.23,9539316624,473489,0.00%,9717,1211,12.46%,359923,9373665788,510,0.00%,3113,2969,95.37%,0,0,65446395784,1963391873.52,39267837470.4,654463957.84,23560702482.239998
2,2023-08-22,nbody_50000000_v5_original,17.0.8.1,nbody.java 50000000,1.0,0.42,0.6,0.03,0.01,0.37,5.38,2.29,0.02,0.02,2.16,4.067276149,16385966336,4.017,38196826408,2.35,4079.39,1.003,16368630883,4.012,20,7593294412,96235505,4079.54,1.003,729.0,2485310648,90814,0.00%,0,4082993584,5271,5262,8,207571,32074,15.452,9580277302,472493,0.00%,95184,38173,40.10%,923609,9618621640,154,0.00%,4394,3198,72.78%,0,0,65543865344,1966315960.32,39326319206.4,655438653.44,24251230177.28
3,2023-08-22,nbody_50000000_v5_original,17.0.8.1,nbody.java 50000000,1.0,0.42,0.6,0.02,0.01,0.36,5.4,2.36,0.0,0.0,2.16,4.071029182,16304900427,3.994,38479454354,2.37,4082.55,1.003,16355539410,4.006,13,7595779807,96292542,4082.69,1.003,647.0,2493365847,35284,0.00%,0,4064137030,5272,5263,8,436701,110232,25.242,9578661403,502749,0.01%,112594,36040,32.01%,1052412,9592027474,193,0.00%,6079,3992,65.67%,0,0,65219601708,1304392034.16,39131761024.799995,652196017.08,23479056614.879997
4,2023-08-22,nbody_50000000_v5_original,17.0.8.1,nbody.java 50000000,1.0,0.42,0.6,0.03,0.01,0.37,5.4,2.36,0.0,0.0,2.16,4.052453312,16355995686,4.025,38717281301,2.38,4063.84,1.003,16389714515,4.033,18,7610764571,96427981,4063.93,1.003,602.0,2510058065,25803,0.00%,0,4086380137,5280,5268,11,1528788,511854,33.481,9575649651,154246,0.00%,13152,1326,10.08%,387998,9372402635,30,0.00%,5591,4333,77.50%,0,0,65423982744,1962719482.32,39254389646.4,654239827.44,24206873615.28
5,2023-08-22,nbody_50000000_v5_original,17.0.8.1,nbody.java 50000000,1.0,0.42,0.6,0.03,0.01,0.36,5.39,2.34,0.0,0.02,2.16,4.054677793,16334503100,4.017,38677857042,2.38,4066.1,1.003,16362337754,4.024,14,7599783752,96262045,4066.2,1.003,583.0,2503664980,25934,0.00%,0,4074827446,5272,5263,8,1522892,503131,33.038,9584069486,471269,0.00%,12407,655,5.28%,384781,9359431134,185,0.00%,3559,2532,71.14%,0,0,65338012400,1960140372.0,39202807440.0,653380124.0,23521684464.0
6,2023-08-22,nbody_50000000_v5_original,17.0.8.1,nbody.java 50000000,1.0,0.42,0.6,0.03,0.01,0.36,5.42,2.37,0.0,0.0,2.16,4.053348946,16375551635,4.029,38776308451,2.38,4063.94,1.003,16412930493,4.039,24,7623987483,96594603,4064.03,1.003,547.0,2512620084,41379,0.00%,0,4076149581,5273,5264,8,1795526,520583,28.993,9574901285,178415,0.00%,24597,1219,4.96%,463704,9381486089,69,0.00%,3209,5524,172.14%,0,0,65502206540,1965066196.1999998,39301323924.0,655022065.4,23580794354.399998
7,2023-08-22,nbody_50000000_v5_original,17.0.8.1,nbody.java 50000000,1.0,0.42,0.6,0.02,0.01,0.37,5.37,2.32,0.0,0.02,2.16,4.066137335,16361423684,4.013,38577023989,2.38,4076.86,1.003,16387610842,4.02,15,7608764372,96410446,4077.01,1.003,559.0,2478675808,38369,0.00%,0,4037486622,5274,5265,8,540909,75446,13.948,9590827733,499799,0.01%,124712,36881,29.57%,1134789,9606172052,55,0.00%,4913,7319,148.97%,0,0,65445694736,1308913894.72,39267416841.6,654456947.36,24214907052.32
8,2023-08-22,nbody_50000000_v5_original,17.0.8.1,nbody.java 50000000,1.0,0.43,0.59,0.03,0.0,0.38,5.34,2.26,0.02,0.3,2.16,4.106796144,16388527867,3.979,38080625903,2.3,4118.86,1.003,16422756570,3.987,13,7607415662,96405201,4118.99,1.003,538.0,2488377701,173797,0.01%,0,4020914526,5275,5263,11,466959,58083,12.439,9395923523,197309,0.00%,35738,1564,4.38%,471330,9591348781,672,0.00%,5099,5127,100.55%,0,0,65554111468,1966623344.04,38676925766.119995,0.0,24910562357.84
9,2023-08-22,nbody_50000000_v5_original,17.0.8.1,nbody.java 50000000,1.0,0.43,0.6,0.03,0.01,0.36,5.39,2.33,0.0,0.02,2.15,4.057610199,16372054918,4.023,38593731829,2.38,4069.9,1.003,16373056910,4.023,12,7603677253,96344166,4070.04,1.003,541.0,2505071172,34813,0.00%,0,4073010072,5276,5267,8,333201,490603,147.239,9557894073,489647,0.01%,104018,957,0.92%,407026,9344235952,23,0.00%,5902,3345,56.68%,0,0,65488219672,1964646590.1599998,39292931803.2,654882196.72,23575759081.92
10,2023-08-22,nbody_50000000_v5_original,17.0.8.1,nbody.java 50000000,1.0,0.43,0.6,0.03,0.01,0.37,5.35,2.3,0.01,0.02,2.16,4.089841383,16366352500,3.99,38503946509,2.35,4101.57,1.003,16402058157,3.999,15,7612907292,96428398,4101.72,1.003,544.0,2486069424,34271,0.00%,0,4032575449,5253,5244,8,501190,41726,8.325,9580187803,162954,0.00%,21921,1410,6.43%,445494,9626413662,46,0.00%,20601,11903,57.78%,0,0,65465410000,1963962300.0,39279246000.0,654654100.0,24222201700.0
1,2022-07-19,nbody_50000000_v5_original,18.0.2-ea,nbody.java 50000000,1.0,0.44,0.59,0.03,0.01,0.37,5.35,2.27,0.0,0.01,2.16,3.899473485,15771532190,4.054,35902830118,2.29,3890.77,0.998,15780919177,4.056,20,7141639244,90517510,3890.89,0.998,766.0,1968391032,32455,0.00%,0,3947849868,3307,3297,8,361614,60183,16.643,9475148059,181254,0.00%,25329,4761,18.80%,531682,9531835072,394,0.00%,5052,7318,144.85%,0,0,63086128760,1892583862.8,37220815968.4,630861287.6,23341867641.2
2,2022-07-19,nbody_50000000_v5_original,18.0.2-ea,nbody.java 50000000,1.0,0.44,0.59,0.04,0.01,0.37,5.36,2.29,0.0,0.0,2.16,3.895090724,15361437720,3.952,35021114976,2.24,3886.92,0.998,15390810514,3.96,17,7143912034,90546975,3887.03,0.998,683.0,1973655820,37048,0.00%,0,3957343394,3309,3299,8,576160,47874,8.309,9494251671,181744,0.00%,31690,4380,13.82%,494680,9543696211,116,0.00%,2214,8147,367.98%,0,0,61445750880,2457830035.2000003,36252993019.2,614457508.8000001,22734927825.6
3,2022-07-19,nbody_50000000_v5_original,18.0.2-ea,nbody.java 50000000,1.0,0.44,0.58,0.04,0.01,0.38,5.35,2.28,0.0,0.0,2.16,3.889943117,15371099632,3.963,35133171851,2.26,3878.6,0.997,15411873863,3.974,14,7150463856,90582501,3878.68,0.997,652.0,1980557311,28764,0.00%,0,3978365117,3329,3319,8,349258,31002,8.877,9516699001,156620,0.00%,21268,1212,5.70%,450443,9579157116,30,0.00%,4040,6994,173.12%,0,0,61484398528,2459375941.12,35660951146.24,614843985.28,23364071440.64
4,2022-07-19,nbody_50000000_v5_original,18.0.2-ea,nbody.java 50000000,1.0,0.44,0.59,0.03,0.01,0.37,5.36,2.27,0.01,0.01,2.16,3.898755,15790830656,4.058,34989996525,2.24,3891.06,0.998,15378268163,3.952,12,7139579335,90489169,3891.2,0.998,678.0,1968964018,24897,0.00%,0,3952025782,3332,3320,11,244693,24927,10.187,9473234664,143711,0.00%,17247,1648,9.56%,405900,9486622220,15,0.00%,8185,3678,44.94%,0,0,63163322624,1894899678.72,37266360348.159996,631633226.24,23370429370.88
5,2022-07-19,nbody_50000000_v5_original,18.0.2-ea,nbody.java 50000000,1.0,0.44,0.58,0.03,0.01,0.38,5.33,2.25,0.0,0.0,2.16,3.916501792,15844850107,4.053,35928873555,2.28,3909.14,0.998,15840861582,4.052,18,7344759751,93011305,3909.28,0.998,615.0,2009360981,87926,0.00%,0,4026441677,3333,3323,8,319875,27859,8.709,9406738490,139459,0.00%,23114,1510,6.53%,461192,9465238874,796,0.00%,3551,4128,116.25%,0,0,63379400428,1901382012.84,36760052248.24,633794004.28,24084172162.64
6,2022-07-19,nbody_50000000_v5_original,18.0.2-ea,nbody.java 50000000,1.0,0.44,0.58,0.03,0.01,0.38,5.36,2.27,0.0,0.0,2.16,3.917491167,15835525910,4.049,36028151216,2.29,3910.77,0.998,15842496245,4.051,19,7347007279,93009645,3910.9,0.998,535.0,2000379897,83339,0.00%,0,4046910831,3321,3312,8,186245,30691,16.479,9454164849,134943,0.00%,12638,1371,10.85%,387629,9445998279,77,0.00%,3234,4980,153.99%,0,0,63342103640,1900263109.2,36738420111.2,633421036.4,24069999383.2
7,2022-07-19,nbody_50000000_v5_original,18.0.2-ea,nbody.java 50000000,1.0,0.44,0.58,0.03,0.01,0.38,5.37,2.28,0.0,0.01,2.16,3.906741457,15813178410,4.055,35911604941,2.28,3899.61,0.998,15812450449,4.055,18,7331894038,90431889,3899.69,0.998,558.0,1963111687,32936,0.00%,0,3939420114,3321,3311,8,479562,29042,6.056,9468992199,146982,0.00%,24550,554,2.26%,428077,9478218137,7,0.00%,7295,3678,50.42%,0,0,63252713640,1897581409.2,36686573911.2,632527136.4,24036031183.2
8,2022-07-19,nbody_50000000_v5_original,18.0.2-ea,nbody.java 50000000,1.0,0.44,0.59,0.03,0.01,0.38,5.33,2.25,0.01,0.0,2.16,3.934457058,15843276855,4.035,35637439920,2.26,3926.61,0.998,15876152932,4.043,10,7374170732,93430585,3926.74,0.998,569.0,1996490291,85654,0.00%,0,3999682790,3322,3310,11,295097,32335,10.957,9397454876,152365,0.00%,26715,1402,5.25%,388024,9418679126,0,0.00%,2197,4306,195.99%,0,0,63373107420,1901193222.6,37390133377.799995,633731074.2,24081780819.6
9,2022-07-19,nbody_50000000_v5_original,18.0.2-ea,nbody.java 50000000,1.0,0.44,0.59,0.03,0.01,0.38,5.32,2.27,0.0,0.01,2.16,3.900058366,15785958153,4.054,35814890779,2.28,3893.55,0.998,15791503385,4.056,15,7139467335,90471667,3893.66,0.998,527.0,1970965353,24528,0.00%,0,3957556217,3313,3304,8,253552,25918,10.222,9470746689,126750,0.00%,14778,1702,11.52%,412106,9503253559,100,0.00%,2793,3361,120.34%,0,0,63143832612,1894314978.36,37254861241.08,631438326.12,23994656392.56
10,2022-07-19,nbody_50000000_v5_original,18.0.2-ea,nbody.java 50000000,1.0,0.44,0.59,0.03,0.01,0.39,5.27,2.24,0.0,0.01,2.16,3.896374925,15784755354,4.057,34929151369,2.23,3890.88,0.999,15373735703,3.951,22,7137753500,90441224,3891.0,0.999,516.0,1966056509,23247,0.00%,0,3949701555,3328,3318,8,263739,34664,13.143,9483805642,142951,0.00%,16940,1124,6.64%,353147,9519723720,92,0.00%,5044,3461,68.62%,0,0,63139021416,1894170642.48,37252022635.439995,631390214.16,24624218352.24
1,2023-01-17,nbody_50000000_v5_original,19.0.2,nbody.java 50000000,1.0,0.44,0.59,0.03,0.01,0.38,5.25,2.19,0.0,0.09,2.16,3.893061005,15934208663,4.066,35979257464,2.28,3918.73,1.007,15825251998,4.038,29,7339650124,90576878,3918.87,1.007,740.0,1908868299,43979,0.00%,0,4018434389,3838,3828,8,215009,21509,10.004,9452686437,130171,0.00%,14543,2130,14.65%,347187,9544233775,54,0.00%,3310,2584,78.07%,0,0,63736834652,1912105039.56,37604732444.68,637368346.52,24219997167.760002
2,2023-01-17,nbody_50000000_v5_original,19.0.2,nbody.java 50000000,1.0,0.44,0.59,0.03,0.01,0.37,5.38,2.22,0.0,0.22,2.15,3.872941911,15402142714,3.947,35021886317,2.24,3902.15,1.008,15454688109,3.96,14,7176680676,90470563,3902.28,1.008,718.0,1928954720,174663,0.01%,0,4011805917,4125,4115,8,337218,27394,8.124,9450283090,151797,0.00%,20976,616,2.94%,451364,9502659687,85,0.00%,4501,4313,95.82%,0,0,61608570856,1848257125.6799998,36349056805.04,616085708.5600001,22795171216.72
3,2023-01-17,nbody_50000000_v5_original,19.0.2,nbody.java 50000000,1.0,0.44,0.59,0.04,0.01,0.37,5.37,2.23,0.0,0.06,2.16,3.871829819,15444684237,3.966,35145375400,2.25,3893.96,1.006,15390867288,3.952,14,7143298461,90535821,3894.12,1.006,659.0,1931582898,42043,0.00%,0,4024406666,3828,3818,8,460623,49018,10.642,9476109536,191842,0.00%,28416,1203,4.23%,541240,9529088740,247,0.00%,4887,7800,159.61%,0,0,61778736948,2471149477.92,36449454799.32,617787369.48,22858132670.76
4,2023-01-17,nbody_50000000_v5_original,19.0.2,nbody.java 50000000,1.0,0.44,0.59,0.03,0.01,0.38,5.29,2.19,0.0,0.23,2.15,3.887195133,15513050922,3.957,35012235969,2.24,3920.5,1.009,15562822766,3.97,25,7222059313,90204640,3920.65,1.009,627.0,1918774257,44156,0.00%,0,4000534892,4179,4166,11,489112,89359,18.27,9434508635,172110,0.00%,19480,2637,13.54%,515186,9481138778,69,0.00%,3730,7275,195.04%,0,0,62052203688,1861566110.6399999,36610800175.92,620522036.88,23579837401.44
5,2023-01-17,nbody_50000000_v5_original,19.0.2,nbody.java 50000000,1.0,0.44,0.59,0.03,0.01,0.37,5.37,2.23,0.0,0.11,2.15,3.874612836,15329988034,3.937,34985471619,2.25,3894.1,1.005,15368974815,3.947,22,7137400799,90434179,3894.25,1.005,610.0,1931641974,128984,0.01%,0,4027888635,3814,3804,8,165616,28218,17.038,9467431072,115679,0.00%,12029,970,8.06%,373318,9502225600,0,0.00%,5462,3221,58.97%,0,0,61319952136,1839598564.08,36178771760.24,613199521.36,22688382290.32
6,2023-01-17,nbody_50000000_v5_original,19.0.2,nbody.java 50000000,1.0,0.44,0.58,0.04,0.02,0.37,5.38,2.24,0.0,0.06,2.16,3.877670282,15753734764,4.04,35006501424,2.23,3899.39,1.006,15384463041,3.945,19,7143273889,90516842,3899.51,1.006,600.0,1928505743,39679,0.00%,0,4027612541,3840,3830,8,410261,85729,20.896,9467595543,155111,0.00%,18465,3771,20.42%,462304,9516386550,61,0.00%,2656,4224,159.04%,0,0,63014939056,2520597562.2400002,36548664652.479996,1260298781.1200001,23315527450.72
7,2023-01-17,nbody_50000000_v5_original,19.0.2,nbody.java 50000000,1.0,0.44,0.59,0.03,0.01,0.37,5.37,2.22,0.0,0.2,2.15,3.882590991,15857342685,4.053,36008090780,2.29,3912.06,1.008,15876912365,4.058,20,7140359238,90503670,3912.21,1.008,577.0,1927305164,157250,0.01%,0,4009606331,4163,4153,8,463962,40606,8.752,9430465277,185219,0.00%,34942,6225,17.82%,529670,9473186704,30,0.00%,6281,5374,85.56%,0,0,63429370740,1902881122.2,37423328736.6,634293707.4,23468867173.8
8,2023-01-17,nbody_50000000_v5_original,19.0.2,nbody.java 50000000,1.0,0.44,0.59,0.03,0.01,0.37,5.37,2.2,0.01,0.23,2.15,3.88541738,15865999864,4.055,35928629368,2.29,3912.43,1.007,15855640961,4.053,21,7149291036,90445984,3912.58,1.007,618.0,1930476224,205355,0.01%,0,4010688423,4199,4186,11,500961,93253,18.615,9429531901,188081,0.00%,28898,2881,9.97%,560674,9490327189,123,0.00%,4370,5691,130.23%,0,2,63463999456,1903919983.6799998,37443759679.04,634639994.5600001,23481679798.72
9,2023-01-17,nbody_50000000_v5_original,19.0.2,nbody.java 50000000,1.0,0.44,0.58,0.04,0.01,0.37,5.36,2.21,0.0,0.07,2.15,3.874022394,15406230424,3.945,35090920336,2.25,3905.36,1.008,15381353540,3.938,14,7148139564,90592521,3905.49,1.008,554.0,1927847543,32079,0.00%,0,4033883493,4168,4158,8,213763,33943,15.879,9446595559,136850,0.00%,16039,1025,6.39%,405681,9516885439,804,0.00%,4034,3581,88.77%,0,0,61624921696,2464996867.84,35742454583.68,616249216.96,22801221027.52
10,2023-01-17,nbody_50000000_v5_original,19.0.2,nbody.java 50000000,1.0,0.44,0.59,0.04,0.01,0.37,5.38,2.23,0.0,0.18,2.15,3.87097921,15399772050,3.947,35071311475,2.25,3901.45,1.008,15441962329,3.958,15,7132978302,90417697,3901.54,1.008,514.0,1924103674,119658,0.01%,0,4015047693,4162,4152,8,194777,38308,19.668,9491996208,125566,0.00%,10913,1163,10.66%,358372,9521662029,38,0.00%,3791,2478,65.37%,0,0,61599088200,2463963528.0,36343462038.0,615990882.0,22791662634.0
1,2023-07-18,nbody_50000000_v5_original,20.0.2,nbody.java 50000000,1.0,0.46,0.57,0.03,0.01,0.38,5.41,2.11,0.0,0.26,2.15,3.884578011,15848646704,4.056,34492061057,2.19,3907.28,1.006,15827432956,4.051,18,7165696005,90504161,3907.44,1.006,760.0,1980341364,209112,0.01%,0,3964726549,5492,5482,8,395160,54149,13.703,9506447814,179410,0.00%,25857,4049,15.66%,521962,9561851362,758,0.00%,4205,7102,168.89%,0,0,63394586816,1901837604.48,36134914485.119995,633945868.16,24089942990.08
2,2023-07-18,nbody_50000000_v5_original,20.0.2,nbody.java 50000000,1.0,0.46,0.56,0.03,0.01,0.39,5.46,2.09,0.0,0.29,2.15,3.876543144,15808746240,4.047,33208393815,2.12,3906.01,1.008,15433489757,3.951,15,7175794141,90474668,3906.15,1.008,667.0,1996278191,290208,0.01%,0,3972111396,5745,5735,8,334046,43200,12.932,9487400155,142104,0.00%,28636,1186,4.14%,457888,9587705546,85,0.00%,4541,3632,79.98%,0,0,63234984960,1897049548.8,35411591577.600006,632349849.6,24661644134.4
3,2023-07-18,nbody_50000000_v5_original,20.0.2,nbody.java 50000000,1.0,0.46,0.56,0.03,0.01,0.38,5.47,2.09,0.01,0.3,2.15,3.879616002,15836625175,4.051,33345549292,2.13,3909.43,1.008,15442918051,3.95,13,7176531634,90479442,3909.56,1.008,704.0,2006484256,265597,0.01%,0,3967370027,5717,5707,8,269033,28020,10.415,9519639570,130015,0.00%,14692,1309,8.91%,395575,9600590326,347,0.00%,2421,4259,175.92%,0,0,63346500700,1900395021.0,35474040392.0,633465007.0,24071670266.0
4,2023-07-18,nbody_50000000_v5_original,20.0.2,nbody.java 50000000,1.0,0.46,0.56,0.03,0.02,0.39,5.46,2.12,0.0,0.26,2.15,3.868242312,15388391223,3.946,33438629588,2.14,3899.5,1.008,15450422200,3.962,14,7181411869,90503333,3899.67,1.008,639.0,1989101578,171047,0.01%,0,3986182428,5710,5700,8,150216,36110,24.039,9529759764,139578,0.00%,14468,1272,8.79%,402045,9584201947,193,0.00%,2764,3597,130.14%,0,0,61553564892,1846606946.76,34469996339.520004,1231071297.84,24005890307.88
5,2023-07-18,nbody_50000000_v5_original,20.0.2,nbody.java 50000000,1.0,0.46,0.57,0.03,0.01,0.39,5.43,2.11,0.01,0.3,2.15,3.895948478,15955546550,4.063,34509447256,2.19,3926.97,1.008,15969033572,4.066,16,7388713488,93049400,3927.14,1.008,598.0,2031142590,340171,0.02%,0,4027331199,5715,5705,8,202453,33367,16.481,9457193097,129198,0.00%,17548,2049,11.68%,388363,9525090754,479,0.00%,5578,3562,63.86%,0,0,63822186200,1914665586.0,36378646134.0,638221862.0,24890652618.0
6,2023-07-18,nbody_50000000_v5_original,20.0.2,nbody.java 50000000,1.0,0.46,0.57,0.03,0.01,0.38,5.43,2.14,0.0,0.16,2.15,3.889280864,15842677800,4.05,34613377815,2.2,3911.37,1.006,15809717375,4.042,15,7339220675,90490972,3911.49,1.006,549.0,1977998173,260703,0.01%,0,3933602353,5490,5480,8,283738,35807,12.62,9492621271,158600,0.00%,30971,2411,7.78%,397386,9509168857,363,0.00%,4348,3268,75.16%,0,0,63370711200,1901121336.0,36121305384.0,633707112.0,24080870256.0
7,2023-07-18,nbody_50000000_v5_original,20.0.2,nbody.java 50000000,1.0,0.45,0.57,0.03,0.01,0.38,5.43,2.12,0.0,0.31,2.15,3.871042889,15439432755,3.958,33780536811,2.17,3900.97,1.008,15439688853,3.958,16,7173201580,90440149,3901.09,1.008,532.0,1996229349,274713,0.01%,0,3973890552,5749,5739,8,183190,33279,18.166,9534356000,123981,0.00%,12990,2203,16.96%,405718,9572292245,23,0.00%,3504,3872,110.50%,0,0,61757731020,1852731930.6,35201906681.399994,617577310.2,23467937787.6
8,2023-07-18,nbody_50000000_v5_original,20.0.2,nbody.java 50000000,1.0,0.46,0.57,0.03,0.01,0.39,5.42,2.1,0.01,0.19,2.15,3.876823796,15782035203,4.047,33685624870,2.15,3899.68,1.006,15354249938,3.937,14,7138384722,90464829,3899.82,1.006,534.0,1996639271,292756,0.01%,0,3970022486,5513,5503,8,355672,48284,13.575,9496429520,166194,0.00%,24257,3389,13.97%,453362,9550621505,347,0.00%,5933,5126,86.40%,0,0,63128140812,1893844224.36,35983040262.84,631281408.12,24619974916.68
9,2023-07-18,nbody_50000000_v5_original,20.0.2,nbody.java 50000000,1.0,0.46,0.57,0.03,0.01,0.39,5.43,2.12,0.0,0.22,2.15,3.873521838,15010374549,3.853,32884529507,2.12,3895.69,1.006,15046772049,3.862,17,7001414804,88550690,3895.8,1.006,498.0,1953187818,264294,0.01%,0,3911414588,5497,5487,8,323860,99038,30.58,9391465391,163463,0.00%,20591,3585,17.41%,425737,9486940297,92,0.00%,2823,4401,155.90%,0,0,60041498196,1801244945.8799999,34223653971.719997,600414981.96,23416184296.440002
10,2023-07-18,nbody_50000000_v5_original,20.0.2,nbody.java 50000000,1.0,0.46,0.57,0.04,0.01,0.38,5.43,2.08,0.02,0.31,2.15,3.904666341,15974599217,4.063,34812232187,2.21,3931.23,1.007,15950140228,4.057,14,7392359195,93126115,3931.36,1.007,521.0,2020946400,228515,0.01%,0,4054844545,5719,5709,8,218030,37095,17.014,9511467860,131524,0.00%,17882,1743,9.75%,393011,9532807440,201,0.00%,3012,5380,178.62%,0,0,63898396868,2555935874.7200003,36422086214.759995,638983968.6800001,24281390809.84
