test,release_date,path,version,appplication,CPU_Utilization,CPI,Retiring,Frontend_Bound,Bad_Speculation,Backend_Bound,ILP,IPC_perf,Kernel_Utilization,L1D_Cache_Fill_BW,Turbo_Utilization,time_elapsed_sec,cycles,freq_cycles_GHz,instructions,insn_per_cycle,cpu_clock_msec,no_cpus,cpu_cycles,freq_cpu_cycles_GHz,cpu_migrations,ref_cycles,bus_cycles,task_clock_msec,no_cpus_task_clock,cpu_thermal_margin_C,branches,branch_misses,percent_branch_misses,mem_loads,mem_stores,page_faults,minor_faults,major_faults,cache_references,cache_misses,percent_cache_misses,L1_dcache_loads,L1_dcache_load_misses,percent_L1_dcache_load_misses,LLC_loads,LLC_load_misses,percent_LLC_load_misses,L1_icache_load_misses,dTLB_loads,dTLB_load_misses,percent_dTLB_load_misses,iTLB_loads,iTLB_load_misses,percent_iTLB_load_misses,block_rq_issue,block_rq_complete
1,2012-03-13,nbody_50000000_compatible_O3flag,g++-4.4,nbody_2.c 50000000,1.0,0.31,0.77,0.14,0.0,0.09,7.29,3.21,0.01,0.0,2.16,8.917429834,36362867782,4.078,115998957365,3.19,8916.43,1.0,36358935605,4.078,3,16850536999,213336525,8916.44,1.0,14.0,17157975634,208428,0.00%,0,17610475919,139,139,0,792934,69744,8.796,31513854723,420520,0.00%,43872,1834,4.18%,957419,31374368348,2892,0.00%,17188,9698,56.42%,0,0
2,2012-03-13,nbody_50000000_compatible_O3flag,g++-4.4,nbody_2.c 50000000,0.99,0.31,0.77,0.13,0.0,0.09,7.29,3.23,0.0,0.0,2.15,8.965646792,36181833026,4.037,116568099475,3.22,8963.57,1.0,36195543168,4.038,7,16857521947,213382112,8963.61,1.0,2.0,17214502145,149833,0.00%,0,17550676989,136,136,0,1095975,86943,7.933,31386231700,489592,0.00%,62678,3595,5.74%,1181300,31379936268,163,0.00%,67069,15097,22.51%,0,0
3,2012-03-13,nbody_50000000_compatible_O3flag,g++-4.4,nbody_2.c 50000000,0.99,0.31,0.77,0.13,0.0,0.09,7.29,3.22,0.0,0.0,2.09,9.311366767,36222181741,3.891,116322081238,3.21,9309.75,1.0,36191450890,3.887,9,17336810079,219516345,9309.76,1.0,2.0,17182367936,876573,0.01%,0,17564495842,139,139,0,1073488,67656,6.302,31407924818,515681,0.00%,77657,5120,6.59%,1202234,31389428774,364,0.00%,132139,12500,9.46%,0,0
4,2012-03-13,nbody_50000000_compatible_O3flag,g++-4.4,nbody_2.c 50000000,1.0,0.31,0.77,0.13,0.0,0.09,7.28,3.22,0.0,0.0,2.16,8.873690381,36193480001,4.079,116581317322,3.22,8872.73,1.0,36190350357,4.079,3,16778487773,212397540,8872.73,1.0,4.0,17204238291,66618,0.00%,0,17543865281,140,140,0,864521,65352,7.559,31370097590,354369,0.00%,37695,2991,7.93%,768508,31389852444,304,0.00%,18567,6202,33.40%,0,0
5,2012-03-13,nbody_50000000_compatible_O3flag,g++-4.4,nbody_2.c 50000000,1.0,0.31,0.77,0.13,0.0,0.09,7.28,3.22,0.0,0.0,2.16,8.871441427,36126689890,4.073,116517991559,3.22,8870.4,1.0,36147442151,4.075,1,16771323964,212283298,8870.41,1.0,3.0,17214956856,72770,0.00%,0,17578279824,137,137,0,622445,43371,6.968,31395582914,383678,0.00%,37881,2092,5.52%,865519,31377186055,952,0.00%,14485,5200,35.90%,0,0
6,2012-03-13,nbody_50000000_compatible_O3flag,g++-4.4,nbody_2.c 50000000,1.0,0.31,0.77,0.13,0.0,0.09,7.29,3.22,0.0,0.0,2.16,8.876202028,36210668044,4.08,116584218248,3.22,8875.32,1.0,36213911674,4.08,0,16790246053,212533986,8875.32,1.0,3.0,17195402163,308169,0.00%,0,17554683916,137,137,0,992019,178065,17.95,31332867313,433611,0.00%,54349,4039,7.43%,1105069,31382618078,140,0.00%,15681,9586,61.13%,0,0
7,2012-03-13,nbody_50000000_compatible_O3flag,g++-4.4,nbody_2.c 50000000,0.99,0.31,0.77,0.13,0.0,0.09,7.29,3.22,0.0,0.0,2.02,9.56486998,36187713367,3.784,116603078596,3.22,9563.1,1.0,36191964703,3.785,12,17895855445,226568799,9563.12,1.0,1.0,17188802010,151295,0.00%,0,17557422931,137,137,0,1325510,88850,6.703,31368448864,580639,0.00%,86588,4549,5.25%,1362575,31366677490,1024,0.00%,132758,20122,15.16%,0,0
8,2012-03-13,nbody_50000000_compatible_O3flag,g++-4.4,nbody_2.c 50000000,0.99,0.31,0.77,0.13,0.0,0.09,7.29,3.22,0.0,0.0,2.16,8.902822834,36195187503,4.066,116626027337,3.22,8901.69,1.0,36188936950,4.065,2,16782809894,212413617,8901.72,1.0,3.0,17207621145,91553,0.00%,0,17570926694,137,137,0,675378,64711,9.581,31380784777,401272,0.00%,66910,13805,20.63%,1049228,31310784473,1363,0.00%,47458,7570,15.95%,0,0
9,2012-03-13,nbody_50000000_compatible_O3flag,g++-4.4,nbody_2.c 50000000,1.0,0.31,0.77,0.14,0.01,0.09,7.29,3.19,0.0,0.0,2.16,8.955520757,36399948936,4.065,116740918050,3.21,8954.57,1.0,36394656924,4.064,3,16891319936,213812242,8954.57,1.0,3.0,17154806129,472886,0.00%,0,17525038200,138,138,0,918118,60023,6.538,31338548721,430785,0.00%,47874,4345,9.08%,1087052,31443799511,528,0.00%,44759,8558,19.12%,0,0
10,2012-03-13,nbody_50000000_compatible_O3flag,g++-4.4,nbody_2.c 50000000,0.99,0.31,0.77,0.13,0.0,0.09,7.29,3.22,0.0,0.0,2.0,9.605239745,36167081462,3.766,116573596229,3.22,9603.75,1.0,36155224895,3.765,15,18051087507,228547214,9603.77,1.0,3.0,17199284973,141069,0.00%,0,17552823181,139,139,0,994087,90558,9.11,31369804783,556840,0.00%,79412,6837,8.61%,1325705,31364635802,1902,0.00%,83350,15920,19.10%,0,0
1,2013-04-12,nbody_50000000_compatible_O3flag,g++-4.6,nbody_2.c 50000000,1.0,0.3,0.82,0.11,0.0,0.08,7.45,3.37,0.0,0.0,2.16,9.187908148,37368113324,4.068,125997601211,3.37,9186.94,1.0,37371515765,4.068,0,17329492164,219401029,9186.95,1.0,11.0,17652584001,524089,0.00%,0,17878249248,138,138,0,547978,45642,8.329,34299644466,372380,0.00%,26538,1691,6.37%,1004438,34206193645,54,0.00%,20012,5439,27.18%,0,0
2,2013-04-12,nbody_50000000_compatible_O3flag,g++-4.6,nbody_2.c 50000000,1.0,0.3,0.82,0.11,0.0,0.08,7.45,3.37,0.0,0.0,2.16,9.178150378,37400112962,4.075,126135808455,3.37,9177.11,1.0,37402706789,4.076,1,17338828963,219476979,9177.12,1.0,6.0,17631813753,485889,0.00%,0,17881217730,137,137,0,432096,46438,10.747,34258339439,333548,0.00%,22463,1759,7.83%,955017,34240652377,201,0.00%,14595,5371,36.80%,0,0
3,2013-04-12,nbody_50000000_compatible_O3flag,g++-4.6,nbody_2.c 50000000,0.99,0.3,0.82,0.11,0.0,0.08,7.44,3.37,0.0,0.0,2.06,9.721139023,37457282252,3.854,125784896035,3.36,9719.5,1.0,37421323234,3.85,7,18160786656,230027621,9719.54,1.0,2.0,17621180390,198294,0.00%,0,17861683853,137,137,0,1344880,102837,7.647,34234662303,573142,0.00%,84751,3902,4.60%,1513874,34241288596,381,0.00%,102559,15235,14.85%,0,0
4,2013-04-12,nbody_50000000_compatible_O3flag,g++-4.6,nbody_2.c 50000000,0.99,0.3,0.81,0.11,0.0,0.08,7.43,3.36,0.0,0.0,2.04,9.820698738,37491212162,3.818,125963138237,3.36,9819.01,1.0,37471702168,3.816,6,18371005236,232629322,9819.05,1.0,3.0,17650117573,320506,0.00%,0,17868994504,137,137,0,1419046,86059,6.065,34202944854,588576,0.00%,99063,6145,6.20%,1526890,34189111819,528,0.00%,125407,15165,12.09%,0,0
5,2013-04-12,nbody_50000000_compatible_O3flag,g++-4.6,nbody_2.c 50000000,0.99,0.3,0.82,0.11,0.0,0.08,7.44,3.37,0.0,0.0,2.16,9.219843346,37428153184,4.06,125976706406,3.37,9218.64,1.0,37405065238,4.058,7,17348587018,219602312,9218.63,1.0,2.0,17646174301,213827,0.00%,0,17873852206,138,138,0,547133,45363,8.291,34222472046,397472,0.00%,43123,4570,10.60%,1129391,34166630799,194,0.00%,59356,9608,16.19%,0,0
6,2013-04-12,nbody_50000000_compatible_O3flag,g++-4.6,nbody_2.c 50000000,0.99,0.3,0.81,0.11,0.0,0.08,7.44,3.36,0.01,0.0,2.16,9.250985031,37572112322,4.062,125733028946,3.34,9249.92,1.0,37573925289,4.062,6,17428332556,220657250,9249.93,1.0,2.0,17645262586,149830,0.00%,0,17912576662,139,139,0,1080289,190525,17.636,34351281503,497924,0.00%,69615,3805,5.47%,1329696,34240342581,218,0.00%,46612,15899,34.11%,0,0
7,2013-04-12,nbody_50000000_compatible_O3flag,g++-4.6,nbody_2.c 50000000,0.99,0.3,0.81,0.11,0.0,0.08,7.43,3.36,0.0,0.0,1.99,9.986812234,37454825750,3.751,126018873762,3.36,9985.24,1.0,37438294469,3.749,10,18774875523,237712716,9985.25,1.0,2.0,17655950704,175654,0.00%,0,17851589500,137,137,0,1322312,76128,5.757,34214220776,586092,0.00%,88425,4954,5.60%,1599917,34236277846,1669,0.00%,95323,18404,19.31%,0,0
8,2013-04-12,nbody_50000000_compatible_O3flag,g++-4.6,nbody_2.c 50000000,0.99,0.3,0.81,0.11,0.0,0.08,7.43,3.35,0.0,0.0,2.14,9.399973314,37678861656,4.009,126144719500,3.35,9398.69,1.0,37624988753,4.003,8,17548780894,222061196,9398.7,1.0,2.0,17616037779,185446,0.00%,0,17827266777,138,138,0,776842,72100,9.281,34163736963,479016,0.00%,43255,14792,34.20%,1281774,34256396548,2764,0.00%,120525,11225,9.31%,0,0
9,2013-04-12,nbody_50000000_compatible_O3flag,g++-4.6,nbody_2.c 50000000,0.99,0.3,0.81,0.11,0.0,0.08,7.45,3.37,0.0,0.0,2.14,9.312881104,37573549887,4.035,125822243045,3.35,9311.88,1.0,37555844427,4.033,5,17535739176,222016529,9311.9,1.0,3.0,17618684749,92981,0.00%,0,17869036316,136,136,0,941553,77489,8.23,34145019586,500556,0.00%,76717,3500,4.56%,1287992,34256251646,279,0.00%,60453,11004,18.20%,0,0
10,2013-04-12,nbody_50000000_compatible_O3flag,g++-4.6,nbody_2.c 50000000,0.98,0.3,0.82,0.11,0.0,0.08,7.44,3.36,0.0,0.0,2.12,9.463691502,37471273471,3.96,126102041900,3.37,9462.7,1.0,37470559180,3.96,3,17654493483,223522310,9462.71,1.0,2.0,17659749212,286257,0.00%,0,17883163480,137,137,0,788923,48173,6.106,34250732717,470126,0.00%,56695,4529,7.99%,1277402,34185266255,381,0.00%,124819,11914,9.55%,0,0
1,2014-06-12,nbody_50000000_compatible_O3flag,g++-4.7,nbody_2.c 50000000,1.0,0.31,0.78,0.13,0.0,0.09,7.21,3.22,0.01,0.0,2.16,9.375272471,38238308466,4.079,123632971255,3.23,9374.19,1.0,38233618259,4.079,1,17724294953,224378080,9374.2,1.0,12.0,18342648562,57649,0.00%,0,17760404940,138,138,0,803499,191132,23.787,33139932909,407559,0.00%,48409,2249,4.65%,1048340,33082122117,210,0.00%,23605,8515,36.07%,0,0
2,2014-06-12,nbody_50000000_compatible_O3flag,g++-4.7,nbody_2.c 50000000,1.0,0.31,0.79,0.12,0.0,0.09,7.2,3.24,0.0,0.0,2.16,9.347805191,38110899607,4.077,123418394285,3.24,9346.78,1.0,38109404044,4.077,1,17671962158,223727390,9346.78,1.0,6.0,18373018386,360978,0.00%,0,17605403858,139,139,0,727668,83032,11.411,33035219854,487928,0.00%,64778,3770,5.82%,1270865,33198368137,412,0.00%,17799,9168,51.51%,0,0
3,2014-06-12,nbody_50000000_compatible_O3flag,g++-4.7,nbody_2.c 50000000,1.0,0.31,0.79,0.12,0.0,0.09,7.2,3.26,0.0,0.0,2.16,9.311222163,37963945046,4.078,123655382856,3.26,9310.24,1.0,37965080894,4.078,1,17602888144,222861308,9310.24,1.0,4.0,18371430566,172344,0.00%,0,17652596220,136,136,0,559411,57439,10.268,33122779437,404397,0.00%,39401,3592,9.12%,1002169,33096156458,93,0.00%,22601,5221,23.10%,0,0
4,2014-06-12,nbody_50000000_compatible_O3flag,g++-4.7,nbody_2.c 50000000,0.99,0.31,0.79,0.12,0.0,0.09,7.21,3.25,0.0,0.0,2.15,9.380373302,37942442445,4.045,123419538929,3.25,9379.22,1.0,37967094482,4.048,2,17624824567,223117116,9379.23,1.0,2.0,18358499400,412969,0.00%,0,17655933342,137,137,0,824144,201476,24.447,33109685567,500390,0.00%,43961,3189,7.25%,1064290,33125523005,672,0.00%,61727,9106,14.75%,0,0
5,2014-06-12,nbody_50000000_compatible_O3flag,g++-4.7,nbody_2.c 50000000,0.99,0.31,0.77,0.13,0.0,0.1,7.09,3.18,0.01,0.01,2.01,10.197579024,38503347639,3.776,122738629902,3.19,10196.15,1.0,38530943831,3.779,10,19138282210,242232866,10196.16,1.0,3.0,18443947235,256519,0.00%,0,17813493921,139,139,0,2920422,1798150,61.572,33455707812,812420,0.00%,286270,200844,70.16%,1758202,33173086819,7220,0.00%,95561,11184,11.70%,0,0
6,2014-06-12,nbody_50000000_compatible_O3flag,g++-4.7,nbody_2.c 50000000,0.99,0.32,0.77,0.13,0.0,0.1,7.09,3.2,0.0,0.0,2.01,10.260754271,38801892551,3.782,123869532906,3.19,10259.22,1.0,38805873647,3.783,12,19294961425,244332050,10259.24,1.0,2.0,18490865932,172824,0.00%,0,17671341768,137,137,0,2219135,643306,28.989,33025286405,872772,0.00%,186304,73987,39.71%,1738812,33053252766,10557,0.00%,130559,12066,9.24%,0,0
7,2014-06-12,nbody_50000000_compatible_O3flag,g++-4.7,nbody_2.c 50000000,0.99,0.31,0.78,0.12,0.0,0.09,7.22,3.23,0.0,0.0,2.09,9.770513459,38298104666,3.92,123575760091,3.23,9769.31,1.0,38305121711,3.921,11,18346223045,232243423,9769.32,1.0,2.0,18362425143,71654,0.00%,0,17660123896,137,137,0,597886,55674,9.312,33100164340,451132,0.00%,73545,15930,21.66%,1182586,33102702187,618,0.00%,73751,8994,12.20%,0,0
8,2014-06-12,nbody_50000000_compatible_O3flag,g++-4.7,nbody_2.c 50000000,0.99,0.31,0.79,0.12,0.0,0.09,7.2,3.25,0.0,0.0,2.1,9.685845606,37959330841,3.92,123567400594,3.25,9684.63,1.0,37988706665,3.923,12,18101759230,229072295,9684.65,1.0,2.0,18358272251,101309,0.00%,0,17676925257,137,137,0,750780,53346,7.105,33145971254,458224,0.00%,44297,3531,7.97%,1112654,33097057739,465,0.00%,110139,10080,9.15%,0,0
9,2014-06-12,nbody_50000000_compatible_O3flag,g++-4.7,nbody_2.c 50000000,0.98,0.31,0.79,0.12,0.0,0.09,7.2,3.25,0.0,0.0,2.1,9.723727687,38010653755,3.91,123579819879,3.25,9722.34,1.0,37982935816,3.907,12,18122034010,229521230,9722.37,1.0,2.0,18346633777,114058,0.00%,0,17655238684,138,138,0,613488,71266,11.617,33136241877,481360,0.00%,42369,4807,11.35%,1133030,33127670927,303,0.00%,120453,14850,12.33%,0,0
10,2014-06-12,nbody_50000000_compatible_O3flag,g++-4.7,nbody_2.c 50000000,1.0,0.31,0.79,0.13,0.0,0.09,7.21,3.23,0.01,0.0,2.11,9.572667409,38152302862,3.986,123720886363,3.25,9571.46,1.0,38141466944,3.985,6,18085010166,228920131,9571.47,1.0,2.0,18334040863,224518,0.00%,0,17624621536,137,137,0,911897,78769,8.638,32953149371,484528,0.00%,58620,3076,5.25%,1177754,33236111627,598,0.00%,40060,8694,21.70%,0,0
1,2015-06-23,nbody_50000000_compatible_O3flag,g++-4.8,nbody_2.c 50000000,0.99,0.31,0.79,0.12,0.0,0.08,7.22,3.2,0.0,0.0,2.14,8.670412339,34846341741,4.02,111493209442,3.2,8668.81,1.0,34876654472,4.023,3,16324533892,206567078,8668.83,1.0,2.0,16809217128,104868,0.00%,0,15870149636,137,137,0,928258,97633,10.518,33161593377,491131,0.00%,68549,5922,8.64%,1139687,33196636953,2804,0.00%,54758,16349,29.86%,0,0
2,2015-06-23,nbody_50000000_compatible_O3flag,g++-4.8,nbody_2.c 50000000,1.0,0.31,0.79,0.12,0.0,0.09,7.22,3.2,0.0,0.0,2.16,8.603772801,35076533673,4.077,111079186764,3.17,8602.89,1.0,35082258114,4.078,2,16261930590,205892455,8602.89,1.0,3.0,16775484493,128729,0.00%,0,15761990173,137,137,0,742242,57183,7.704,33210564239,388985,0.00%,55736,3242,5.82%,949338,33217609097,623,0.00%,19778,7442,37.63%,0,0
3,2015-06-23,nbody_50000000_compatible_O3flag,g++-4.8,nbody_2.c 50000000,0.99,0.31,0.79,0.12,0.0,0.08,7.23,3.19,0.0,0.0,2.13,8.731249456,35020579667,4.011,111588799539,3.19,8730.18,1.0,35035905803,4.013,5,16464967726,208373607,8730.19,1.0,2.0,16863741555,121634,0.00%,0,15914517132,136,136,0,755290,63824,8.45,33126150224,437540,0.00%,66518,4303,6.47%,1049646,33274962745,366,0.00%,45852,10671,23.27%,0,0
4,2015-06-23,nbody_50000000_compatible_O3flag,g++-4.8,nbody_2.c 50000000,0.99,0.31,0.79,0.12,0.0,0.08,7.23,3.21,0.0,0.0,2.09,8.908987761,34890131893,3.917,111884866598,3.21,8907.9,1.0,34903830939,3.918,3,16714166783,211557499,8907.91,1.0,2.0,16800026290,95659,0.00%,0,15861378993,139,139,0,679468,45052,6.63,33172333275,424989,0.00%,47892,2559,5.34%,1090431,33156624601,3059,0.00%,81850,8045,9.83%,0,0
5,2015-06-23,nbody_50000000_compatible_O3flag,g++-4.8,nbody_2.c 50000000,0.98,0.31,0.79,0.12,0.0,0.08,7.21,3.2,0.0,0.0,2.07,9.066672819,34972717026,3.858,111832994793,3.2,9065.54,1.0,34960032864,3.856,6,16867458660,213490149,9065.61,1.0,1.0,16796898525,85149,0.00%,0,15847472693,138,138,0,738217,59507,8.061,33155988544,454720,0.00%,53924,2592,4.81%,1026336,33154243669,302,0.00%,143513,10641,7.41%,0,0
6,2015-06-23,nbody_50000000_compatible_O3flag,g++-4.8,nbody_2.c 50000000,0.98,0.31,0.79,0.12,0.0,0.08,7.23,3.2,0.0,0.0,2.07,9.055275996,34891146864,3.854,111802025340,3.2,9054.17,1.0,34908635679,3.856,6,16887393258,213800613,9054.18,1.0,2.0,16828553689,120458,0.00%,0,15849918556,136,136,0,712204,40218,5.647,33166599428,453853,0.00%,50135,3000,5.98%,1070996,33124916264,263,0.00%,143501,13752,9.58%,0,0
7,2015-06-23,nbody_50000000_compatible_O3flag,g++-4.8,nbody_2.c 50000000,0.99,0.31,0.79,0.12,0.0,0.09,7.22,3.2,0.0,0.0,2.05,9.08458058,34947118564,3.847,111881337344,3.2,9083.49,1.0,34937165984,3.846,6,17012533117,215290349,9083.55,1.0,2.0,16805504405,85144,0.00%,0,15863734228,137,137,0,578068,54605,9.446,33204861965,428040,0.00%,36880,3422,9.28%,1017029,33155929754,178,0.00%,116375,11285,9.70%,0,0
8,2015-06-23,nbody_50000000_compatible_O3flag,g++-4.8,nbody_2.c 50000000,0.99,0.31,0.79,0.12,0.0,0.09,7.19,3.18,0.0,0.0,2.05,9.14372304,35144559619,3.844,111699270525,3.18,9142.47,1.0,35165865374,3.846,5,17112035767,216580625,9142.48,1.0,2.0,16790944855,76660,0.00%,0,15850783904,139,139,0,664796,70814,10.652,33178042686,518583,0.00%,59482,13913,23.39%,1046650,33147935167,172,0.00%,91041,6959,7.64%,0,0
9,2015-06-23,nbody_50000000_compatible_O3flag,g++-4.8,nbody_2.c 50000000,0.99,0.31,0.79,0.12,0.0,0.08,7.24,3.2,0.0,0.0,1.9,9.726377585,34916900283,3.59,111805430188,3.2,9724.89,1.0,34909659284,3.59,9,18333935617,232112741,9724.9,1.0,2.0,16806461404,110732,0.00%,0,15845585396,136,136,0,1265098,106245,8.398,33175769701,588254,0.00%,92134,8159,8.86%,1368643,33148801639,498,0.00%,92893,17503,18.84%,0,0
10,2015-06-23,nbody_50000000_compatible_O3flag,g++-4.8,nbody_2.c 50000000,0.98,0.31,0.79,0.12,0.0,0.08,7.24,3.21,0.0,0.0,2.07,9.046244571,34875126436,3.856,111867849034,3.21,9045.04,1.0,34905204111,3.859,6,16889954244,213867845,9045.05,1.0,2.0,16818770188,108226,0.00%,0,15856087452,141,141,0,596204,62113,10.418,33140054040,444190,0.00%,45160,4321,9.57%,1087006,33150076348,333,0.00%,132581,12470,9.41%,0,0
1,2015-06-26,nbody_50000000_compatible_O3flag,g++-4.9,nbody_2.c 50000000,0.99,0.32,0.77,0.12,0.0,0.11,7.11,3.16,0.0,0.0,2.15,8.155551666,32921050603,4.037,104079296761,3.16,8154.04,1.0,32922587938,4.038,3,15344466233,194285650,8154.05,1.0,3.0,16411962285,1163487,0.01%,0,15668596460,137,137,0,1048453,76185,7.266,30988017197,465339,0.00%,84358,15366,18.22%,1198801,31037068668,619,0.00%,57016,15934,27.95%,0,0
2,2015-06-26,nbody_50000000_compatible_O3flag,g++-4.9,nbody_2.c 50000000,1.0,0.32,0.77,0.12,0.0,0.11,7.1,3.15,0.0,0.0,2.16,8.097861155,32992380965,4.075,104095168290,3.16,8096.94,1.0,32982234726,4.073,3,15294242459,193616449,8096.95,1.0,3.0,16407988017,79297,0.00%,0,15653324620,137,137,0,375261,70892,18.891,31010385244,318715,0.00%,23451,2616,11.16%,790558,31015338328,295,0.00%,27944,6119,21.90%,0,0
3,2015-06-26,nbody_50000000_compatible_O3flag,g++-4.9,nbody_2.c 50000000,0.99,0.32,0.77,0.13,0.0,0.11,7.1,3.16,0.0,0.0,2.13,8.228194531,32928832731,4.002,103997043959,3.16,8227.11,1.0,32901747746,3.999,7,15455338094,195625777,8227.12,1.0,2.0,16386862711,163285,0.00%,0,15664238924,137,137,0,618501,39612,6.405,31019025082,371752,0.00%,41543,2056,4.95%,867213,31016337750,335,0.00%,51712,10222,19.77%,0,0
4,2015-06-26,nbody_50000000_compatible_O3flag,g++-4.9,nbody_2.c 50000000,1.0,0.32,0.77,0.12,0.0,0.11,7.11,3.16,0.0,0.0,1.95,8.968423517,32922080482,3.671,104040971428,3.16,8966.97,1.0,32928469586,3.672,8,16928178946,214293440,8966.99,1.0,2.0,16411000065,130059,0.00%,0,15663193614,137,137,0,1073055,89244,8.317,31008619783,507799,0.00%,77659,3479,4.48%,1222497,31013015723,389,0.00%,57458,13973,24.32%,0,0
5,2015-06-26,nbody_50000000_compatible_O3flag,g++-4.9,nbody_2.c 50000000,0.98,0.32,0.77,0.13,0.0,0.11,7.1,3.15,0.0,0.0,2.09,8.44211925,32950497467,3.904,104042175325,3.16,8440.92,1.0,32954871802,3.904,10,15735607413,199262160,8440.93,1.0,2.0,16409795673,100166,0.00%,0,15650822909,136,136,0,598057,48345,8.084,31058309667,427753,0.00%,43256,3227,7.46%,923466,30987626611,54,0.00%,143466,22019,15.35%,0,0
6,2015-06-26,nbody_50000000_compatible_O3flag,g++-4.9,nbody_2.c 50000000,0.99,0.32,0.77,0.13,0.0,0.11,7.1,3.15,0.0,0.0,1.93,9.055786111,32960753032,3.64,104056097411,3.16,9054.28,1.0,32959612118,3.64,11,17056747205,215905466,9054.3,1.0,2.0,16391587172,115046,0.00%,0,15667223122,141,141,0,1104328,75408,6.828,31020175795,559813,0.00%,80464,6667,8.29%,1278956,31023810021,1542,0.00%,93221,17056,18.30%,0,0
7,2015-06-26,nbody_50000000_compatible_O3flag,g++-4.9,nbody_2.c 50000000,0.98,0.32,0.77,0.13,0.0,0.11,7.11,3.16,0.0,0.0,2.09,8.446676275,32939539305,3.9,103956599126,3.15,8445.55,1.0,32968495034,3.904,4,15748588250,199389952,8445.56,1.0,3.0,16415373718,102877,0.00%,0,15651596247,137,137,0,507522,29080,5.73,30993843114,414304,0.00%,35182,2033,5.78%,906558,31042313481,0,0.00%,132247,10301,7.79%,0,0
8,2015-06-26,nbody_50000000_compatible_O3flag,g++-4.9,nbody_2.c 50000000,0.99,0.32,0.77,0.13,0.0,0.11,7.1,3.16,0.0,0.0,2.07,8.483273339,32947962348,3.884,104084798248,3.16,8482.27,1.0,32944019056,3.884,4,15922736918,201585604,8482.28,1.0,2.0,16414360663,111369,0.00%,0,15675779503,139,139,0,568086,48050,8.458,31016566825,406736,0.00%,36987,1933,5.23%,899312,31036949930,475,0.00%,79938,7079,8.86%,0,0
9,2015-06-26,nbody_50000000_compatible_O3flag,g++-4.9,nbody_2.c 50000000,0.99,0.32,0.76,0.12,0.0,0.12,7.09,3.12,0.0,0.0,2.06,8.644749869,33319158193,3.855,104037074366,3.12,8643.59,1.0,33302374130,3.853,2,16153961427,204487046,8643.62,1.0,2.0,16397046168,112443,0.00%,0,15651961456,138,138,0,535144,57423,10.73,31004892412,481195,0.00%,58958,14116,23.94%,923085,31049487652,46,0.00%,110926,8432,7.60%,0,0
10,2015-06-26,nbody_50000000_compatible_O3flag,g++-4.9,nbody_2.c 50000000,0.99,0.32,0.77,0.13,0.0,0.11,7.1,3.16,0.0,0.0,1.91,9.172694223,32970674666,3.595,104009913676,3.15,9171.13,1.0,32965353431,3.594,12,17276705931,218688253,9171.15,1.0,2.0,16388551075,154599,0.00%,0,15656573936,136,136,0,1481649,119301,8.052,31009093446,561945,0.00%,79599,4640,5.83%,1358261,31023049244,914,0.00%,93843,16763,17.86%,0,0
1,2017-10-10,nbody_50000000_compatible_O3flag,g++-5,nbody_2.c 50000000,1.0,0.31,0.78,0.12,0.0,0.1,7.18,3.2,0.0,0.0,2.16,8.210894016,33436803797,4.073,107055029665,3.2,8210.11,1.0,33439473275,4.073,1,15506554805,196283721,8210.12,1.0,8.0,16350585382,95834,0.00%,0,15660249594,141,141,0,419938,58562,13.945,31843285401,336441,0.00%,25960,2635,10.15%,759777,31874773982,614,0.00%,18808,49659,264.03%,0,0
2,2017-10-10,nbody_50000000_compatible_O3flag,g++-5,nbody_2.c 50000000,1.0,0.31,0.78,0.12,0.0,0.1,7.19,3.2,0.0,0.0,2.16,8.213135689,33448045484,4.073,106962502810,3.2,8212.27,1.0,33437900931,4.072,2,15519268905,196465728,8212.28,1.0,3.0,16353112231,53747,0.00%,0,15667707658,137,137,0,308155,47969,15.567,31866526358,298815,0.00%,23362,2162,9.25%,685737,31853896067,194,0.00%,22172,16985,76.61%,0,0
3,2017-10-10,nbody_50000000_compatible_O3flag,g++-5,nbody_2.c 50000000,0.99,0.31,0.78,0.12,0.0,0.1,7.16,3.19,0.0,0.0,2.13,8.446601666,33616715649,3.98,107063374093,3.19,8445.47,1.0,33577278192,3.976,9,15771037582,199750572,8445.5,1.0,2.0,16342480608,98072,0.00%,0,15641981687,139,139,0,589760,47416,8.04,31844689895,419236,0.00%,44770,2755,6.15%,850356,31878767365,77,0.00%,97511,24918,25.55%,0,0
4,2017-10-10,nbody_50000000_compatible_O3flag,g++-5,nbody_2.c 50000000,1.0,0.31,0.78,0.12,0.0,0.1,7.2,3.2,0.0,0.0,2.11,8.41904484,33489944228,3.978,107126874080,3.2,8417.97,1.0,33526746857,3.983,11,15900581026,201280546,8417.98,1.0,2.0,16357046135,83942,0.00%,0,15683441767,139,139,0,650200,43972,6.763,31865650429,434264,0.00%,67605,3729,5.52%,1063501,31825175724,3262,0.00%,37092,49590,133.69%,0,0
5,2017-10-10,nbody_50000000_compatible_O3flag,g++-5,nbody_2.c 50000000,0.99,0.31,0.78,0.12,0.0,0.1,7.18,3.2,0.0,0.0,1.94,9.204809924,33541821900,3.644,107066399623,3.19,9203.47,1.0,33555472173,3.646,6,17339284836,219493487,9203.49,1.0,2.0,16344971790,98746,0.00%,0,15668328167,140,140,0,962446,57954,6.022,31848096253,537918,0.00%,71892,3918,5.45%,1294424,31864265856,380,0.00%,97223,22264,22.90%,0,0
6,2017-10-10,nbody_50000000_compatible_O3flag,g++-5,nbody_2.c 50000000,1.0,0.31,0.78,0.12,0.0,0.1,7.19,3.2,0.0,0.0,2.11,8.438561163,33590208172,3.981,107416675180,3.2,8437.44,1.0,33561120847,3.978,7,15905591457,201373040,8437.45,1.0,2.0,16384713376,82634,0.00%,0,15683381828,140,140,0,721457,75246,10.43,31832033173,432453,0.00%,63062,3661,5.81%,1026082,31860843903,403,0.00%,32451,21095,65.01%,0,0
7,2017-10-10,nbody_50000000_compatible_O3flag,g++-5,nbody_2.c 50000000,0.99,0.32,0.77,0.12,0.0,0.11,7.08,3.16,0.0,0.0,1.93,9.314527618,33932186323,3.644,107097239166,3.15,9313.03,1.0,33938322644,3.644,5,17542242719,222072239,9313.05,1.0,2.0,16366702444,104518,0.00%,0,15661880062,137,137,0,1099953,71499,6.5,31870043722,569926,0.00%,67214,3430,5.10%,1217380,31806812419,504,0.00%,101103,20739,20.51%,0,0
8,2017-10-10,nbody_50000000_compatible_O3flag,g++-5,nbody_2.c 50000000,0.99,0.31,0.78,0.12,0.0,0.1,7.18,3.2,0.0,0.0,2.09,8.561512783,33468077041,3.91,107085106790,3.2,8560.43,1.0,33474522895,3.91,5,16067437455,203364234,8560.44,1.0,2.0,16366411632,76221,0.00%,0,15676716086,136,136,0,569920,62550,10.975,31890419273,399753,0.00%,34972,1977,5.65%,841566,31893276464,310,0.00%,79958,23574,29.48%,0,0
9,2017-10-10,nbody_50000000_compatible_O3flag,g++-5,nbody_2.c 50000000,0.99,0.31,0.78,0.12,0.0,0.1,7.17,3.19,0.0,0.0,1.92,9.280598433,33566593764,3.617,107082855836,3.19,9279.08,1.0,33561132186,3.617,5,17457994789,221002992,9279.1,1.0,2.0,16351191191,115329,0.00%,0,15661154703,139,139,0,1163099,75925,6.528,31861122308,590394,0.00%,84664,4957,5.85%,1384298,31883326045,2856,0.00%,118970,28084,23.61%,0,0
10,2017-10-10,nbody_50000000_compatible_O3flag,g++-5,nbody_2.c 50000000,0.99,0.31,0.78,0.12,0.0,0.1,7.16,3.18,0.0,0.0,1.93,9.257845022,33633377532,3.634,106957134451,3.18,9256.42,1.0,33647209217,3.635,4,17426362292,220614986,9256.44,1.0,2.0,16349623720,4569731,0.03%,0,15668180348,137,137,0,1191124,197289,16.563,31848628613,595881,0.00%,83236,6231,7.49%,1266631,31895277187,922,0.00%,107104,435229,406.36%,0,0
1,2018-10-26,nbody_50000000_compatible_O3flag,g++-6,nbody_2.c 50000000,0.99,0.32,0.76,0.15,0.0,0.08,7.15,3.15,0.0,0.0,2.15,8.1573932,32944714886,4.039,103770377160,3.15,8156.35,1.0,32951331199,4.04,5,15356756718,194349314,8156.32,1.0,3.0,16363291364,137822,0.00%,0,15454719428,139,139,0,763718,46345,6.068,30331113377,412270,0.00%,73553,13331,18.12%,1103004,30322834902,384,0.00%,61914,47843053,77273.40%,0,0
2,2018-10-26,nbody_50000000_compatible_O3flag,g++-6,nbody_2.c 50000000,0.99,0.31,0.79,0.11,0.0,0.1,7.32,3.26,0.0,0.0,2.06,8.262924399,31807971711,3.85,103556379704,3.25,8261.25,1.0,31788745882,3.848,3,15457624384,195700126,8261.3,1.0,1.0,16350457409,105251,0.00%,0,15464181778,137,137,0,1311969,262961,20.043,30338818935,525960,0.00%,84117,5735,6.82%,1237148,30384077214,336,0.00%,103878,25782,24.82%,0,0
3,2018-10-26,nbody_50000000_compatible_O3flag,g++-6,nbody_2.c 50000000,0.99,0.31,0.79,0.11,0.0,0.1,7.31,3.26,0.0,0.0,2.14,7.918843468,31874464339,4.026,103817435430,3.26,7917.63,1.0,31874014117,4.026,3,14891190031,188438509,7917.65,1.0,2.0,16360294978,68269,0.00%,0,15462647470,139,139,0,468761,44532,9.5,30325214972,383055,0.00%,43249,2837,6.56%,917063,30350482098,2526,0.00%,63340,13463,21.26%,0,0
4,2018-10-26,nbody_50000000_compatible_O3flag,g++-6,nbody_2.c 50000000,0.99,0.31,0.79,0.11,0.0,0.1,7.32,3.25,0.0,0.0,2.11,8.053523342,31807915514,3.95,103774582061,3.26,8052.34,1.0,31810911503,3.951,18,15044990375,190405662,8052.35,1.0,2.0,16355427718,111401,0.00%,0,15468461818,138,138,0,762011,62320,8.178,30347085835,403494,0.00%,44599,2067,4.63%,929705,30361194124,487,0.00%,109001,15949,14.63%,0,0
5,2018-10-26,nbody_50000000_compatible_O3flag,g++-6,nbody_2.c 50000000,0.98,0.31,0.79,0.11,0.0,0.1,7.33,3.26,0.0,0.0,2.09,8.210186768,31839030122,3.879,103703437459,3.26,8209.1,1.0,31826754189,3.877,8,15263675956,193199870,8209.11,1.0,2.0,16346652034,118023,0.00%,0,15457448771,135,135,0,704621,49802,7.068,30389789268,413149,0.00%,44189,1974,4.47%,994644,30386232409,349,0.00%,130896,24481,18.70%,0,0
6,2018-10-26,nbody_50000000_compatible_O3flag,g++-6,nbody_2.c 50000000,0.99,0.31,0.79,0.11,0.0,0.1,7.35,3.26,0.0,0.0,1.93,8.756452858,31844090935,3.637,103707632120,3.26,8754.63,1.0,31827319862,3.635,4,16494858357,208797547,8754.66,1.0,2.0,16366207754,126048,0.00%,0,15455129952,138,138,0,1465178,246162,16.801,30343292175,577755,0.00%,82557,4612,5.59%,1318479,30351195740,687,0.00%,87536,24681,28.20%,0,0
7,2018-10-26,nbody_50000000_compatible_O3flag,g++-6,nbody_2.c 50000000,0.99,0.31,0.79,0.11,0.0,0.1,7.33,3.27,0.0,0.0,2.09,8.10965325,31762009348,3.917,103705502120,3.27,8108.73,1.0,31771664046,3.918,7,15225274019,192785182,8108.74,1.0,2.0,16376553980,108935,0.00%,0,15466093414,137,137,0,586003,15750,2.688,30355781817,380828,0.00%,48109,436,0.91%,917252,30377456828,327,0.00%,79972,23828,29.80%,0,0
8,2018-10-26,nbody_50000000_compatible_O3flag,g++-6,nbody_2.c 50000000,0.99,0.31,0.79,0.11,0.0,0.1,7.33,3.26,0.0,0.0,1.93,8.762347558,31839828973,3.634,103794055521,3.26,8760.8,1.0,31828400251,3.633,8,16494580599,208788854,8760.82,1.0,2.0,16352999528,104277,0.00%,0,15458444638,137,137,0,1451528,193102,13.303,30377098771,553129,0.00%,75825,6101,8.05%,1271147,30339952100,2127,0.00%,95754,15544,16.23%,0,0
9,2018-10-26,nbody_50000000_compatible_O3flag,g++-6,nbody_2.c 50000000,0.98,0.31,0.79,0.11,0.0,0.1,7.33,3.26,0.0,0.0,2.09,8.178600567,31868653470,3.897,103685749635,3.25,8177.43,1.0,31874262283,3.898,13,15228742960,192727825,8177.44,1.0,2.0,16345444657,104047,0.00%,0,15456853291,139,139,0,688596,45035,6.54,30363994564,402912,0.00%,38450,1912,4.97%,925842,30378562739,720,0.00%,126597,12348,9.75%,0,0
10,2018-10-26,nbody_50000000_compatible_O3flag,g++-6,nbody_2.c 50000000,0.99,0.31,0.78,0.11,0.0,0.11,7.24,3.2,0.0,0.0,2.07,8.356548878,32428622377,3.881,103717866359,3.2,8355.66,1.0,32435987382,3.882,4,15674674210,198474235,8355.67,1.0,2.0,16342706366,82666,0.00%,0,15446895561,136,136,0,512412,50534,9.862,30379497664,390646,0.00%,37806,3998,10.58%,872448,30365287100,233,0.00%,82712,12074,14.60%,0,0
1,2019-11-14,nbody_50000000_compatible_O3flag,g++-7,nbody_2.c 50000000,1.0,0.31,0.79,0.11,0.0,0.1,7.22,3.23,0.0,0.0,2.16,8.101709876,33018780566,4.076,106711724910,3.23,8100.75,1.0,33018759852,4.076,1,15307719867,193817093,8100.76,1.0,9.0,16362947204,104048,0.00%,0,15708582684,137,137,0,479981,43498,9.062,31391444494,324183,0.00%,28058,2064,7.36%,827538,31420103864,1409,0.00%,20930,6753,32.26%,0,0
2,2019-11-14,nbody_50000000_compatible_O3flag,g++-7,nbody_2.c 50000000,1.0,0.31,0.78,0.11,0.0,0.1,7.21,3.22,0.0,0.0,2.16,8.166852875,33293561718,4.077,106624886975,3.2,8166.02,1.0,33303224575,4.078,3,15442855809,195486886,8166.02,1.0,5.0,16324152535,72328,0.00%,0,15691675914,137,137,0,772312,66012,8.547,31268831160,409318,0.00%,54718,2312,4.23%,1082970,31460984214,2502,0.00%,19113,16434,85.98%,0,0
3,2019-11-14,nbody_50000000_compatible_O3flag,g++-7,nbody_2.c 50000000,0.99,0.31,0.79,0.11,0.0,0.1,7.2,3.23,0.0,0.0,2.14,8.252896323,33046132366,4.005,106663384170,3.23,8251.98,1.0,33073864166,4.008,7,15458576691,195673271,8251.98,1.0,1.0,16360109842,83710,0.00%,0,15737902072,140,140,0,670731,69145,10.309,31422393720,401749,0.00%,39684,2789,7.03%,945770,31407749126,109,0.00%,99372,11542,11.61%,0,0
4,2019-11-14,nbody_50000000_compatible_O3flag,g++-7,nbody_2.c 50000000,0.99,0.31,0.79,0.11,0.0,0.1,7.21,3.22,0.0,0.0,1.96,8.971511167,33111906863,3.691,106762489151,3.23,8970.15,1.0,33110654855,3.691,7,16865488455,213470363,8970.16,1.0,1.0,16365264760,107866,0.00%,0,15713585948,137,137,0,1150264,84725,7.366,31397372025,531175,0.00%,80030,3223,4.03%,1130528,31411675882,218,0.00%,109613,12981,11.84%,0,0
5,2019-11-14,nbody_50000000_compatible_O3flag,g++-7,nbody_2.c 50000000,0.99,0.31,0.79,0.11,0.0,0.11,7.21,3.21,0.0,0.0,1.96,9.000051631,33187459066,3.688,106744941362,3.22,8998.67,1.0,33199032674,3.689,8,16930451905,214281546,8998.69,1.0,2.0,16352153905,112100,0.00%,0,15701434562,136,136,0,1312888,250466,19.077,31409554462,553430,0.00%,83530,4249,5.09%,1255043,31396217200,429,0.00%,101378,16866,16.64%,0,0
6,2019-11-14,nbody_50000000_compatible_O3flag,g++-7,nbody_2.c 50000000,0.99,0.31,0.79,0.11,0.0,0.1,7.2,3.23,0.0,0.0,2.11,8.333816822,33029545128,3.964,106745358162,3.23,8332.84,1.0,33049877649,3.966,6,15694797163,198676656,8332.84,1.0,2.0,16373045455,65720,0.00%,0,15708939574,137,137,0,483541,50110,10.363,31439089738,345340,0.00%,35735,2666,7.46%,786051,31386959307,295,0.00%,58677,6584,11.22%,0,0
7,2019-11-14,nbody_50000000_compatible_O3flag,g++-7,nbody_2.c 50000000,0.99,0.31,0.78,0.11,0.0,0.1,7.25,3.22,0.0,0.0,2.1,8.370327753,33224631917,3.97,106952521724,3.22,8369.35,1.0,33227334218,3.97,5,15779286419,199769425,8369.38,1.0,2.0,16368765419,65432,0.00%,0,15772616444,137,137,0,664001,47158,7.102,31480768154,455674,0.00%,80741,3708,4.59%,1040751,31313734726,624,0.00%,48220,11671,24.20%,0,0
8,2019-11-14,nbody_50000000_compatible_O3flag,g++-7,nbody_2.c 50000000,0.99,0.31,0.79,0.11,0.0,0.1,7.21,3.23,0.0,0.0,1.94,9.058978527,33083232461,3.653,106703202276,3.22,9057.58,1.0,33081045185,3.652,9,17076604829,216161881,9057.6,1.0,2.0,16356336297,97874,0.00%,0,15705960667,137,137,0,1045413,67169,6.425,31408757216,532091,0.00%,71451,4009,5.61%,1212274,31430482695,1225,0.00%,88667,17389,19.61%,0,0
9,2019-11-14,nbody_50000000_compatible_O3flag,g++-7,nbody_2.c 50000000,0.99,0.31,0.79,0.11,0.0,0.1,7.21,3.22,0.0,0.0,1.94,9.048603587,33113067299,3.66,106794444428,3.23,9047.04,1.0,33095135654,3.658,12,17064435629,216000898,9047.06,1.0,2.0,16353746710,102031,0.00%,0,15690036672,138,138,0,1250010,105504,8.44,31396715942,553026,0.00%,83935,7127,8.49%,1305730,31408714032,1518,0.00%,76880,24603,32.00%,0,0
10,2019-11-14,nbody_50000000_compatible_O3flag,g++-7,nbody_2.c 50000000,0.99,0.31,0.79,0.11,0.0,0.1,7.22,3.23,0.0,0.0,2.09,8.416021451,33042217123,3.927,106690719379,3.23,8414.94,1.0,33055285137,3.928,14,15792254786,199926311,8414.95,1.0,1.0,16349548453,80426,0.00%,0,15701344741,139,139,0,649792,75859,11.674,31409650589,399738,0.00%,50185,2869,5.72%,936372,31422973201,3060,0.00%,79196,9563,12.08%,0,0
1,2021-05-14,nbody_50000000_compatible_O3flag,g++-8,nbody_2.c 50000000,0.99,0.31,0.77,0.14,0.0,0.09,7.11,3.18,0.0,0.0,2.15,7.867637044,31857554410,4.05,101280915313,3.18,7866.22,1.0,31837541105,4.047,4,14808645993,187488780,7866.2,1.0,1.0,16643521642,73965,0.00%,0,15620103536,136,136,0,820590,83174,10.136,29231667645,457809,0.00%,71562,2567,3.59%,1084810,29231576242,835,0.00%,50857,13276,26.10%,0,0
2,2021-05-14,nbody_50000000_compatible_O3flag,g++-8,nbody_2.c 50000000,0.99,0.31,0.77,0.14,0.0,0.09,7.11,3.18,0.0,0.0,2.08,8.183490692,31912376069,3.9,101494966328,3.18,8182.15,1.0,31906291278,3.899,7,15309983980,193838629,8182.17,1.0,2.0,16668258914,77867,0.00%,0,15601298506,136,136,0,922315,66106,7.167,29200069377,460705,0.00%,76399,5687,7.44%,1242119,29214809358,317,0.00%,106388,13498,12.69%,0,8
3,2021-05-14,nbody_50000000_compatible_O3flag,g++-8,nbody_2.c 50000000,0.99,0.31,0.77,0.14,0.0,0.09,7.11,3.18,0.0,0.0,2.02,8.437263895,31900441800,3.781,101423739282,3.18,8435.99,1.0,31898868689,3.781,7,15788067174,199797532,8436.0,1.0,2.0,16645164871,86616,0.00%,0,15609464327,137,137,0,974364,76730,7.875,29220353393,497813,0.00%,73100,3536,4.84%,1170711,29193734039,961,0.00%,129377,11694,9.04%,0,0
4,2021-05-14,nbody_50000000_compatible_O3flag,g++-8,nbody_2.c 50000000,0.99,0.31,0.77,0.14,0.0,0.09,7.11,3.18,0.0,0.0,2.14,7.962415109,31903918093,4.007,101523063363,3.18,7961.46,1.0,31914087196,4.009,10,14897032196,188576238,7961.46,1.0,1.0,16671310003,66117,0.00%,0,15614380512,141,141,0,509389,39926,7.838,29222411498,379799,0.00%,38651,2931,7.58%,900910,29219322656,241,0.00%,93917,8716,9.28%,0,0
5,2021-05-14,nbody_50000000_compatible_O3flag,g++-8,nbody_2.c 50000000,0.99,0.32,0.77,0.14,0.0,0.09,7.14,3.16,0.0,0.0,2.11,8.027685791,31956945651,3.981,100396865596,3.14,8026.65,1.0,31981594917,3.984,6,15127340710,191484217,8026.65,1.0,2.0,16577872237,62630,0.00%,0,15640945732,137,137,0,724065,52849,7.299,29271626307,464215,0.00%,79131,12412,15.69%,1101581,29217309268,705,0.00%,39767,7392,18.59%,0,0
6,2021-05-14,nbody_50000000_compatible_O3flag,g++-8,nbody_2.c 50000000,0.99,0.32,0.77,0.14,0.0,0.09,7.1,3.17,0.01,0.0,2.1,8.085314436,31952613914,3.953,101315827055,3.18,8084.09,1.0,31951025091,3.952,6,15220654456,192702379,8084.1,1.0,2.0,16701678233,61027,0.00%,0,15653787830,139,139,0,819154,65532,8.0,29270536760,410154,0.00%,59470,3832,6.44%,1172447,29280224390,225,0.00%,46750,9437,20.19%,0,0
7,2021-05-14,nbody_50000000_compatible_O3flag,g++-8,nbody_2.c 50000000,0.99,0.31,0.77,0.14,0.0,0.09,7.11,3.18,0.0,0.0,2.09,8.146509061,31952290181,3.923,101100067966,3.17,8145.43,1.0,31941415540,3.921,9,15290580505,193647836,8145.46,1.0,2.0,16653468017,82937,0.00%,0,15608137367,137,137,0,976795,161981,16.583,29211915495,510577,0.00%,91979,3039,3.30%,1158007,29209835947,415,0.00%,76785,12556,16.35%,0,0
8,2021-05-14,nbody_50000000_compatible_O3flag,g++-8,nbody_2.c 50000000,0.98,0.32,0.77,0.14,0.0,0.09,7.11,3.18,0.0,0.0,2.08,8.265560365,31882674760,3.858,101383183378,3.18,8264.52,1.0,31897390559,3.86,7,15355397724,194336242,8264.53,1.0,2.0,16654653566,81977,0.00%,0,15611039292,138,138,0,841344,178405,21.205,29227055034,477242,0.00%,54741,2222,4.06%,988802,29229225594,226,0.00%,151367,9000,5.95%,0,0
9,2021-05-14,nbody_50000000_compatible_O3flag,g++-8,nbody_2.c 50000000,0.99,0.31,0.77,0.14,0.0,0.09,7.11,3.18,0.0,0.0,1.93,8.799237676,31891220018,3.625,101339001719,3.18,8797.57,1.0,31900431656,3.626,4,16562586754,209691783,8797.59,1.0,2.0,16655165528,98513,0.00%,0,15606335261,139,139,0,1362432,121603,8.925,29205003261,588432,0.00%,95352,3764,3.95%,1454247,29233761088,185,0.00%,111633,19000,17.02%,0,0
10,2021-05-14,nbody_50000000_compatible_O3flag,g++-8,nbody_2.c 50000000,0.98,0.31,0.77,0.14,0.0,0.09,7.11,3.18,0.0,0.0,2.08,8.238961283,31913519925,3.874,101491893120,3.18,8237.97,1.0,31911706312,3.874,3,15347078868,194288779,8237.98,1.0,2.0,16666387274,80039,0.00%,0,15598427489,137,137,0,565021,51824,9.172,29197862556,407048,0.00%,39055,3651,9.35%,993012,29199207776,202,0.00%,159423,10290,6.45%,0,0
1,2022-05-27,nbody_50000000_compatible_O3flag,g++-9,nbody_2.c 50000000,1.0,0.31,0.77,0.13,0.0,0.1,7.01,3.19,0.0,0.0,2.16,8.051908612,32772356929,4.071,104673304379,3.19,8051.03,1.0,32767311651,4.07,1,15195034390,192330595,8051.04,1.0,9.0,16691876636,92217,0.00%,0,16004562884,136,136,0,486886,38429,7.893,29995356662,320347,0.00%,31888,2074,6.50%,886800,29967224181,1045,0.00%,22770,5739,25.20%,0,0
2,2022-05-27,nbody_50000000_compatible_O3flag,g++-9,nbody_2.c 50000000,1.0,0.31,0.77,0.13,0.0,0.1,7.02,3.19,0.0,0.0,2.16,8.050018982,32828182491,4.078,104531201163,3.18,8049.21,1.0,32830987490,4.079,0,15221774101,192695065,8049.21,1.0,4.0,16665526109,86078,0.00%,0,16027740537,137,137,0,978593,74081,7.57,29986482763,436614,0.00%,48174,3823,7.94%,1266951,30001889211,1480,0.00%,10845,13480,124.30%,0,0
3,2022-05-27,nbody_50000000_compatible_O3flag,g++-9,nbody_2.c 50000000,0.99,0.31,0.77,0.13,0.0,0.1,7.03,3.19,0.0,0.0,2.14,8.199080361,32771804092,3.997,104767252578,3.2,8198.09,1.0,32797371591,4.001,5,15342753910,194221308,8198.1,1.0,2.0,16705948879,83619,0.00%,0,16030314216,137,137,0,399185,48639,12.185,30026141390,389462,0.00%,35574,2880,8.10%,954676,29975395283,201,0.00%,98447,9736,9.89%,0,0
4,2022-05-27,nbody_50000000_compatible_O3flag,g++-9,nbody_2.c 50000000,0.99,0.31,0.77,0.13,0.0,0.1,7.03,3.2,0.0,0.0,1.96,8.88685083,32772015119,3.688,104605041828,3.19,8885.45,1.0,32764563466,3.687,10,16730797889,211778754,8885.47,1.0,1.0,16673795649,102204,0.00%,0,15995192580,140,140,0,1323929,228041,17.225,29975578791,561745,0.00%,84467,7181,8.50%,1382147,29986883122,1924,0.00%,81781,13776,16.84%,0,0
5,2022-05-27,nbody_50000000_compatible_O3flag,g++-9,nbody_2.c 50000000,0.98,0.31,0.77,0.12,0.0,0.1,7.05,3.19,0.0,0.0,2.1,8.423358566,32924143058,3.909,104927536989,3.19,8422.16,1.0,32890625982,3.905,5,15678603584,198467582,8422.19,1.0,2.0,16700600410,81839,0.00%,0,15999979548,139,139,0,676813,52333,7.732,29943448443,447203,0.00%,51761,4211,8.14%,1001267,29986243557,2632,0.00%,141774,12271,8.66%,0,0
6,2022-05-27,nbody_50000000_compatible_O3flag,g++-9,nbody_2.c 50000000,0.99,0.32,0.77,0.13,0.0,0.11,7.01,3.13,0.01,0.0,2.1,8.446415576,33315543567,3.945,105071406994,3.16,8445.39,1.0,33300935204,3.943,7,15879583769,201041200,8445.4,1.0,2.0,16681803695,127294,0.00%,0,15974203240,138,138,0,912577,59642,6.536,30044338720,461515,0.00%,61832,3764,6.09%,1232783,29927766706,815,0.00%,64364,14610,22.70%,0,0
7,2022-05-27,nbody_50000000_compatible_O3flag,g++-9,nbody_2.c 50000000,0.99,0.31,0.77,0.13,0.0,0.1,7.03,3.2,0.0,0.0,1.93,9.010349447,32772681234,3.638,104664142870,3.19,9008.93,1.0,32791174012,3.64,9,16965245717,214765161,9008.95,1.0,3.0,16710840943,93190,0.00%,0,16002705686,137,137,0,1223007,199245,16.291,29947228841,607209,0.00%,81075,4098,5.05%,1343413,29948424520,844,0.00%,101476,13725,13.53%,0,0
8,2022-05-27,nbody_50000000_compatible_O3flag,g++-9,nbody_2.c 50000000,0.99,0.31,0.77,0.13,0.0,0.1,7.04,3.2,0.0,0.0,2.07,8.432477147,32792149741,3.889,104685447394,3.19,8431.32,1.0,32777001028,3.888,12,15805375819,200082071,8431.33,1.0,2.0,16706794935,186454,0.00%,0,15998990723,138,138,0,723517,55381,7.654,29950713173,374488,0.00%,37634,2418,6.43%,979289,29944151164,651,0.00%,85932,10322,12.01%,0,0
9,2022-05-27,nbody_50000000_compatible_O3flag,g++-9,nbody_2.c 50000000,0.98,0.31,0.77,0.13,0.0,0.1,7.04,3.19,0.0,0.0,2.07,8.497259869,32774014406,3.857,104728487554,3.2,8496.25,1.0,32755405237,3.855,2,15830621906,200297775,8496.28,1.0,2.0,16698363167,91208,0.00%,0,15984912496,139,139,0,634102,57823,9.119,29928922870,405486,0.00%,34729,1725,4.97%,980370,29984928848,242,0.00%,135371,10449,7.72%,0,0
10,2022-05-27,nbody_50000000_compatible_O3flag,g++-9,nbody_2.c 50000000,0.99,0.31,0.77,0.13,0.0,0.1,7.02,3.19,0.0,0.0,2.06,8.468361443,32773468304,3.871,104735206593,3.2,8467.24,1.0,32773508183,3.871,9,15938268032,201760662,8467.27,1.0,2.0,16695235270,69203,0.00%,0,15991978220,139,139,0,564846,51165,9.058,29988652671,380814,0.00%,38961,2342,6.01%,904068,29940016688,303,0.00%,55803,7456,13.36%,0,0
1,2023-07-07,nbody_50000000_compatible_O3flag,g++-10,nbody_2.c 50000000,0.99,0.32,0.77,0.13,0.0,0.1,7.05,3.16,0.0,0.0,2.15,8.467307399,34269117623,4.048,108163596881,3.16,8465.96,1.0,34268538271,4.048,6,15936236471,201784157,8465.98,1.0,2.0,17905729202,68561,0.00%,0,16701871053,136,136,0,920139,67464,7.332,30662840179,463485,0.00%,64405,4155,6.45%,1211512,30654466948,1042,0.00%,52514,12537,23.87%,0,0
2,2023-07-07,nbody_50000000_compatible_O3flag,g++-10,nbody_2.c 50000000,0.99,0.32,0.77,0.13,0.0,0.1,7.06,3.16,0.0,0.0,2.07,8.873460393,34254264670,3.861,108116072393,3.15,8871.78,1.0,34260383397,3.862,8,16554426704,209660600,8871.84,1.0,2.0,17906636709,85589,0.00%,0,16701040682,139,139,0,1316455,84915,6.45,30696680966,535057,0.00%,76858,4545,5.91%,1270215,30635983755,913,0.00%,126367,13231,10.47%,0,0
3,2023-07-07,nbody_50000000_compatible_O3flag,g++-10,nbody_2.c 50000000,0.99,0.32,0.77,0.14,0.0,0.1,7.06,3.16,0.0,0.0,2.15,8.504683998,34276424406,4.031,108228670657,3.16,8503.7,1.0,34275848270,4.031,3,15940644495,201768734,8503.71,1.0,2.0,17900510298,51989,0.00%,0,16694309611,137,137,0,812389,191243,23.541,30681505862,404614,0.00%,36433,2016,5.53%,968802,30669806042,250,0.00%,89859,8629,9.60%,0,0
4,2023-07-07,nbody_50000000_compatible_O3flag,g++-10,nbody_2.c 50000000,0.99,0.32,0.77,0.14,0.0,0.1,7.04,3.16,0.0,0.0,2.11,8.688615181,34277790040,3.946,108178552852,3.16,8687.37,1.0,34283794971,3.946,4,16229500102,205455681,8687.38,1.0,3.0,17914239098,57719,0.00%,0,16722115297,139,139,0,469396,47528,10.125,30675986089,435020,0.00%,36009,3436,9.54%,1015430,30666735436,124,0.00%,115751,9704,8.38%,0,0
5,2023-07-07,nbody_50000000_compatible_O3flag,g++-10,nbody_2.c 50000000,0.99,0.32,0.77,0.14,0.0,0.1,7.06,3.16,0.0,0.0,1.96,9.30445729,34289802015,3.686,108268096118,3.16,9302.82,1.0,34289712704,3.686,10,17530774773,221935577,9302.84,1.0,2.0,17910913093,79005,0.00%,0,16712250173,139,139,0,1413289,151001,10.684,30681011875,602978,0.00%,81248,5892,7.25%,1402623,30668179433,1349,0.00%,84875,18693,22.02%,0,0
6,2023-07-07,nbody_50000000_compatible_O3flag,g++-10,nbody_2.c 50000000,0.99,0.32,0.77,0.13,0.0,0.1,7.05,3.16,0.0,0.0,1.96,9.294314536,34300556590,3.691,108262515641,3.16,9292.85,1.0,34290804233,3.69,10,17465440161,221045221,9292.87,1.0,2.0,17904171198,90723,0.00%,0,16703011959,140,140,0,959726,60013,6.253,30661839050,520299,0.00%,67819,2571,3.79%,1350636,30644971623,697,0.00%,105314,17354,16.48%,0,0
7,2023-07-07,nbody_50000000_compatible_O3flag,g++-10,nbody_2.c 50000000,0.99,0.32,0.77,0.14,0.0,0.1,7.04,3.16,0.0,0.0,1.96,9.308280224,34306431360,3.686,108232889954,3.15,9306.65,1.0,34312006360,3.687,12,17517314923,221781991,9306.67,1.0,2.0,17917750612,74436,0.00%,0,16717374987,137,137,0,1152117,64501,5.598,30680302055,567072,0.00%,83492,4374,5.24%,1460874,30638480913,806,0.00%,91357,15234,16.68%,0,0
8,2023-07-07,nbody_50000000_compatible_O3flag,g++-10,nbody_2.c 50000000,0.99,0.32,0.77,0.14,0.0,0.1,7.05,3.15,0.0,0.0,2.11,8.640763277,34407856798,3.983,107901385371,3.14,8639.72,1.0,34437034141,3.986,9,16281032400,206115648,8639.75,1.0,2.0,17823010317,60027,0.00%,0,16725076360,139,139,0,918833,187014,20.353,30749154251,519119,0.00%,86021,5165,6.00%,1294748,30737260473,766,0.00%,58534,14111,24.11%,0,0
9,2023-07-07,nbody_50000000_compatible_O3flag,g++-10,nbody_2.c 50000000,0.99,0.32,0.77,0.14,0.0,0.1,7.04,3.15,0.0,0.0,1.94,9.400531153,34369924453,3.657,108121919315,3.15,9398.73,1.0,34359777525,3.656,9,17726688233,224378018,9398.76,1.0,2.0,17908406217,84393,0.00%,0,16684142781,136,136,0,1606434,88712,5.522,30646396742,602244,0.00%,107759,15117,14.03%,1672679,30614855775,3944,0.00%,89144,17671,19.82%,0,0
10,2023-07-07,nbody_50000000_compatible_O3flag,g++-10,nbody_2.c 50000000,1.0,0.32,0.77,0.14,0.0,0.1,7.05,3.16,0.0,0.0,1.94,9.381378627,34371212271,3.664,108312996729,3.15,9379.72,1.0,34377832654,3.665,18,17700722955,224075092,9379.74,1.0,2.0,17895452573,79937,0.00%,0,16713526235,137,137,0,1657676,199091,12.01,30624851841,607620,0.00%,77677,3025,3.89%,1438430,30626252069,1821,0.00%,73014,15564,21.32%,0,0
1,2023-05-29,nbody_50000000_compatible_O3flag,g++-11,nbody_2.c 50000000,1.0,0.31,0.78,0.15,0.0,0.08,7.13,3.17,0.01,0.0,2.16,8.273414694,33759289329,4.081,107646762211,3.19,8272.56,1.0,33759110862,4.081,2,15651646804,198140264,8272.56,1.0,9.0,17925895483,37343,0.00%,0,16477300055,138,138,0,774932,50980,6.579,30651757072,465972,0.00%,67628,14059,20.79%,951803,30577568380,141,0.00%,22499,9425,41.89%,0,0
2,2023-05-29,nbody_50000000_compatible_O3flag,g++-11,nbody_2.c 50000000,1.0,0.31,0.78,0.14,0.0,0.08,7.14,3.2,0.0,0.0,2.16,8.244115926,33551952147,4.07,107358230978,3.2,8243.27,1.0,33563482348,4.072,1,15568634016,197040894,8243.28,1.0,3.0,17905966811,38307,0.00%,0,16488611393,136,136,0,419289,58807,14.025,30696204219,343144,0.00%,33724,2185,6.48%,832468,30652427182,62,0.00%,32522,4918,15.12%,0,0
3,2023-05-29,nbody_50000000_compatible_O3flag,g++-11,nbody_2.c 50000000,0.99,0.31,0.78,0.14,0.0,0.08,7.15,3.2,0.0,0.0,2.13,8.422741819,33559753892,3.985,107171358836,3.19,8421.47,1.0,33548834818,3.984,2,15750492880,199266224,8421.48,1.0,2.0,17881734936,55670,0.00%,0,16456689827,135,135,0,621351,43744,7.04,30714174954,384035,0.00%,38007,1857,4.89%,962945,30685113210,2540,0.00%,103419,11853,11.46%,0,0
4,2023-05-29,nbody_50000000_compatible_O3flag,g++-11,nbody_2.c 50000000,0.99,0.31,0.78,0.14,0.0,0.08,7.14,3.2,0.0,0.0,2.09,8.538033817,33564440275,3.932,107299190258,3.2,8536.93,1.0,33561763915,3.931,9,16023682156,202802686,8536.94,1.0,1.0,17921551445,54231,0.00%,0,16447726944,135,135,0,589222,73537,12.48,30629295256,387385,0.00%,38681,2242,5.80%,972912,30666247346,2964,0.00%,82004,12876,15.70%,0,0
5,2023-05-29,nbody_50000000_compatible_O3flag,g++-11,nbody_2.c 50000000,0.98,0.31,0.78,0.14,0.0,0.08,7.14,3.2,0.0,0.0,2.08,8.690889444,33555735476,3.862,107285878855,3.2,8689.68,1.0,33540716493,3.86,2,16116534793,204043425,8689.69,1.0,2.0,17905951476,86120,0.00%,0,16463949135,137,137,0,632748,40736,6.438,30650067574,458085,0.00%,51452,3724,7.24%,1076322,30654576268,225,0.00%,160496,10948,6.82%,0,0
6,2023-05-29,nbody_50000000_compatible_O3flag,g++-11,nbody_2.c 50000000,0.99,0.33,0.73,0.15,0.03,0.08,7.05,3.0,0.0,0.0,2.09,9.105306927,35793255461,3.932,107351647311,3.0,9104.13,1.0,35797726085,3.932,9,17111231617,216685647,9104.14,1.0,2.0,17953451872,74942232,0.42%,0,16460486283,137,137,0,824922,53552,6.492,30666952528,501990,0.00%,68233,2954,4.33%,1240920,30643353075,413,0.00%,82154,23440,28.53%,0,0
7,2023-05-29,nbody_50000000_compatible_O3flag,g++-11,nbody_2.c 50000000,0.99,0.31,0.78,0.14,0.0,0.08,7.16,3.2,0.0,0.0,1.93,9.249469492,33580223656,3.631,107415010448,3.2,9247.8,1.0,33579393095,3.631,4,17410015364,220394531,9247.82,1.0,2.0,17912247655,86232,0.00%,0,16459301501,140,140,0,1459645,201264,13.789,30665114905,619702,0.00%,103544,8460,8.17%,1505774,30645350040,1031,0.00%,103426,19997,19.33%,0,0
8,2023-05-29,nbody_50000000_compatible_O3flag,g++-11,nbody_2.c 50000000,0.99,0.31,0.78,0.15,0.0,0.08,7.15,3.2,0.01,0.0,2.09,8.555312628,33663891189,3.935,106858023690,3.18,8554.29,1.0,33666699205,3.936,3,16074452172,203478464,8554.3,1.0,2.0,17949051925,58144,0.00%,0,16488508336,138,138,0,1008364,55987,5.552,30714091873,452396,0.00%,66710,1890,2.83%,1142333,30746985138,185,0.00%,60781,14360,23.63%,0,0
9,2023-05-29,nbody_50000000_compatible_O3flag,g++-11,nbody_2.c 50000000,1.0,0.31,0.78,0.14,0.0,0.08,7.13,3.19,0.0,0.0,2.05,8.667664521,33533218976,3.869,107229263226,3.2,8666.58,1.0,33533955294,3.869,10,16320884984,206656909,8666.59,1.0,2.0,17899425591,43685,0.00%,0,16466380199,140,140,0,546936,46826,8.562,30700630937,387216,0.00%,33579,2940,8.76%,863169,30697595323,2694,0.00%,39162,9814,25.06%,0,0
10,2023-05-29,nbody_50000000_compatible_O3flag,g++-11,nbody_2.c 50000000,0.98,0.31,0.78,0.14,0.0,0.08,7.15,3.2,0.0,0.0,2.06,8.728980063,33574066177,3.847,107414263551,3.2,8727.84,1.0,33582482799,3.848,8,16322997260,206495453,8727.85,1.0,3.0,17908510613,70754,0.00%,0,16465143786,139,139,0,504192,45535,9.031,30698309494,403409,0.00%,34048,3849,11.30%,972594,30617143706,335,0.00%,129106,9975,7.73%,0,0
1,2023-05-08,nbody_50000000_compatible_O3flag,g++-12,nbody_2.c 50000000,1.0,0.31,0.77,0.14,0.0,0.08,7.06,3.17,0.01,0.0,2.16,8.188573772,33387738444,4.078,106495498386,3.19,8187.73,1.0,33394001755,4.079,3,15482351635,196005843,8187.74,1.0,8.0,17535133433,172893,0.00%,0,16106230674,137,137,0,924412,45513,4.923,30314623009,377690,0.00%,58435,1953,3.34%,1091523,30191063298,426,0.00%,21135,10529,49.82%,0,0
2,2023-05-08,nbody_50000000_compatible_O3flag,g++-12,nbody_2.c 50000000,0.99,0.31,0.78,0.14,0.0,0.08,7.1,3.21,0.0,0.0,2.16,8.143136292,33128909251,4.069,106386950605,3.21,8142.26,1.0,33126315041,4.068,2,15361504010,194433781,8142.27,1.0,3.0,17563229197,60162,0.00%,0,16201543223,139,139,0,693305,195111,28.142,30208862088,384864,0.00%,28279,2646,9.36%,834914,30203649806,5880,0.00%,32140,4642,14.44%,0,0
3,2023-05-08,nbody_50000000_compatible_O3flag,g++-12,nbody_2.c 50000000,0.99,0.31,0.78,0.14,0.0,0.08,7.1,3.21,0.0,0.0,2.13,8.348924781,33134889661,3.969,106093949281,3.2,8347.81,1.0,33087415656,3.964,5,15546678035,196940182,8347.82,1.0,1.0,17536347118,103558,0.00%,0,16200719328,137,137,0,607239,70072,11.539,30181821482,412161,0.00%,45778,3644,7.96%,1049576,30218644952,132,0.00%,113822,10528,9.25%,0,0
4,2023-05-08,nbody_50000000_compatible_O3flag,g++-12,nbody_2.c 50000000,0.98,0.31,0.78,0.14,0.0,0.08,7.06,3.2,0.0,0.0,2.08,8.564004721,33197457923,3.877,106431529638,3.21,8562.95,1.0,33188708558,3.876,3,15920340102,201538735,8562.96,1.0,2.0,17570042625,69125,0.00%,0,16218544475,137,137,0,540821,40761,7.537,30235570686,435425,0.00%,46556,3110,6.68%,1043149,30195590513,333,0.00%,173397,11829,6.82%,0,0
5,2023-05-08,nbody_50000000_compatible_O3flag,g++-12,nbody_2.c 50000000,0.99,0.31,0.78,0.14,0.0,0.08,7.09,3.2,0.0,0.0,1.93,9.11289624,33213632733,3.645,106258533830,3.2,9111.62,1.0,33184732851,3.642,11,17163519068,217272276,9111.64,1.0,2.0,17555176045,120121,0.00%,0,16210190526,138,138,0,1222210,60847,4.978,30220302592,509966,0.00%,67873,2215,3.26%,1242198,30232850019,592,0.00%,102646,12911,12.58%,0,0
6,2023-05-08,nbody_50000000_compatible_O3flag,g++-12,nbody_2.c 50000000,1.0,0.47,0.52,0.43,0.0,0.05,5.98,2.13,0.0,0.0,2.16,12.242084543,49958625100,4.081,106301062199,2.13,12240.9,1.0,49952411005,4.081,3,23156043352,293127013,12240.91,1.0,5.0,17523859556,8048998,0.05%,0,16184079489,137,137,0,1276452,73257,5.739,30113670237,676857,0.00%,105283,12906,12.26%,1554930,30249295500,1272,0.00%,22477,11133,49.53%,0,0
7,2023-05-08,nbody_50000000_compatible_O3flag,g++-12,nbody_2.c 50000000,0.99,0.31,0.77,0.15,0.0,0.08,7.09,3.19,0.01,0.0,2.07,8.568854406,33347519799,3.892,106181605762,3.19,8567.73,1.0,33333256352,3.891,5,16095762899,203769404,8567.74,1.0,2.0,17564037917,57559,0.00%,0,16248024030,137,137,0,885673,40834,4.611,30188047837,439446,0.00%,82169,3159,3.84%,1159471,30188859990,162,0.00%,67941,11664,17.17%,0,0
8,2023-05-08,nbody_50000000_compatible_O3flag,g++-12,nbody_2.c 50000000,0.99,0.31,0.78,0.14,0.0,0.08,7.1,3.21,0.0,0.0,1.92,9.171643413,33179867675,3.618,106212455153,3.2,9169.95,1.0,33160209041,3.616,5,17261273700,218493182,9169.98,1.0,1.0,17551833598,81395,0.00%,0,16208946685,137,137,0,1349711,90688,6.719,30201910089,599689,0.00%,96222,5468,5.68%,1479422,30212762734,627,0.00%,98451,18439,18.73%,0,0
9,2023-05-08,nbody_50000000_compatible_O3flag,g++-12,nbody_2.c 50000000,0.99,0.31,0.78,0.14,0.0,0.08,7.09,3.2,0.0,0.0,1.93,9.161576177,33200609858,3.624,106380254228,3.2,9160.15,1.0,33192232433,3.624,13,17236129810,218182098,9160.17,1.0,3.0,17544959995,106325,0.00%,0,16202811351,138,138,0,1179185,67788,5.749,30208741115,552497,0.00%,73450,3899,5.31%,1380756,30224285297,2534,0.00%,119476,18593,15.56%,0,0
10,2023-05-08,nbody_50000000_compatible_O3flag,g++-12,nbody_2.c 50000000,0.99,0.31,0.77,0.14,0.0,0.08,7.09,3.2,0.0,0.0,2.08,8.512898555,33320089887,3.915,105987432884,3.18,8511.74,1.0,33315280668,3.914,11,15992428270,202458300,8511.75,1.0,2.0,17588323899,73655,0.00%,0,16229440197,137,137,0,1321626,180468,13.655,30188037089,530175,0.00%,71248,3990,5.60%,1170580,30218305891,532,0.00%,56312,10929,19.41%,0,0
1,2023-04-26,nbody_50000000_compatible_O3flag,g++-13,nbody_2.c 50000000,1.0,0.31,0.79,0.12,0.0,0.1,7.29,3.23,0.0,0.0,2.16,7.983959644,32538209745,4.076,104891299079,3.22,7983.04,1.0,32547795457,4.077,1,15094632503,191101223,7983.03,1.0,8.0,17460445434,896480,0.01%,0,16965444603,140,140,0,345990,48524,14.025,30315216590,320186,0.00%,20574,1411,6.86%,656583,30296416145,0,0.00%,9184,8155,88.80%,0,0
2,2023-04-26,nbody_50000000_compatible_O3flag,g++-13,nbody_2.c 50000000,1.0,0.3,0.8,0.12,0.0,0.08,7.41,3.29,0.0,0.0,2.16,7.835345482,31893963692,4.071,105066312850,3.29,7834.49,1.0,31887026053,4.07,3,14780548707,187151808,7834.53,1.0,3.0,17444904894,44602,0.00%,0,16955423737,139,139,0,486300,47359,9.739,30333732812,323480,0.00%,32202,1966,6.11%,793146,30277860316,1064,0.00%,24064,5728,23.80%,0,0
3,2023-04-26,nbody_50000000_compatible_O3flag,g++-13,nbody_2.c 50000000,0.99,0.31,0.79,0.13,0.0,0.08,7.46,3.29,0.01,0.0,2.15,7.952249133,32164034942,4.045,105734719584,3.29,7951.24,1.0,32165846829,4.045,4,14981682123,189636092,7951.25,1.0,2.0,17503176004,70936,0.00%,0,17013076224,140,140,0,780951,60671,7.769,30393881122,420884,0.00%,57118,2787,4.88%,988583,30061228769,807,0.00%,55334,10235,18.50%,0,0
4,2023-04-26,nbody_50000000_compatible_O3flag,g++-13,nbody_2.c 50000000,0.99,0.3,0.8,0.11,0.0,0.08,7.44,3.31,0.0,0.0,2.09,8.116724036,31836166357,3.923,105090704207,3.3,8115.57,1.0,31835924001,3.923,11,15211159100,192490276,8115.6,1.0,2.0,17439783642,66799,0.00%,0,16937173442,135,135,0,426783,48313,11.32,30320483037,377338,0.00%,40443,3863,9.55%,876088,30314437306,101,0.00%,87296,9497,10.88%,0,0
5,2023-04-26,nbody_50000000_compatible_O3flag,g++-13,nbody_2.c 50000000,0.99,0.31,0.78,0.12,0.0,0.1,7.28,3.21,0.0,0.0,2.1,8.273642279,32763883379,3.961,105115491866,3.21,8272.5,1.0,32749206862,3.959,8,15590477964,197375140,8272.51,1.0,2.0,17454364105,47959,0.00%,0,16937676898,139,139,0,820588,50727,6.182,30348448031,488542,0.00%,71923,14339,19.94%,1120644,30369841704,822,0.00%,43527,13491,30.99%,0,0
6,2023-04-26,nbody_50000000_compatible_O3flag,g++-13,nbody_2.c 50000000,0.99,0.3,0.8,0.12,0.0,0.08,7.45,3.27,0.01,0.0,2.08,8.196657582,32037005728,3.909,105215065958,3.29,8195.49,1.0,32020118281,3.907,4,15396941519,194824800,8195.53,1.0,2.0,17529369875,64990,0.00%,0,16942419180,139,139,0,875301,65447,7.477,30231523859,493534,0.00%,78054,3524,4.51%,1082240,30418072370,124,0.00%,86486,11262,13.02%,0,0
7,2023-04-26,nbody_50000000_compatible_O3flag,g++-13,nbody_2.c 50000000,0.99,0.3,0.8,0.12,0.0,0.08,7.43,3.29,0.01,0.0,2.08,8.214487084,31981275261,3.894,104576221389,3.27,8213.43,1.0,31968207861,3.892,8,15393906588,194900409,8213.44,1.0,2.0,17417469232,84654,0.00%,0,17026149389,137,137,0,734664,59965,8.162,30472858886,437970,0.00%,64533,3204,4.96%,1084189,30317122214,124,0.00%,71250,14265,20.02%,0,0
8,2023-04-26,nbody_50000000_compatible_O3flag,g++-13,nbody_2.c 50000000,0.99,0.3,0.8,0.12,0.0,0.08,7.45,3.29,0.0,0.0,2.06,8.24815368,31930341672,3.872,105138885583,3.29,8247.21,1.0,31947972101,3.874,8,15543163386,196716934,8247.22,1.0,2.0,17477216057,49560,0.00%,0,16955542412,136,136,0,409299,47463,11.596,30278206412,370465,0.00%,40090,3178,7.93%,876920,30296066892,413,0.00%,46885,7825,16.69%,0,0
9,2023-04-26,nbody_50000000_compatible_O3flag,g++-13,nbody_2.c 50000000,0.99,0.3,0.8,0.12,0.0,0.08,7.42,3.29,0.0,0.0,2.06,8.216751587,31925727877,3.886,105188676033,3.29,8215.68,1.0,31928950659,3.886,5,15473466854,195865630,8215.69,1.0,2.0,17452007997,61854,0.00%,0,16923459394,137,137,0,901350,61808,6.857,30308306883,407970,0.00%,53126,3081,5.80%,1040629,30374945772,591,0.00%,54074,11997,22.19%,0,0
10,2023-04-26,nbody_50000000_compatible_O3flag,g++-13,nbody_2.c 50000000,0.99,0.3,0.8,0.12,0.0,0.08,7.44,3.3,0.0,0.0,2.05,8.306463671,31872378625,3.838,105184150758,3.3,8305.39,1.0,31864759124,3.837,2,15554142704,196924212,8305.4,1.0,1.0,17471539099,67281,0.00%,0,16924434452,136,136,0,707672,62056,8.769,30238018339,420947,0.00%,55082,2494,4.53%,939611,30313719237,348,0.00%,113541,12019,10.59%,0,0
