test,release_date,path,version,appplication,CPU_Utilization,CPI,Retiring,Frontend_Bound,Bad_Speculation,Backend_Bound,ILP,IPC_perf,Kernel_Utilization,L1D_Cache_Fill_BW,Turbo_Utilization,time_elapsed_sec,cycles,freq_cycles_GHz,instructions,insn_per_cycle,cpu_clock_msec,no_cpus,cpu_cycles,freq_cpu_cycles_GHz,cpu_migrations,ref_cycles,bus_cycles,task_clock_msec,no_cpus_task_clock,cpu_thermal_margin_C,branches,branch_misses,percent_branch_misses,mem_loads,mem_stores,page_faults,minor_faults,major_faults,cache_references,cache_misses,percent_cache_misses,L1_dcache_loads,L1_dcache_load_misses,percent_L1_dcache_load_misses,LLC_loads,LLC_load_misses,percent_LLC_load_misses,L1_icache_load_misses,dTLB_loads,dTLB_load_misses,percent_dTLB_load_misses,iTLB_loads,iTLB_load_misses,percent_iTLB_load_misses,block_rq_issue,block_rq_complete,TotalSlots_Giga,FetchBubbles_Giga,SlotsRetired_Giga,SlotsIssued+RecoveryBubbles_Giga,SlotsBackend_Giga
1,2023-07-18,binaryTrees_21_modified_without_Multithreading,1.8.0_382,binarytrees.java 21,1.0,0.75,0.35,0.1,0.01,0.57,4.68,1.19,0.04,6.22,2.04,4.665277668,47141572290,3.766,57018565161,1.22,12518.79,2.683,47051098024,3.758,249,22749874083,286667692,12519.59,2.684,660.0,9341518419,29218407,0.31%,0,11844190906,188856,188847,8,861784703,526439962,61.087,13788910268,422067931,3.06%,18005588,10653017,59.17%,9545153,14160387606,5833565,0.04%,34296,165122,481.46%,0,0,15.064,1.5064000000000002,5.272399999999999,0.15064,8.58648
2,2023-07-18,binaryTrees_21_modified_without_Multithreading,1.8.0_382,binarytrees.java 21,1.0,0.76,0.35,0.08,0.01,0.58,4.89,1.23,0.04,6.06,2.04,4.609998056,44620153356,3.62,55066837821,1.2,12325.65,2.674,44945138585,3.646,265,22033195032,277339398,12326.38,2.674,625.0,8998597306,27524183,0.31%,0,11644517740,189764,189754,8,808601956,503804526,62.306,13743105469,419699606,3.05%,20375432,11393345,55.92%,14010401,13941372240,5972562,0.04%,68594,171409,249.89%,0,0,14.48,1.1584,5.068,0.1448,8.3984
3,2023-07-18,binaryTrees_21_modified_without_Multithreading,1.8.0_382,binarytrees.java 21,0.99,0.76,0.34,0.1,0.01,0.57,4.66,1.2,0.02,6.34,2.04,4.701404413,47804422361,3.758,58084378316,1.22,12721.45,2.706,48046832976,3.777,253,23585967230,296729081,12722.14,2.706,549.0,9483601184,27817933,0.29%,0,12107000019,190403,190393,8,818227903,512432695,62.627,13927639096,428004315,3.07%,21986657,12238298,55.66%,9134808,14253086441,6317637,0.04%,31650,167794,530.15%,0,4,15.032,1.5032,5.110880000000001,0.15032,8.56824
4,2023-07-18,binaryTrees_21_modified_without_Multithreading,1.8.0_382,binarytrees.java 21,1.0,0.75,0.34,0.1,0.01,0.57,4.86,1.22,0.04,6.23,2.03,4.763624859,45633989728,3.597,55163813630,1.18,12686.69,2.663,45952221701,3.622,260,22513351025,286042986,12687.41,2.663,473.0,9198036928,29789979,0.32%,0,11535742425,188534,188524,8,845495016,512032934,60.56,13978668622,428348502,3.06%,19564500,11103504,56.75%,9570944,14502858440,5651061,0.04%,27935,89710,321.14%,0,220,14.388,1.4388,4.891920000000001,0.14388,8.20116
5,2023-07-18,binaryTrees_21_modified_without_Multithreading,1.8.0_382,binarytrees.java 21,0.99,0.75,0.35,0.08,0.01,0.58,4.97,1.2,0.03,6.11,2.02,4.749548518,44924153053,3.553,53936935411,1.16,12643.03,2.662,45308598399,3.584,248,22504611428,285152633,12643.85,2.662,432.0,9133901481,27627961,0.30%,0,11571733451,192860,192850,8,812484826,502423718,61.838,13666736592,418223060,3.06%,22871774,14129486,61.78%,10520414,14366444000,5851382,0.04%,29042,127976,440.66%,0,52,14.212,1.13696,4.9742,0.14212,8.24296
6,2023-07-18,binaryTrees_21_modified_without_Multithreading,1.8.0_382,binarytrees.java 21,0.99,0.75,0.35,0.1,0.01,0.57,4.86,1.21,0.03,5.69,2.0,4.928814715,44890878641,3.489,53962346845,1.16,12865.07,2.61,45281278094,3.52,235,22766133754,289473558,12865.76,2.61,436.0,9218360824,29020913,0.31%,0,11759476878,191854,191844,8,844224869,529442656,62.713,14029052152,438592401,3.13%,21367406,12310038,57.61%,9124353,14505455168,5776229,0.04%,59821,164262,274.59%,0,4,13.956,1.3956,4.8846,0.13956,7.954919999999999
7,2023-07-18,binaryTrees_21_modified_without_Multithreading,1.8.0_382,binarytrees.java 21,0.99,0.74,0.35,0.08,0.01,0.58,4.91,1.19,0.04,5.89,2.01,4.822522393,45477185770,3.567,54149855646,1.16,12747.95,2.643,45877322232,3.599,271,22825531519,287085502,12748.79,2.644,342.0,9095444685,28650851,0.32%,0,11571101670,192319,192304,13,833065312,514779036,61.793,13695359837,423290559,3.09%,19378136,10456406,53.96%,11691587,14275592635,5768641,0.04%,36212,105840,292.28%,0,3,14.268,1.14144,4.9938,0.14268,8.27544
8,2023-07-18,binaryTrees_21_modified_without_Multithreading,1.8.0_382,binarytrees.java 21,0.99,0.75,0.35,0.1,0.01,0.56,4.73,1.21,0.04,6.18,2.01,4.902132942,48065019731,3.707,57926063792,1.22,12967.23,2.645,48265262016,3.722,263,23722120199,298378467,12968.16,2.645,345.0,9410517663,30315683,0.32%,0,11788172843,197308,197298,8,818844553,502484392,61.365,13611911822,417198624,3.06%,18843965,10706355,56.82%,9396665,14528667533,5965295,0.04%,34059,115587,339.37%,0,2,14.828,1.4828000000000001,5.189799999999999,0.14828,8.30368
9,2023-07-18,binaryTrees_21_modified_without_Multithreading,1.8.0_382,binarytrees.java 21,0.99,0.75,0.35,0.1,0.01,0.56,4.65,1.2,0.03,5.92,1.97,5.029035236,47211118727,3.622,56863250817,1.21,13035.83,2.592,46658833967,3.579,255,23679490033,292811610,13036.67,2.592,418.0,9116460010,25901260,0.28%,0,11755648740,188199,188188,8,835368137,517452513,61.943,13697908400,423611346,3.09%,19255960,10707769,55.61%,10810732,14033829192,6451461,0.05%,93712,281951,300.87%,0,24,14.488,1.4488,5.070799999999999,0.14488,8.113280000000001
10,2023-07-18,binaryTrees_21_modified_without_Multithreading,1.8.0_382,binarytrees.java 21,0.99,0.77,0.34,0.1,0.01,0.56,4.68,1.18,0.03,5.92,2.0,4.949915459,47492750118,3.667,57274310893,1.22,12952.08,2.617,47272280139,3.65,262,23745511235,291807627,12952.82,2.617,401.0,9131686901,25638139,0.28%,0,12277392758,190397,190382,13,861565408,527242612,61.196,14189010699,429031471,3.02%,18124430,11261552,62.13%,6239561,14503676517,6099956,0.04%,68607,262996,383.34%,0,359,14.668,1.4668,4.98712,0.14668,8.214080000000001
1,2018-01-16,binaryTrees_21_modified_without_Multithreading,9.0.4,binarytrees.java 21,0.99,0.38,0.66,0.11,0.02,0.25,6.46,2.33,0.08,5.85,2.1,4.225223321,20892175577,3.586,48744034478,2.37,5825.07,1.379,21267933165,3.651,177,10063395063,128240754,5825.92,1.379,1260.0,8059915447,16650211,0.21%,0,11301096506,432688,432679,8,828306834,495750732,59.851,13720828930,440178624,3.21%,21327016,8048571,37.74%,12523339,13952322682,10243399,0.07%,17516,106178,606.18%,0,0,14.344,1.57784,9.46704,0.28687999999999997,3.586
2,2018-01-16,binaryTrees_21_modified_without_Multithreading,9.0.4,binarytrees.java 21,0.99,0.39,0.67,0.11,0.02,0.26,6.42,2.37,0.09,5.87,2.09,4.217890621,20754076524,3.578,48043904991,2.37,5799.94,1.375,21236693418,3.661,215,10233015550,128374272,5800.63,1.375,1096.0,8045613546,20351820,0.25%,0,11464851475,433109,433100,8,789985596,497502470,62.976,13767606168,429455005,3.12%,21079071,8336714,39.55%,47591596,13173977819,10058555,0.08%,337257,184489,54.70%,0,0,14.312,1.57432,9.58904,0.28624,3.72112
3,2018-01-16,binaryTrees_21_modified_without_Multithreading,9.0.4,binarytrees.java 21,0.99,0.38,0.66,0.11,0.02,0.26,6.2,2.29,0.07,5.79,2.07,4.333698864,20698071779,3.48,47437404030,2.34,5947.43,1.372,20748179628,3.488,199,10126167378,129041547,5948.22,1.373,984.0,7847704198,18977605,0.24%,0,10712484887,432501,432491,8,830308170,517278398,62.3,14345183532,456308130,3.18%,18427427,7184055,38.99%,10209298,13370272611,10038771,0.08%,60363,147995,245.18%,0,0,13.92,1.5312,9.1872,0.2784,3.6192
4,2018-01-16,binaryTrees_21_modified_without_Multithreading,9.0.4,binarytrees.java 21,0.99,0.39,0.65,0.11,0.02,0.25,6.53,2.38,0.07,5.68,2.08,4.331428763,20092371259,3.362,47981953013,2.35,5976.76,1.38,20541226802,3.437,181,9966728442,127302684,5977.51,1.38,842.0,7966466297,16384410,0.21%,0,10724534901,433100,433086,12,796258468,486090855,61.047,13576663547,434910091,3.20%,20330790,7632887,37.54%,21725893,14625864299,10544679,0.07%,100453,164221,163.48%,0,0,13.448,1.4792800000000002,8.741200000000001,0.26896000000000003,3.362
5,2018-01-16,binaryTrees_21_modified_without_Multithreading,9.0.4,binarytrees.java 21,0.99,0.39,0.65,0.11,0.02,0.24,6.35,2.27,0.08,5.91,2.06,4.339788109,21061426168,3.546,50325311910,2.45,5939.36,1.369,21353232549,3.595,196,10226389914,130032599,5940.15,1.369,812.0,8143532914,17122282,0.21%,0,11571445688,432878,432868,8,808772508,496786645,61.425,13592647719,422135409,3.11%,17131910,6785637,39.61%,10241529,14005610264,10092265,0.07%,59731,163182,273.19%,0,0,14.184,1.5602399999999998,9.2196,0.28368,3.4041599999999996
6,2018-01-16,binaryTrees_21_modified_without_Multithreading,9.0.4,binarytrees.java 21,0.99,0.39,0.66,0.11,0.02,0.25,6.46,2.42,0.08,5.34,1.99,4.547609193,20599331281,3.353,47784641316,2.34,6142.3,1.351,20988826365,3.417,207,10676387446,135770863,6143.06,1.351,834.0,8062658347,18509561,0.23%,0,11306811168,432444,432434,8,792971972,498234743,62.831,14214420717,442826091,3.12%,18046407,7103630,39.36%,10833963,13581587672,9172116,0.07%,570598,702633,123.14%,0,0,13.412,1.4753200000000002,8.851920000000002,0.26824000000000003,3.353
7,2018-01-16,binaryTrees_21_modified_without_Multithreading,9.0.4,binarytrees.java 21,0.99,0.4,0.63,0.15,0.02,0.24,6.21,2.26,0.08,5.35,2.0,4.68637149,21264171243,3.374,49880016666,2.35,6302.28,1.345,21661072766,3.437,178,10922575366,139444521,6303.02,1.345,742.0,8282319468,16782815,0.20%,0,11862932057,432463,432449,12,791594210,500354712,63.208,13870105217,428828332,3.09%,18061486,6877827,38.08%,15724515,14025151496,10547388,0.08%,92346,152151,164.76%,0,0,13.496,2.0244,8.50248,0.26992,3.23904
8,2018-01-16,binaryTrees_21_modified_without_Multithreading,9.0.4,binarytrees.java 21,0.99,0.38,0.67,0.11,0.02,0.27,6.33,2.33,0.07,5.48,2.02,4.457586263,20917524594,3.423,47238029775,2.31,6109.94,1.371,20957342101,3.43,182,10468055198,131453734,6110.61,1.371,770.0,7870994360,17934179,0.23%,0,11027536502,432458,432448,8,823124669,501438302,60.919,13875263095,441408576,3.18%,19261686,7529243,39.09%,11381006,14356138682,10628025,0.07%,47934,134367,280.32%,0,0,13.692,1.5061200000000001,9.17364,0.27384000000000003,3.6968400000000003
9,2018-01-16,binaryTrees_21_modified_without_Multithreading,9.0.4,binarytrees.java 21,0.99,0.39,0.65,0.11,0.02,0.25,6.47,2.35,0.07,5.46,1.99,4.518164967,20272109219,3.308,49543438711,2.45,6128.53,1.356,20607971718,3.362,176,10072588419,128655838,6129.31,1.357,835.0,7873268983,15145268,0.19%,0,11038032625,432895,432886,8,782005659,496345790,63.471,13564676030,437237225,3.22%,22863367,7070689,30.93%,16983656,13554135021,10057141,0.07%,105635,144461,136.75%,0,4,13.232,1.45552,8.6008,0.26464,3.308
10,2018-01-16,binaryTrees_21_modified_without_Multithreading,9.0.4,binarytrees.java 21,0.99,0.39,0.66,0.11,0.02,0.25,6.32,2.37,0.08,5.35,1.98,4.556213444,20886605960,3.37,50124749337,2.46,6197.1,1.36,21196181768,3.42,212,10814003368,135474999,6197.95,1.36,785.0,8125568408,16213652,0.20%,0,11190441205,432789,432775,12,840090389,499365005,59.442,14315695368,426413917,2.98%,18269293,6770629,37.06%,18487556,13901592000,10724837,0.08%,454198,217925,47.98%,0,0,13.48,1.4828000000000001,8.8968,0.2696,3.37
1,2018-07-17,binaryTrees_21_modified_without_Multithreading,10.0.2,binarytrees.java 21,1.0,0.38,0.67,0.1,0.02,0.24,6.47,2.34,0.09,6.02,2.1,4.257228512,21455214697,3.678,50581430266,2.45,5833.84,1.37,21730385665,3.725,162,10450974289,128556244,5834.52,1.37,1222.0,7820241113,17351805,0.22%,0,11609300241,433092,433083,8,839633855,508112741,60.516,15390170915,435775140,2.83%,19777514,9270101,46.87%,7876670,14592419085,9284614,0.06%,12810,87545,683.41%,0,0,14.712,1.4712,9.85704,0.29424,3.53088
2,2018-07-17,binaryTrees_21_modified_without_Multithreading,10.0.2,binarytrees.java 21,0.99,0.4,0.64,0.15,0.03,0.25,6.21,2.3,0.08,5.75,2.1,4.530958593,22438468536,3.701,52283747716,2.4,6062.64,1.338,22733466178,3.75,147,10693244187,134736243,6063.31,1.338,1131.0,8426860701,11970902,0.14%,0,11745580928,432981,432972,8,818322453,507975288,62.075,15150103346,429297773,2.83%,22243149,9602704,43.17%,22743343,15322269913,9581826,0.06%,53285,138837,260.56%,0,0,14.804,2.2206,9.47456,0.44412,3.701
3,2018-07-17,binaryTrees_21_modified_without_Multithreading,10.0.2,binarytrees.java 21,0.99,0.37,0.68,0.1,0.02,0.24,6.64,2.39,0.09,5.77,2.09,4.267081171,20601718008,3.546,49520852811,2.48,5810.17,1.362,21046869258,3.622,201,10145192812,129244167,5811.01,1.362,926.0,8091891039,17094900,0.21%,0,11601995457,433004,432995,8,861269611,505805012,58.728,15297686215,433325149,2.83%,20745769,8380728,40.40%,10559073,15366670054,10327771,0.07%,46376,96122,207.27%,0,0,14.184,1.4184,9.64512,0.28368,3.4041599999999996
4,2018-07-17,binaryTrees_21_modified_without_Multithreading,10.0.2,binarytrees.java 21,0.99,0.39,0.65,0.11,0.02,0.24,6.36,2.33,0.08,5.85,2.08,4.392646332,21205502024,3.564,49405639799,2.37,5950.1,1.355,21630262837,3.635,180,10306994694,131281575,5950.86,1.355,819.0,7965110566,14898957,0.19%,0,11615972713,433088,433079,8,835581362,512101266,61.287,15584339653,428624223,2.75%,17582698,7103217,40.40%,8399482,14602918911,9617493,0.07%,102981,170703,165.76%,0,0,14.256,1.56816,9.2664,0.28512,3.42144
5,2018-07-17,binaryTrees_21_modified_without_Multithreading,10.0.2,binarytrees.java 21,0.99,0.38,0.67,0.1,0.02,0.24,6.67,2.43,0.07,5.72,2.06,4.365286303,20333171122,3.446,50090497613,2.46,5899.43,1.351,20680475709,3.505,192,10153818126,129065770,5900.12,1.352,903.0,8122599561,16267814,0.20%,0,11224475054,432988,432979,8,828537774,505374256,60.996,15033911966,421561555,2.80%,18146789,6893758,37.99%,17543377,15558638982,9625438,0.06%,93899,138724,147.74%,0,1,13.784,1.3784,9.235280000000001,0.27568000000000004,3.30816
6,2018-07-17,binaryTrees_21_modified_without_Multithreading,10.0.2,binarytrees.java 21,0.99,0.39,0.66,0.12,0.02,0.25,6.3,2.25,0.08,5.44,2.02,4.564733732,21247263813,3.462,49535020515,2.37,6137.13,1.344,21581240209,3.516,198,10749702921,132145310,6137.92,1.345,770.0,7914671776,14530987,0.18%,0,11629523849,433056,433047,8,848358349,522694823,61.613,14686776525,421826918,2.87%,17331455,6510910,37.57%,27613080,14373223144,8881005,0.06%,624147,320614,51.37%,0,0,13.848,1.6617600000000001,9.13968,0.27696000000000004,3.462
7,2018-07-17,binaryTrees_21_modified_without_Multithreading,10.0.2,binarytrees.java 21,0.99,0.39,0.66,0.11,0.02,0.26,6.15,2.28,0.07,5.44,1.98,4.648387341,21104527223,3.395,49946293717,2.44,6215.68,1.337,21479539410,3.455,170,10932768778,136987909,6216.41,1.337,807.0,7990652279,15588102,0.20%,0,11358295772,433027,433018,8,841037669,536169048,63.751,15804631648,439313345,2.78%,17061257,6814666,39.94%,17326612,14740455471,8672226,0.06%,854822,826460,96.68%,0,0,13.58,1.4938,8.9628,0.2716,3.5308
8,2018-07-17,binaryTrees_21_modified_without_Multithreading,10.0.2,binarytrees.java 21,0.99,0.38,0.67,0.11,0.02,0.25,6.44,2.29,0.09,5.6,1.96,4.707324452,21751909530,3.46,50306497490,2.41,6285.84,1.335,22169185521,3.527,188,11380856258,141866427,6286.59,1.335,709.0,8100800309,16831386,0.21%,4,11466437210,432807,432798,8,801150973,514983507,64.28,15186685095,417961732,2.75%,18725272,7177508,38.33%,13134306,15137807827,8773041,0.06%,92920,332763,358.12%,0,5,13.84,1.5224,9.2728,0.2768,3.46
9,2018-07-17,binaryTrees_21_modified_without_Multithreading,10.0.2,binarytrees.java 21,0.99,0.39,0.66,0.12,0.02,0.24,6.29,2.26,0.07,5.45,1.96,4.682127638,21299913010,3.412,50161341702,2.39,6241.57,1.333,21617519119,3.463,207,11097192254,136242917,6242.4,1.333,728.0,8089520946,14237616,0.18%,0,11370527307,433078,433069,8,794275621,503585999,63.402,15193249900,422160202,2.78%,17111161,6643020,38.82%,17845681,14758808488,9049227,0.06%,924200,528939,57.23%,0,0,13.648,1.6377599999999999,9.00768,0.27296,3.2755199999999998
10,2018-07-17,binaryTrees_21_modified_without_Multithreading,10.0.2,binarytrees.java 21,0.99,0.38,0.66,0.12,0.02,0.24,6.18,2.24,0.09,5.38,2.01,4.605192963,21225746518,3.439,49759348525,2.43,6170.81,1.34,21597799834,3.5,196,10672199432,136074583,6171.54,1.34,784.0,8056075672,16913335,0.21%,4,11544337731,432980,432971,8,828865728,494706727,59.685,15065726782,432368477,2.87%,16859027,6716906,39.84%,13695891,14726226270,8616870,0.06%,795394,494994,62.23%,0,0,13.756,1.65072,9.07896,0.27512000000000003,3.30144
1,2023-08-22,binaryTrees_21_modified_without_Multithreading,11.0.20.1,binarytrees.java 21,0.99,0.43,0.61,0.09,0.03,0.32,6.63,2.18,0.11,6.39,2.11,3.709379711,17453702499,3.591,39702064951,2.26,4859.67,1.31,17387010575,3.578,151,8243513303,102596166,4860.18,1.31,849.0,5911901495,13554988,0.23%,0,9167141210,607645,607636,8,731464307,452694525,61.889,10758473804,407738986,3.79%,19534877,6989593,35.78%,27456287,10837816019,11338645,0.10%,175960,221644,125.96%,0,0,14.364,1.2927600000000001,8.76204,0.43092,4.596480000000001
2,2023-08-22,binaryTrees_21_modified_without_Multithreading,11.0.20.1,binarytrees.java 21,0.99,0.41,0.62,0.08,0.03,0.34,6.37,2.13,0.09,6.47,2.11,3.521078855,15977990520,3.423,37376042607,2.21,4667.81,1.326,16275038416,3.486,164,7792845887,99439918,4668.34,1.326,809.0,5888369217,10780483,0.18%,4,9194243905,417030,417020,8,765674441,467570976,61.067,10827263108,416521044,3.85%,22372808,8869462,39.64%,29028252,11168853103,8630396,0.08%,1003542,843821,84.08%,0,0,13.692,1.0953600000000001,8.48904,0.41076,4.65528
3,2023-08-22,binaryTrees_21_modified_without_Multithreading,11.0.20.1,binarytrees.java 21,0.99,0.42,0.62,0.09,0.03,0.33,6.93,2.25,0.12,6.24,2.1,3.736128592,16955501320,3.5,39348986778,2.29,4844.19,1.297,17314943772,3.574,172,8302590705,105876986,4844.72,1.297,747.0,6134091809,13377051,0.22%,0,9565952599,608048,608039,8,762738536,477958469,62.663,10719028006,409983397,3.82%,21880510,7392321,33.78%,36902373,10886982078,10576949,0.10%,284065,263879,92.89%,0,0,14.0,1.26,8.68,0.42,4.62
4,2023-08-22,binaryTrees_21_modified_without_Multithreading,11.0.20.1,binarytrees.java 21,0.99,0.41,0.63,0.09,0.03,0.29,6.64,2.18,0.1,6.79,2.11,3.519164838,16852540032,3.651,39598581034,2.37,4615.2,1.311,17141541718,3.714,191,8205188629,104182471,4615.68,1.312,752.0,6109928660,11875294,0.19%,0,9789935424,416980,416971,8,801684605,471926323,58.867,10375117336,403018100,3.88%,18993867,6786338,35.73%,18412092,10586585663,9763846,0.09%,58274,205971,353.45%,0,0,14.604,1.31436,9.20052,0.43811999999999995,4.23516
5,2023-08-22,binaryTrees_21_modified_without_Multithreading,11.0.20.1,binarytrees.java 21,0.99,0.41,0.63,0.09,0.03,0.3,6.58,2.26,0.1,7.24,2.1,3.542174357,16793536533,3.619,38800171944,2.34,4640.23,1.31,16658992406,3.59,191,7757755655,96088267,4640.82,1.31,669.0,5750469018,12897507,0.22%,0,8843989538,416562,416553,8,742048527,455676217,61.408,10369794427,400956538,3.87%,17783470,5903743,33.20%,17860908,10768712061,9011065,0.08%,175814,208062,118.34%,0,0,14.476,1.30284,9.11988,0.43428,4.3428
6,2023-08-22,binaryTrees_21_modified_without_Multithreading,11.0.20.1,binarytrees.java 21,0.99,0.41,0.62,0.09,0.03,0.29,6.74,2.26,0.11,6.23,2.08,3.609680738,16624614718,3.506,38305324316,2.29,4741.36,1.314,16499073170,3.48,184,7797602410,97004565,4741.87,1.314,624.0,5674501425,10907888,0.19%,0,8945634882,416662,416653,8,776397090,483000147,62.21,10655229735,415947464,3.90%,23652895,8273723,34.98%,31592432,10903616918,8357144,0.08%,489036,567063,115.96%,0,0,14.024,1.26216,8.69488,0.42072,4.06696
7,2023-08-22,binaryTrees_21_modified_without_Multithreading,11.0.20.1,binarytrees.java 21,0.99,0.42,0.61,0.08,0.03,0.3,6.32,2.17,0.08,6.25,2.02,3.714110306,16710086609,3.424,40001585127,2.37,4880.58,1.314,16955302673,3.474,202,8378295110,99148134,4881.15,1.314,572.0,5666501239,10983000,0.19%,0,8761189172,416928,416919,8,773229864,470484529,60.847,10751961103,400129706,3.72%,19634932,6608965,33.66%,26635121,10753277543,9106335,0.08%,264495,276345,104.48%,0,0,13.696,1.09568,8.35456,0.41087999999999997,4.1088
8,2023-08-22,binaryTrees_21_modified_without_Multithreading,11.0.20.1,binarytrees.java 21,0.99,0.41,0.64,0.1,0.03,0.29,6.7,2.26,0.09,6.87,2.04,3.656916285,17521777536,3.677,40024431442,2.35,4765.54,1.303,17302158605,3.631,176,8304733043,95985982,4765.99,1.303,492.0,5572828000,12140538,0.22%,0,8519020407,416732,416719,12,750898629,467065000,62.201,10454090703,411546217,3.94%,20337546,6530188,32.11%,18296446,10830085206,9320048,0.09%,105599,209050,197.97%,0,0,14.708,1.4708,9.413120000000001,0.44123999999999997,4.26532
9,2023-08-22,binaryTrees_21_modified_without_Multithreading,11.0.20.1,binarytrees.java 21,0.98,0.41,0.62,0.09,0.03,0.32,6.5,2.22,0.1,6.69,2.04,3.682666583,17151822913,3.551,38045691133,2.29,4829.38,1.311,16598521285,3.437,166,8206789829,99794578,4829.91,1.312,576.0,5675392825,13115888,0.23%,0,8821597070,417029,417020,8,757997625,455671796,60.115,10388175410,404312615,3.89%,20451739,7435194,36.35%,20137729,10785863338,9573548,0.09%,103980,252849,243.17%,0,0,14.204,1.27836,8.80648,0.42612,4.54528
10,2023-08-22,binaryTrees_21_modified_without_Multithreading,11.0.20.1,binarytrees.java 21,0.98,0.41,0.63,0.09,0.03,0.29,6.74,2.28,0.08,6.01,2.03,3.714298566,16289474335,3.374,37607489199,2.29,4827.91,1.3,16606433660,3.439,178,8245069311,102838502,4828.48,1.3,582.0,5810992649,9887428,0.17%,0,9024721092,416411,416402,8,818701958,484750886,59.21,10790943961,414231965,3.84%,20653655,8352528,40.44%,28984500,10733455977,8457394,0.08%,435861,473077,108.54%,0,0,13.496,1.21464,8.50248,0.40488,3.91384
1,2019-07-16,binaryTrees_21_modified_without_Multithreading,12.0.2,binarytrees.java 21,1.0,0.39,0.65,0.09,0.03,0.29,6.46,2.23,0.11,6.35,2.11,3.527591764,16496533227,3.628,37738199710,2.35,4547.08,1.289,16818129110,3.698,158,7990085896,96864266,4547.72,1.289,888.0,5658043451,10709744,0.19%,0,8826461029,432606,432597,8,729354451,462263694,63.38,10500254985,405650795,3.86%,21793165,7830537,35.93%,24806409,11157162010,8629819,0.08%,193296,582868,301.54%,0,4,14.512,1.30608,9.4328,0.43536,4.20848
2,2019-07-16,binaryTrees_21_modified_without_Multithreading,12.0.2,binarytrees.java 21,0.99,0.4,0.65,0.1,0.03,0.28,6.38,2.17,0.11,6.62,2.11,3.524305313,16554065739,3.65,37899469401,2.34,4534.79,1.287,16696810936,3.682,144,7977710174,97335918,4535.38,1.287,776.0,5755897908,11334527,0.20%,0,8994593302,432879,432870,8,755302557,465900276,61.684,10389416129,410779446,3.95%,20923229,9789295,46.79%,18958114,10334942584,8705906,0.08%,320048,344515,107.64%,0,0,14.6,1.46,9.49,0.438,4.088
3,2019-07-16,binaryTrees_21_modified_without_Multithreading,12.0.2,binarytrees.java 21,0.99,0.4,0.65,0.09,0.03,0.27,6.51,2.24,0.1,6.59,2.11,3.535491526,16152586181,3.553,37124004307,2.24,4545.86,1.286,16031965404,3.526,161,7448867150,86960892,4546.46,1.286,668.0,5212950934,9062461,0.17%,0,8007586433,432525,432516,8,706755457,450363121,63.723,10065937065,395126175,3.93%,19458121,7139595,36.69%,17517396,10699422509,8685067,0.08%,83594,665517,796.13%,0,0,14.212,1.27908,9.2378,0.42635999999999996,3.83724
4,2019-07-16,binaryTrees_21_modified_without_Multithreading,12.0.2,binarytrees.java 21,0.99,0.4,0.64,0.09,0.03,0.28,6.68,2.29,0.1,6.66,2.1,3.50991382,16698329488,3.69,38344094736,2.32,4525.34,1.289,16993268296,3.755,136,8112756355,101028706,4525.95,1.289,642.0,5917908444,9662790,0.16%,0,9574918599,432890,432881,8,760239429,474234405,62.38,10443326419,412753272,3.95%,19934227,7131982,35.78%,14181669,10865930581,8516435,0.08%,29956,725066,2420.44%,0,2,14.76,1.3284,9.4464,0.44279999999999997,4.1328000000000005
5,2019-07-16,binaryTrees_21_modified_without_Multithreading,12.0.2,binarytrees.java 21,0.99,0.4,0.64,0.09,0.03,0.3,6.23,2.22,0.09,6.76,2.1,3.575727936,17197910942,3.602,38554298387,2.26,4774.43,1.335,17508143993,3.667,162,8377433606,106794080,4774.97,1.335,591.0,5873851898,11432333,0.19%,0,9139895078,438658,438644,12,784082195,496240977,63.289,10227091057,401914467,3.93%,19794410,7741310,39.11%,19577833,10895409585,8784278,0.08%,294055,295027,100.33%,0,0,14.408,1.2967199999999999,9.221119999999999,0.43223999999999996,4.3224
6,2019-07-16,binaryTrees_21_modified_without_Multithreading,12.0.2,binarytrees.java 21,0.99,0.38,0.67,0.09,0.03,0.28,6.37,2.24,0.09,6.3,2.08,3.578651034,16643649017,3.622,37635644372,2.35,4594.54,1.284,16971926220,3.694,167,8184604103,104182572,4595.14,1.284,521.0,5967766058,11352051,0.19%,0,9210031230,432194,432185,8,724609162,460528767,63.555,10509899387,413777227,3.94%,19999764,8115164,40.58%,30230468,10685567008,8100343,0.08%,278358,633471,227.57%,0,0,14.488,1.30392,9.70696,0.43463999999999997,4.056640000000001
7,2019-07-16,binaryTrees_21_modified_without_Multithreading,12.0.2,binarytrees.java 21,0.99,0.4,0.63,0.1,0.03,0.28,6.26,2.19,0.11,6.27,2.06,3.653932599,16895082944,3.479,37436003027,2.21,4855.74,1.329,17055706400,3.512,151,8149782734,104267203,4856.33,1.329,485.0,5617055267,9629302,0.17%,0,8897615363,438594,438584,8,799643085,500453145,62.585,11426774758,433357144,3.79%,19840986,7584885,38.23%,13009368,11004751390,9004875,0.08%,62068,1115922,1797.90%,0,0,13.916,1.3916000000000002,8.76708,0.41748,3.8964800000000004
8,2019-07-16,binaryTrees_21_modified_without_Multithreading,12.0.2,binarytrees.java 21,0.98,0.39,0.65,0.1,0.03,0.28,6.45,2.25,0.11,6.41,2.06,3.661011869,16433245751,3.52,38749332338,2.39,4667.92,1.275,16669953298,3.571,155,8071150224,100053477,4668.44,1.275,536.0,5781558251,8259784,0.14%,0,8830462422,432534,432525,8,745527330,473655035,63.533,10561194725,406453973,3.85%,18167099,7035543,38.73%,16168739,10962733331,8551293,0.08%,83593,966930,1156.71%,0,0,14.08,1.4080000000000001,9.152000000000001,0.4224,3.9424000000000006
9,2019-07-16,binaryTrees_21_modified_without_Multithreading,12.0.2,binarytrees.java 21,0.98,0.39,0.65,0.09,0.03,0.29,6.17,2.2,0.08,6.37,2.04,3.704510597,17220994749,3.513,37941573548,2.28,4902.03,1.323,17449920040,3.56,134,8618375890,107722447,4902.59,1.323,549.0,5788016828,9456430,0.16%,0,9125022628,438644,438631,12,802524901,507493483,63.237,11598232707,435405597,3.75%,20230798,8291421,40.98%,17711269,10787134707,8700904,0.08%,392561,417526,106.36%,0,0,14.052,1.26468,9.1338,0.42156,4.07508
10,2019-07-16,binaryTrees_21_modified_without_Multithreading,12.0.2,binarytrees.java 21,0.99,0.39,0.65,0.09,0.03,0.28,6.35,2.19,0.11,6.66,2.04,3.685603594,17720098543,3.647,39600392382,2.36,4858.74,1.318,17992837104,3.703,195,8680606812,107746874,4859.42,1.318,533.0,5865152324,10084175,0.17%,0,9457182760,438767,438758,8,760290660,463841677,61.008,10406864063,390394008,3.75%,18016061,6851802,38.03%,18296802,10843501585,8909886,0.08%,295006,324477,109.99%,0,0,14.588,1.3129199999999999,9.4822,0.43764,4.08464
1,2020-01-14,binaryTrees_21_modified_without_Multithreading,13.0.2,binarytrees.java 21,0.99,0.38,0.67,0.1,0.03,0.28,6.41,2.2,0.12,6.42,2.11,3.504841341,15957408554,3.566,36611529666,2.32,4474.03,1.277,15825410821,3.537,171,7331005329,91405742,4474.65,1.277,923.0,5444690616,6777178,0.12%,0,8699865242,433933,433924,8,764062807,484246476,63.378,10781003489,425116630,3.94%,21418539,8795292,41.06%,19301248,11182245223,8535230,0.08%,74185,751573,1013.11%,0,0,14.264,1.4264000000000001,9.55688,0.42791999999999997,3.99392
2,2020-01-14,binaryTrees_21_modified_without_Multithreading,13.0.2,binarytrees.java 21,0.99,0.4,0.65,0.12,0.03,0.26,6.46,2.24,0.11,6.6,2.11,3.573042605,16034482613,3.544,37686961222,2.31,4524.56,1.266,16339017780,3.611,182,7337501635,93745923,4525.22,1.266,821.0,5456167194,7009309,0.13%,0,8598031715,432937,432928,8,734297161,460308043,62.687,10393828410,406797130,3.91%,18888252,7659027,40.55%,20153184,10864117882,8221863,0.08%,182661,244137,133.66%,0,0,14.176,1.70112,9.214400000000001,0.42528,3.68576
3,2020-01-14,binaryTrees_21_modified_without_Multithreading,13.0.2,binarytrees.java 21,0.99,0.39,0.66,0.12,0.03,0.27,6.45,2.27,0.09,6.73,2.11,3.558714475,16438606430,3.631,35871835440,2.22,4526.88,1.272,15872812611,3.506,179,7533439965,92820089,4527.55,1.272,707.0,5465397400,6404675,0.12%,0,8554420470,433477,433468,8,685813517,436995109,63.719,10274831270,406846937,3.96%,20150361,8058997,39.99%,18699871,10860239146,8434329,0.08%,139307,162091,116.36%,0,0,14.524,1.7428799999999998,9.58584,0.43571999999999994,3.92148
4,2020-01-14,binaryTrees_21_modified_without_Multithreading,13.0.2,binarytrees.java 21,0.99,0.4,0.63,0.14,0.03,0.25,6.52,2.32,0.09,6.29,2.09,3.61914728,15590117023,3.43,36456704567,2.27,4544.56,1.256,15488956345,3.408,171,7293665001,90180264,4545.28,1.256,674.0,5525778095,5621052,0.10%,0,8345450750,433575,433566,8,712114872,457628749,64.263,10312371970,409215494,3.97%,21137802,8890419,42.06%,19016598,10924535888,7873429,0.07%,275809,380786,138.06%,0,0,13.72,1.9208000000000003,8.643600000000001,0.4116,3.43
5,2020-01-14,binaryTrees_21_modified_without_Multithreading,13.0.2,binarytrees.java 21,0.99,0.39,0.66,0.11,0.03,0.27,6.2,2.21,0.1,6.81,2.1,3.586919899,16933737779,3.718,38558327916,2.37,4553.87,1.27,16803364208,3.69,180,8030612470,98834464,4554.57,1.27,627.0,5757956419,7112993,0.12%,0,9069758391,433406,433397,8,732379122,449166591,61.33,10436625650,403067446,3.86%,18768343,6777286,36.11%,9737135,11132900562,8759520,0.08%,60111,1191793,1982.65%,0,4,14.872,1.63592,9.815520000000001,0.44616,4.01544
6,2020-01-14,binaryTrees_21_modified_without_Multithreading,13.0.2,binarytrees.java 21,0.99,0.38,0.66,0.12,0.02,0.26,6.44,2.23,0.11,6.37,2.09,3.602081606,16489268691,3.606,38642382887,2.42,4572.17,1.269,16785046977,3.671,168,7859963351,98177669,4572.84,1.269,577.0,5668403740,7391121,0.13%,0,9033384691,433935,433926,8,754488113,472718321,62.654,10610366527,429958926,4.05%,23131723,8485521,36.68%,16794817,11250814957,8948414,0.08%,83640,952083,1138.31%,0,0,14.424,1.73088,9.51984,0.28848,3.75024
7,2020-01-14,binaryTrees_21_modified_without_Multithreading,13.0.2,binarytrees.java 21,0.99,0.4,0.64,0.15,0.02,0.25,6.32,2.23,0.1,6.42,2.06,3.793075338,17221379045,3.613,39391876658,2.33,4765.6,1.256,17439332886,3.659,167,8467022088,104870451,4766.2,1.257,522.0,5939216197,6569616,0.11%,0,9217608704,433588,433579,8,727364564,458158926,62.989,10273333981,400595860,3.90%,20064612,7289845,36.33%,17591745,10666859723,8846948,0.08%,105132,800911,761.81%,0,0,14.452,2.1677999999999997,9.24928,0.28904,3.613
8,2020-01-14,binaryTrees_21_modified_without_Multithreading,13.0.2,binarytrees.java 21,0.99,0.39,0.65,0.13,0.03,0.28,6.38,2.27,0.1,6.65,2.04,3.717979911,16399750032,3.503,38995997599,2.43,4680.67,1.259,16628112884,3.552,194,8148346316,96873815,4681.44,1.259,527.0,5616969319,5982735,0.11%,0,9168081891,433079,433066,12,782594254,496304641,63.418,10792551762,428461451,3.97%,24606459,8452102,34.35%,24862856,10937182219,9291366,0.08%,184440,432319,234.40%,0,0,14.012,1.82156,9.107800000000001,0.42036,3.9233600000000006
9,2020-01-14,binaryTrees_21_modified_without_Multithreading,13.0.2,binarytrees.java 21,0.99,0.38,0.67,0.09,0.03,0.27,6.44,2.22,0.12,6.43,2.02,3.691652333,16543482737,3.532,38333792310,2.41,4682.99,1.269,16754291730,3.577,182,8337848527,103949758,4683.59,1.269,506.0,5783292608,8000884,0.14%,0,8806585607,433389,433380,8,745164420,473373724,63.526,10457862855,398163461,3.81%,18975936,6545749,34.49%,18440371,10915072194,8504274,0.08%,76238,561025,735.89%,0,0,14.128,1.27152,9.465760000000001,0.42384,3.81456
10,2020-01-14,binaryTrees_21_modified_without_Multithreading,13.0.2,binarytrees.java 21,0.99,0.38,0.67,0.1,0.03,0.27,6.73,2.28,0.12,6.16,2.04,3.650940919,16080246072,3.497,38180049974,2.4,4598.58,1.26,16337606180,3.552,203,7809920945,93752257,4599.31,1.26,513.0,5491537688,7671816,0.14%,0,8482233080,432430,432421,8,711940014,447019616,62.789,10274808183,397778407,3.87%,18874931,7673452,40.65%,12430310,11349312495,8372115,0.07%,89622,1192839,1330.97%,0,0,13.988,1.3988,9.37196,0.41963999999999996,3.7767600000000003
1,2020-07-14,binaryTrees_21_modified_without_Multithreading,14.0.2,binarytrees.java 21,0.99,0.4,0.65,0.1,0.03,0.29,6.18,2.22,0.09,6.55,2.1,3.51777403,16094950467,3.549,38280363356,2.33,4534.11,1.289,16424113859,3.622,229,7835411611,96813932,4535.06,1.289,964.0,5731526192,7477204,0.13%,0,9056560387,435970,435961,8,767320443,449281776,58.552,10509243715,406347093,3.87%,19991097,7996520,40.00%,11395988,11166018914,9599907,0.09%,37690,898363,2383.56%,0,0,14.196,1.4196,9.2274,0.42588,4.11684
2,2020-07-14,binaryTrees_21_modified_without_Multithreading,14.0.2,binarytrees.java 21,0.99,0.39,0.66,0.11,0.03,0.26,6.65,2.36,0.1,6.75,2.11,3.539457415,16377956957,3.627,36549235857,2.29,4515.36,1.276,15261712143,3.38,249,7295709022,90248883,4516.18,1.276,833.0,5332269532,6731901,0.13%,0,8294367459,432500,432491,8,724932521,445569243,61.464,10261877788,411468902,4.01%,19048525,6824798,35.83%,12322649,10971511518,8790730,0.08%,35015,961574,2746.18%,0,0,14.508,1.59588,9.57528,0.43523999999999996,3.77208
3,2020-07-14,binaryTrees_21_modified_without_Multithreading,14.0.2,binarytrees.java 21,0.99,0.39,0.65,0.09,0.03,0.29,6.54,2.32,0.08,6.74,2.11,3.543225121,16700454754,3.665,38417772836,2.32,4557.02,1.286,17000092742,3.73,209,8129603002,99478472,4557.69,1.286,747.0,5691742490,6899982,0.12%,0,9286061456,433118,433109,8,728731094,447311268,61.382,10489703013,406459180,3.87%,19986794,8487193,42.46%,16809298,10903477465,8684191,0.08%,338295,530585,156.84%,0,10,14.66,1.3194,9.529,0.43979999999999997,4.251399999999999
4,2020-07-14,binaryTrees_21_modified_without_Multithreading,14.0.2,binarytrees.java 21,0.99,0.39,0.65,0.1,0.03,0.27,6.38,2.23,0.12,6.62,2.09,3.581006667,17015056611,3.731,39734610819,2.43,4559.88,1.273,16831999231,3.691,259,7871673588,94603946,4560.73,1.274,676.0,5647524279,6208906,0.11%,0,8859525353,432783,432774,8,794611927,491441577,61.847,10565435852,417716803,3.95%,21074277,7081534,33.60%,15772262,10726586072,7952962,0.07%,67867,980465,1444.69%,0,0,14.924,1.4924,9.7006,0.44771999999999995,4.02948
5,2020-07-14,binaryTrees_21_modified_without_Multithreading,14.0.2,binarytrees.java 21,0.99,0.4,0.64,0.15,0.02,0.23,6.34,2.2,0.11,6.37,2.1,3.712611724,17591881951,3.725,40394822836,2.37,4722.61,1.272,17867132382,3.783,238,8329973172,103781646,4723.45,1.272,619.0,6030227644,7703002,0.13%,0,8967411930,435600,435587,12,773227982,474906206,61.419,10409879961,410786562,3.95%,18964189,6970756,36.76%,13705929,10981996811,9010450,0.08%,47377,856527,1807.90%,0,0,14.9,2.235,9.536,0.298,3.427
6,2020-07-14,binaryTrees_21_modified_without_Multithreading,14.0.2,binarytrees.java 21,0.99,0.39,0.66,0.09,0.03,0.28,6.36,2.24,0.12,6.4,2.09,3.594518545,16073389601,3.493,37926374490,2.43,4600.69,1.28,16327821832,3.549,230,7398181065,91925821,4601.44,1.28,600.0,5507768792,6584382,0.12%,0,8316542208,432752,432743,8,746836826,450882318,60.372,10244861486,391470592,3.82%,21428445,9685896,45.20%,15662024,11189657944,9658895,0.09%,85344,1106082,1296.03%,0,0,13.972,1.25748,9.22152,0.41916,3.91216
7,2020-07-14,binaryTrees_21_modified_without_Multithreading,14.0.2,binarytrees.java 21,0.99,0.4,0.63,0.13,0.03,0.26,6.32,2.1,0.11,6.24,2.07,3.687765475,17043714304,3.629,39985927124,2.44,4696.1,1.273,17240555889,3.671,251,8334695895,93771149,4696.96,1.274,566.0,5678808146,4954674,0.09%,0,8605505919,435213,435204,8,744132268,464711737,62.45,10410854147,401680653,3.86%,21798061,7551943,34.65%,17312546,10919821412,9124884,0.08%,72738,810881,1114.80%,0,0,14.516,1.88708,9.14508,0.43548,3.77416
8,2020-07-14,binaryTrees_21_modified_without_Multithreading,14.0.2,binarytrees.java 21,0.99,0.39,0.66,0.1,0.03,0.29,6.48,2.27,0.12,6.31,2.03,3.712456788,17114623610,3.627,40981570395,2.5,4718.32,1.271,17275153474,3.661,246,8374017240,97584174,4719.12,1.271,564.0,5632244098,7161956,0.13%,0,8913385118,435669,435660,8,771855312,470746763,60.989,10295246360,401776029,3.90%,17969002,6645355,36.98%,11625556,10740649630,8460176,0.08%,105672,1402353,1327.08%,0,0,14.508,1.4508,9.57528,0.43523999999999996,4.207319999999999
9,2020-07-14,binaryTrees_21_modified_without_Multithreading,14.0.2,binarytrees.java 21,0.99,0.39,0.64,0.15,0.03,0.25,6.26,2.28,0.11,5.97,2.01,3.88679555,15775966788,3.245,36947386478,2.29,4861.71,1.251,15645062178,3.218,231,7623835140,97489704,4862.55,1.251,559.0,5559980762,6140302,0.11%,0,8347590706,435748,435739,8,732855799,455109486,62.101,10372900049,405945947,3.91%,19488062,7339281,37.66%,8960860,11459064547,8614171,0.08%,104507,1397073,1336.82%,0,0,12.98,1.947,8.3072,0.3894,3.245
10,2020-07-14,binaryTrees_21_modified_without_Multithreading,14.0.2,binarytrees.java 21,0.99,0.38,0.66,0.1,0.03,0.3,6.58,2.32,0.11,6.7,2.05,3.672163883,16634070131,3.578,40531892247,2.48,4648.55,1.266,16707053528,3.594,222,8041869385,94476215,4649.3,1.266,573.0,5498546446,7170849,0.13%,0,8516328388,432522,432513,8,747959437,460218282,61.53,10409921964,405271627,3.89%,17729709,6284978,35.45%,16228015,10861700808,8427253,0.08%,60163,1076133,1788.70%,0,0,14.312,1.4312,9.44592,0.42935999999999996,4.2936
1,2021-01-19,binaryTrees_21_modified_without_Multithreading,15.0.2,binarytrees.java 21,0.99,0.4,0.64,0.09,0.03,0.25,6.36,2.26,0.09,6.64,2.11,3.411738835,15422434929,3.534,35979997905,2.34,4363.95,1.279,15315155123,3.509,240,6917422491,87787231,4364.65,1.279,920.0,5445318587,7846691,0.14%,0,7969400754,431481,431471,8,701108194,444569032,63.409,9040134905,391237211,4.33%,17642786,7332751,41.56%,15951536,9638810484,8634601,0.09%,150546,470903,312.80%,0,0,14.136,1.2722399999999998,9.047039999999999,0.42407999999999996,3.534
2,2021-01-19,binaryTrees_21_modified_without_Multithreading,15.0.2,binarytrees.java 21,0.99,0.4,0.64,0.1,0.03,0.31,6.06,2.16,0.12,7.14,2.11,3.457639004,16705557179,3.768,39560317440,2.49,4433.66,1.282,16953612618,3.824,224,7868744172,97523051,4434.36,1.282,780.0,5899021847,8075438,0.14%,0,8759509724,432426,432414,10,780683698,476217969,61.0,9270377697,405940717,4.38%,15197970,5532711,36.40%,9433905,9622987042,8623340,0.09%,21913,1145265,5226.42%,0,0,15.072,1.5072,9.64608,0.45215999999999995,4.67232
3,2021-01-19,binaryTrees_21_modified_without_Multithreading,15.0.2,binarytrees.java 21,0.99,0.4,0.65,0.08,0.03,0.26,6.45,2.26,0.09,6.64,2.11,3.44131343,15443767501,3.504,36910797779,2.34,4406.69,1.281,15720514750,3.567,247,7419734706,90125011,4407.3,1.281,731.0,5539337671,7700470,0.14%,0,8124588375,431957,431947,8,720163081,444784690,61.762,9104487879,387963087,4.26%,17585410,6278875,35.71%,9548117,9612329421,8614904,0.09%,26223,1314249,5011.82%,0,0,14.016,1.12128,9.1104,0.42047999999999996,3.6441600000000003
4,2021-01-19,binaryTrees_21_modified_without_Multithreading,15.0.2,binarytrees.java 21,0.99,0.4,0.64,0.08,0.03,0.29,6.61,2.32,0.08,6.88,2.1,3.486384185,16099640821,3.632,36822267294,2.31,4432.15,1.271,15494580039,3.496,245,7381166196,90743479,4432.82,1.271,763.0,5596924444,7167593,0.13%,0,8301008619,431444,431434,8,733069344,451846689,61.638,8984105658,390925187,4.35%,15769481,5724873,36.30%,6431141,9571167628,8086055,0.08%,54347,983140,1809.01%,0,0,14.528,1.1622400000000002,9.297920000000001,0.43584,4.21312
5,2021-01-19,binaryTrees_21_modified_without_Multithreading,15.0.2,binarytrees.java 21,0.99,0.39,0.66,0.08,0.02,0.31,6.02,2.13,0.09,6.61,2.1,3.464262929,16158111954,3.61,36934668825,2.4,4475.33,1.292,15901719708,3.553,279,7415436794,88985276,4476.2,1.292,635.0,5316421531,7141236,0.13%,0,7973169343,432032,432019,12,743607883,459337247,61.771,9355356637,405039779,4.33%,16712032,6979713,41.76%,16633817,9517399612,8714009,0.09%,20011,717276,3584.41%,0,0,14.44,1.1552,9.5304,0.2888,4.4764
6,2021-01-19,binaryTrees_21_modified_without_Multithreading,15.0.2,binarytrees.java 21,0.99,0.39,0.65,0.08,0.03,0.3,6.39,2.3,0.09,6.62,2.1,3.470986856,14966373267,3.387,36288652439,2.4,4417.86,1.273,15330103476,3.47,255,7180420345,89491042,4418.57,1.273,586.0,5379152419,7735394,0.14%,0,8356963809,430995,430985,8,763473096,465295240,60.945,9453057045,417151975,4.41%,16691366,6302026,37.76%,7660876,9096297238,7970487,0.09%,44455,1214069,2731.01%,0,0,13.548,1.0838400000000001,8.8062,0.40643999999999997,4.0644
7,2021-01-19,binaryTrees_21_modified_without_Multithreading,15.0.2,binarytrees.java 21,0.99,0.39,0.65,0.08,0.02,0.32,6.01,2.24,0.11,6.61,2.04,3.603447865,15816075901,3.466,36976715300,2.39,4562.69,1.266,16073074053,3.522,241,7889837014,100728429,4563.48,1.266,664.0,6023173074,7339225,0.12%,0,8360247206,432209,432199,8,774583655,472856521,61.047,9615756773,425953363,4.43%,19435751,7725456,39.75%,11925667,9483223379,8802099,0.09%,75794,826801,1090.85%,0,0,13.864,1.10912,9.011600000000001,0.27728,4.43648
8,2021-01-19,binaryTrees_21_modified_without_Multithreading,15.0.2,binarytrees.java 21,0.99,0.41,0.63,0.09,0.03,0.29,6.3,2.24,0.11,6.23,2.06,3.523760877,14853432466,3.308,33808102683,2.21,4489.33,1.274,14714432364,3.277,221,7217313347,91743854,4490.08,1.274,517.0,5484020615,7609367,0.14%,0,8224081561,432725,432716,8,747045174,459233120,61.473,9355569712,411616442,4.40%,17117865,7110226,41.54%,6624352,9754136425,9227446,0.09%,59380,1200975,2022.52%,0,0,13.232,1.19088,8.33616,0.39696,3.8372799999999994
9,2021-01-19,binaryTrees_21_modified_without_Multithreading,15.0.2,binarytrees.java 21,0.99,0.41,0.63,0.09,0.03,0.29,6.35,2.23,0.12,6.52,2.07,3.518301728,15431818000,3.448,36886976438,2.3,4475.23,1.272,15549020819,3.474,236,7502663287,88677292,4475.96,1.272,598.0,5533808779,6854235,0.12%,0,8085423226,431566,431552,12,745526908,448086218,60.103,9086002370,401732467,4.42%,18128761,7582480,41.83%,12308274,9510353720,8713548,0.09%,63649,1248316,1961.25%,0,0,13.792,1.24128,8.68896,0.41375999999999996,3.9996799999999997
10,2021-01-19,binaryTrees_21_modified_without_Multithreading,15.0.2,binarytrees.java 21,0.99,0.4,0.64,0.08,0.03,0.28,6.18,2.22,0.1,6.34,2.03,3.60083036,15928683065,3.49,37530965833,2.41,4564.31,1.268,16182682681,3.545,235,7796796112,96978978,4565.0,1.268,518.0,5869748935,6807203,0.12%,0,8231358258,431340,431330,8,760225927,480119108,63.155,9521472607,432717574,4.54%,19800791,6729038,33.98%,12468652,9507262908,8355040,0.09%,85035,1030580,1211.95%,0,0,13.96,1.1168,8.9344,0.4188,3.9088000000000007
1,2021-07-20,binaryTrees_21_modified_without_Multithreading,16.0.2,binarytrees.java 21,0.99,0.41,0.61,0.15,0.03,0.26,6.1,2.23,0.11,6.19,2.11,3.548364753,14985440135,3.335,35317885392,2.27,4493.39,1.266,15345783290,3.415,178,7270769898,92908217,4493.95,1.266,920.0,6218865163,7684415,0.12%,0,8010192810,435695,435686,8,756836404,447966544,59.189,8548039996,406007728,4.75%,12720526,5124747,40.29%,7477014,9065735186,9216694,0.10%,39577,989794,2500.93%,0,0,13.34,2.001,8.1374,0.4002,3.4684
2,2021-07-20,binaryTrees_21_modified_without_Multithreading,16.0.2,binarytrees.java 21,0.99,0.41,0.63,0.14,0.02,0.3,5.86,2.14,0.09,6.44,2.1,3.567983399,16440054612,3.611,37242092232,2.29,4552.9,1.276,16759448197,3.681,241,8006467074,95616948,4553.7,1.276,879.0,6205437390,8897729,0.14%,0,8041449900,435373,435364,8,766397367,443731478,57.898,8486392761,407865774,4.81%,15439881,5610570,36.34%,6118555,8848063038,8472250,0.10%,35509,1143900,3221.44%,0,0,14.444,2.0221600000000004,9.099720000000001,0.28888,4.3332
3,2021-07-20,binaryTrees_21_modified_without_Multithreading,16.0.2,binarytrees.java 21,0.99,0.42,0.61,0.14,0.03,0.27,5.98,2.23,0.11,6.86,2.11,3.56183356,16160548096,3.59,36421221018,2.25,4500.98,1.264,15980518437,3.55,200,7404873230,94565107,4501.64,1.264,787.0,6273131302,7225742,0.12%,0,8205859277,434977,434968,8,772555426,450955941,58.372,8619091358,392220777,4.55%,11050592,4405837,39.87%,5274872,8879220673,8867415,0.10%,29713,693256,2333.17%,0,0,14.36,2.0104,8.759599999999999,0.43079999999999996,3.8772
4,2021-07-20,binaryTrees_21_modified_without_Multithreading,16.0.2,binarytrees.java 21,0.99,0.42,0.62,0.14,0.03,0.25,6.1,2.18,0.11,6.21,2.1,3.564316659,15342728993,3.401,35888523212,2.29,4510.34,1.265,15709324328,3.483,219,7527816273,95071892,4511.04,1.266,715.0,6352377173,6729594,0.11%,0,8201195552,435836,435827,8,781999586,459833791,58.802,8771211557,417381770,4.76%,13270591,4359569,32.85%,11984434,8878318186,9210604,0.10%,41824,1184236,2831.47%,0,0,13.604,1.90456,8.434479999999999,0.40812,3.401
5,2021-07-20,binaryTrees_21_modified_without_Multithreading,16.0.2,binarytrees.java 21,0.98,0.42,0.59,0.12,0.03,0.32,6.11,2.21,0.1,6.57,2.08,3.665873691,16963603604,3.632,36753025366,2.25,4669.62,1.274,16753471089,3.587,212,8099574609,103078761,4670.35,1.274,596.0,6781955606,8409357,0.12%,0,8383726988,435908,435897,10,759877383,454969235,59.874,8684581353,410164330,4.72%,13349061,6260509,46.90%,6083115,9076750802,8848488,0.10%,79249,776073,979.28%,0,8,14.528,1.74336,8.57152,0.43584,4.648960000000001
6,2021-07-20,binaryTrees_21_modified_without_Multithreading,16.0.2,binarytrees.java 21,0.99,0.42,0.63,0.14,0.03,0.27,5.98,2.18,0.12,6.31,2.09,3.619702122,15438324799,3.397,35292886044,2.22,4544.46,1.255,15222370126,3.349,238,7159895892,91749733,4545.15,1.256,637.0,6117323477,6957305,0.11%,0,8027400496,434940,434931,8,752265264,460852034,61.262,8414487357,405775722,4.82%,14566693,5287677,36.30%,9225809,8867274946,8866751,0.10%,40772,1123741,2756.16%,0,0,13.588,1.90232,8.56044,0.40763999999999995,3.6687600000000002
7,2021-07-20,binaryTrees_21_modified_without_Multithreading,16.0.2,binarytrees.java 21,0.98,0.41,0.62,0.13,0.03,0.28,6.3,2.26,0.09,6.48,2.06,3.553149939,14915419294,3.316,34403232362,2.23,4497.59,1.266,15277517608,3.397,222,7240833304,92555917,4498.3,1.266,650.0,6283260642,6438628,0.10%,0,7837420672,435755,435746,8,743074753,446052688,60.028,8521010736,409982918,4.81%,17081103,6702592,39.24%,10862607,8984939692,9192266,0.10%,72608,1067278,1469.92%,0,0,13.264,1.72432,8.22368,0.39791999999999994,3.7139200000000003
8,2021-07-20,binaryTrees_21_modified_without_Multithreading,16.0.2,binarytrees.java 21,0.99,0.41,0.63,0.12,0.03,0.29,5.87,2.14,0.11,6.84,2.02,3.646187721,16538765854,3.562,35297451007,2.18,4642.44,1.273,15494720476,3.337,189,7710181607,95809549,4643.16,1.273,608.0,6406104213,7253632,0.11%,0,8141834584,436065,436056,8,732305255,454142704,62.015,8365858828,398969119,4.77%,18513612,6101507,32.96%,10513588,8850471864,8661923,0.10%,71419,805206,1127.44%,0,0,14.248,1.70976,8.976239999999999,0.42744,4.131919999999999
9,2021-07-20,binaryTrees_21_modified_without_Multithreading,16.0.2,binarytrees.java 21,0.98,0.41,0.63,0.14,0.03,0.28,5.9,2.2,0.1,6.37,2.05,3.726487066,16350666324,3.468,36669078341,2.27,4714.64,1.265,16544237672,3.509,208,7699625892,95798135,4715.36,1.265,537.0,6157430087,8488505,0.14%,0,8223226527,436302,436293,8,777169518,466098394,59.974,8786264580,424881816,4.84%,17716752,7387775,41.70%,8567846,9041442057,8662565,0.10%,96588,1114668,1154.04%,0,0,13.872,1.9420800000000003,8.73936,0.41616,3.8841600000000005
10,2021-07-20,binaryTrees_21_modified_without_Multithreading,16.0.2,binarytrees.java 21,0.98,0.41,0.61,0.13,0.03,0.27,6.73,2.31,0.11,6.11,2.04,3.621341164,14648220432,3.213,34500233002,2.28,4558.31,1.259,14904640605,3.27,213,7303295901,93614820,4559.02,1.259,556.0,6272718646,8494815,0.14%,0,7807822886,435737,435728,8,736163387,446414850,60.641,8794387576,410967884,4.67%,15840029,6198627,39.13%,12083222,8860463171,9052550,0.10%,114888,223438,194.48%,0,0,12.852,1.67076,7.83972,0.38556,3.4700400000000005
1,2023-08-22,binaryTrees_21_modified_without_Multithreading,17.0.8.1,binarytrees.java 21,0.99,0.41,0.62,0.1,0.04,0.28,6.31,2.28,0.1,6.9,2.11,3.402381255,15284157078,3.499,35592299139,2.32,4367.58,1.284,15427352864,3.532,221,7160332869,88631916,4368.36,1.284,997.0,6280196206,9149155,0.15%,0,8020475726,433178,433169,8,708867852,427588937,60.32,8361415438,387145584,4.63%,15601022,6396260,41.00%,7277658,8813923625,8720998,0.10%,58600,1055501,1801.20%,0,0,13.996,1.3996000000000002,8.67752,0.55984,3.9188800000000006
2,2023-08-22,binaryTrees_21_modified_without_Multithreading,17.0.8.1,binarytrees.java 21,0.99,0.41,0.64,0.14,0.03,0.25,5.96,2.16,0.11,6.73,2.1,3.564763066,17134239115,3.783,39152898954,2.36,4529.03,1.27,17356863596,3.832,223,8079344372,95356026,4529.8,1.271,971.0,6441211153,7029274,0.11%,0,8248668261,433513,433504,8,758472268,443269634,58.442,8453098010,390459201,4.62%,15058767,5503203,36.54%,8466368,8948657814,8313737,0.09%,31996,1207365,3773.49%,0,0,15.132,2.1184800000000004,9.68448,0.45396,3.783
3,2023-08-22,binaryTrees_21_modified_without_Multithreading,17.0.8.1,binarytrees.java 21,0.99,0.42,0.62,0.13,0.03,0.26,5.97,2.19,0.11,6.33,2.1,3.560136963,15511412855,3.391,35008071524,2.18,4573.57,1.285,15876311849,3.471,196,7616867423,91610938,4574.3,1.285,762.0,5962740388,7722408,0.13%,0,7949652052,429143,429134,8,771536494,450314015,58.366,8752756231,397629418,4.54%,15154720,5362502,35.39%,7022841,9113219710,8627130,0.09%,76053,1115244,1466.40%,0,0,13.564,1.76332,8.40968,0.40692,3.52664
4,2023-08-22,binaryTrees_21_modified_without_Multithreading,17.0.8.1,binarytrees.java 21,0.99,0.41,0.63,0.13,0.03,0.29,5.73,2.13,0.12,6.58,2.1,3.554879951,16833053802,3.687,37593102585,2.31,4565.29,1.284,17129227765,3.752,180,8203251113,95820388,4566.02,1.284,740.0,6319159022,8012066,0.13%,0,8262607721,429984,429975,8,778773173,462253331,59.357,8568497666,403465652,4.71%,13757578,4322004,31.42%,9528517,8746095597,8615474,0.10%,52841,1114483,2109.13%,0,0,14.748,1.91724,9.29124,0.44243999999999994,4.27692
5,2023-08-22,binaryTrees_21_modified_without_Multithreading,17.0.8.1,binarytrees.java 21,0.99,0.42,0.62,0.13,0.03,0.3,5.71,2.07,0.09,6.49,2.09,3.637318754,17150330210,3.667,36731550770,2.19,4675.99,1.286,17410981863,3.723,232,8202397326,101387478,4676.82,1.286,645.0,6422469622,9950464,0.15%,0,8908942566,432912,432899,12,770044774,479016219,62.206,8553143134,407694407,4.77%,17107056,6348011,37.11%,11465632,8922786188,8892886,0.10%,65462,635949,971.48%,0,0,14.668,1.9068399999999999,9.094159999999999,0.44004,4.400399999999999
6,2023-08-22,binaryTrees_21_modified_without_Multithreading,17.0.8.1,binarytrees.java 21,0.99,0.42,0.62,0.12,0.03,0.28,6.22,2.21,0.11,6.92,2.08,3.474566635,16481355024,3.697,38046666854,2.37,4457.24,1.283,16635570239,3.732,210,7764209980,91543315,4457.91,1.283,575.0,6251626552,8380981,0.13%,0,8292801335,433469,433460,8,734030973,439948840,59.936,8362873919,392783690,4.70%,16299967,6827789,41.89%,6062052,8667597914,8051757,0.09%,62810,654222,1041.59%,0,0,14.788,1.77456,9.16856,0.44364,4.14064
7,2023-08-22,binaryTrees_21_modified_without_Multithreading,17.0.8.1,binarytrees.java 21,0.99,0.41,0.64,0.11,0.03,0.26,6.33,2.23,0.09,6.21,2.06,3.552379799,15336757823,3.386,36179409336,2.3,4528.74,1.275,15658829892,3.457,226,7458099927,90058612,4529.55,1.275,663.0,6077386276,9275899,0.15%,0,7881221806,433210,433201,8,753382131,457437969,60.718,8627535769,407486558,4.72%,15663448,5931669,37.87%,8480381,8642690584,8595106,0.10%,82174,1097074,1335.06%,0,0,13.544,1.48984,8.66816,0.40632,3.52144
8,2023-08-22,binaryTrees_21_modified_without_Multithreading,17.0.8.1,binarytrees.java 21,0.99,0.42,0.62,0.15,0.02,0.27,5.96,2.13,0.11,6.36,2.05,3.694560762,16629012690,3.539,36484695075,2.27,4698.47,1.272,16577985010,3.528,200,8104894783,101130893,4699.26,1.272,603.0,6492817479,7670890,0.12%,0,8473848809,430176,430167,8,747516147,452257815,60.501,8618690217,411130291,4.77%,16458233,5239302,31.83%,8307858,9003649492,8702605,0.10%,50491,1039215,2058.22%,0,4,14.156,2.1234,8.776720000000001,0.28312000000000004,3.8221200000000004
9,2023-08-22,binaryTrees_21_modified_without_Multithreading,17.0.8.1,binarytrees.java 21,0.98,0.41,0.64,0.14,0.03,0.24,6.14,2.19,0.09,6.29,2.05,3.695821814,16456305085,3.524,35966338042,2.25,4669.97,1.264,15964218882,3.418,202,7862690191,95218889,4670.74,1.264,608.0,6196710347,7793902,0.13%,0,8229347226,433208,433195,12,788844832,456453179,57.863,8739307951,399434198,4.57%,14832922,5346118,36.04%,6252880,9152329680,8397340,0.09%,92466,1047715,1133.08%,0,0,14.096,1.9734400000000003,9.02144,0.42288,3.38304
10,2023-08-22,binaryTrees_21_modified_without_Multithreading,17.0.8.1,binarytrees.java 21,0.99,0.41,0.62,0.11,0.03,0.26,6.29,2.28,0.1,6.37,2.04,3.566633174,15161589073,3.325,34255167037,2.24,4560.1,1.279,15089853389,3.309,247,7456187804,91846237,4560.89,1.279,548.0,6131339750,8027996,0.13%,0,8138214652,433705,433696,8,755952850,443111490,58.616,8649896535,405589882,4.69%,19203920,8807679,45.86%,7004864,9117228458,8631344,0.09%,97981,1057130,1078.91%,0,0,13.3,1.463,8.246,0.399,3.458
1,2022-07-19,binaryTrees_21_modified_without_Multithreading,18.0.2-ea,binarytrees.java 21,0.99,0.41,0.63,0.11,0.03,0.28,6.61,2.41,0.11,6.83,2.11,3.398832986,14387311931,3.43,34152691569,2.3,4194.55,1.234,14691771792,3.502,242,6934967843,88055056,4195.28,1.234,951.0,6371625485,6235732,0.10%,0,8066726936,421928,421917,10,713112958,426292733,59.779,8626960927,392545450,4.55%,16526675,6824656,41.29%,5509037,9302359225,8120646,0.09%,33468,104586,312.50%,0,0,13.72,1.5092,8.643600000000001,0.4116,3.8416000000000006
2,2022-07-19,binaryTrees_21_modified_without_Multithreading,18.0.2-ea,binarytrees.java 21,0.99,0.41,0.63,0.14,0.03,0.23,6.46,2.38,0.08,6.31,2.11,3.550439959,14489719330,3.347,34373060002,2.26,4328.73,1.219,14698850967,3.395,258,7038069210,90044286,4329.51,1.219,985.0,6036431545,6793348,0.11%,0,8018427134,421575,421565,9,735883917,431296325,58.609,8720345666,399929567,4.59%,12804822,5589407,43.65%,5211979,8957525988,7950022,0.09%,34170,130636,382.31%,0,0,13.388,1.8743200000000002,8.43444,0.40164,3.07924
3,2022-07-19,binaryTrees_21_modified_without_Multithreading,18.0.2-ea,binarytrees.java 21,0.99,0.4,0.64,0.08,0.03,0.32,6.13,2.22,0.11,7.11,2.11,3.391859661,15487159820,3.672,35030857055,2.3,4217.6,1.243,15304399107,3.628,258,6935211934,86433339,4218.4,1.244,880.0,6142220449,6454907,0.11%,0,8142101533,421293,421283,9,771111696,440568473,57.134,8603635120,391576402,4.55%,14991283,7681928,51.24%,5816035,9254936673,9070283,0.10%,8067,74182,919.57%,0,0,14.688,1.17504,9.40032,0.44064,4.70016
4,2022-07-19,binaryTrees_21_modified_without_Multithreading,18.0.2-ea,binarytrees.java 21,0.99,0.4,0.64,0.11,0.03,0.27,6.48,2.38,0.11,6.61,2.11,3.543346611,15008548734,3.449,35874290766,2.35,4350.6,1.228,15373893262,3.533,264,7361295884,94048357,4351.4,1.228,738.0,6323213096,8616959,0.14%,0,8252840314,421986,421975,10,776520686,469641873,60.48,9286587176,403301685,4.34%,13845205,5004337,36.14%,6917436,9096699884,8891487,0.10%,40581,1011396,2492.29%,0,0,13.796,1.51756,8.82944,0.41387999999999997,3.72492
5,2022-07-19,binaryTrees_21_modified_without_Multithreading,18.0.2-ea,binarytrees.java 21,0.99,0.4,0.65,0.08,0.02,0.31,6.31,2.33,0.09,7.05,2.11,3.411984027,14668158435,3.457,34010296571,2.24,4242.48,1.243,14962753680,3.527,264,7138976071,88933920,4243.23,1.244,723.0,6291688276,7114526,0.11%,0,8054268324,421348,421339,8,767399409,449984579,58.638,8814637180,397821410,4.51%,14638327,6509639,44.47%,7292875,9079269483,8790689,0.10%,22677,101816,448.98%,0,0,13.828,1.10624,8.988199999999999,0.27656,4.28668
6,2022-07-19,binaryTrees_21_modified_without_Multithreading,18.0.2-ea,binarytrees.java 21,0.98,0.4,0.65,0.14,0.04,0.25,6.16,2.26,0.11,6.02,2.09,3.598698521,14685194493,3.35,34923193803,2.37,4383.7,1.218,14969463247,3.414,261,7224628676,91989454,4384.5,1.218,728.0,6073860160,7261222,0.12%,0,8078325766,421704,421695,8,743194526,449436451,60.474,8845486177,417426780,4.72%,14512874,5979733,41.20%,6967636,8949370131,8785575,0.10%,51827,947536,1828.27%,0,0,13.4,1.8760000000000003,8.71,0.536,3.35
7,2022-07-19,binaryTrees_21_modified_without_Multithreading,18.0.2-ea,binarytrees.java 21,0.99,0.41,0.64,0.13,0.03,0.28,6.15,2.23,0.09,6.56,2.08,3.635654472,15437683721,3.456,33550539005,2.13,4466.69,1.229,14516701804,3.25,259,6985685446,89523419,4467.51,1.229,571.0,5873850356,6613231,0.11%,0,7887179697,421085,421075,9,746744873,445181989,59.616,8852488485,401318466,4.53%,12850677,5599436,43.57%,4521654,9120076332,8049155,0.09%,39353,337839,858.48%,0,0,13.824,1.79712,8.84736,0.41472,3.8707200000000004
8,2022-07-19,binaryTrees_21_modified_without_Multithreading,18.0.2-ea,binarytrees.java 21,0.99,0.4,0.63,0.13,0.03,0.24,6.47,2.33,0.09,6.04,2.05,3.698181131,14682705855,3.259,34360357862,2.27,4505.5,1.218,15013439433,3.332,245,7376291166,94420209,4506.35,1.219,651.0,6208014416,6587342,0.11%,0,8028769450,421507,421497,9,790120428,461342804,58.389,9178198769,408127944,4.45%,13676382,5167027,37.78%,8011124,8744767310,8097828,0.09%,56690,1087615,1918.53%,0,0,13.036,1.69468,8.21268,0.39108,3.12864
9,2022-07-19,binaryTrees_21_modified_without_Multithreading,18.0.2-ea,binarytrees.java 21,0.99,0.41,0.62,0.13,0.03,0.28,6.55,2.31,0.1,6.36,2.04,3.736317708,15190533274,3.323,33478380032,2.09,4571.31,1.223,14539333370,3.18,282,7215797589,91340310,4572.15,1.224,572.0,6016530007,5508358,0.09%,0,8061321831,421436,421426,9,759184032,460942343,60.715,8722915970,412231697,4.73%,14773694,5514482,37.33%,8450820,9157717285,8276791,0.09%,40151,868360,2162.74%,0,0,13.292,1.72796,8.24104,0.39876,3.72176
10,2022-07-19,binaryTrees_21_modified_without_Multithreading,18.0.2-ea,binarytrees.java 21,0.99,0.41,0.63,0.13,0.03,0.28,6.52,2.34,0.09,6.63,2.04,3.714656514,15594624086,3.427,35418249911,2.24,4550.6,1.225,15359445036,3.375,294,7077624572,90499692,4551.41,1.225,546.0,5967285065,6120749,0.10%,0,8127862832,421094,421083,10,754616848,448522888,59.437,8606469207,399299831,4.64%,14138517,6672154,47.19%,9190300,9291009681,8099424,0.09%,60165,516293,858.13%,0,0,13.708,1.78204,8.63604,0.41124,3.8382400000000003
1,2023-01-17,binaryTrees_21_modified_without_Multithreading,19.0.2,binarytrees.java 21,0.99,0.4,0.66,0.08,0.03,0.29,6.27,2.27,0.09,6.9,2.1,3.379958382,15331120788,3.516,35356933189,2.32,4360.32,1.29,15166890795,3.478,216,6660051648,85433501,4360.98,1.29,992.0,6107668498,8001319,0.13%,0,7778570019,430293,430284,8,709046360,418469540,59.019,8725078111,378618324,4.34%,15083254,5919881,39.25%,7758583,9537086700,8772282,0.09%,24148,1077147,4460.61%,0,0,14.064,1.1251200000000001,9.28224,0.42191999999999996,4.0785599999999995
2,2023-01-17,binaryTrees_21_modified_without_Multithreading,19.0.2,binarytrees.java 21,0.99,0.41,0.63,0.12,0.04,0.27,5.85,2.19,0.09,6.52,2.1,3.503219319,16391280348,3.655,37498488907,2.35,4484.76,1.28,16684535453,3.72,234,7576223814,89378519,4485.46,1.28,914.0,5974903573,7870357,0.13%,0,7926528601,430117,430108,8,738667677,449621751,60.869,8946644249,404285089,4.52%,13939555,5720125,41.04%,4581248,9124625450,7925185,0.09%,17360,758369,4368.49%,0,0,14.62,1.7543999999999997,9.2106,0.5848,3.9474
3,2023-01-17,binaryTrees_21_modified_without_Multithreading,19.0.2,binarytrees.java 21,0.99,0.41,0.61,0.13,0.03,0.29,6.21,2.24,0.11,7.14,2.1,3.408127211,16340354272,3.712,37451157607,2.34,4401.4,1.291,16564413358,3.763,227,7903311954,92092840,4402.21,1.292,802.0,6506705143,9400530,0.14%,0,8257627493,430515,430502,12,705537873,425967068,60.375,8641067349,384718023,4.45%,16600894,7522317,45.31%,7254972,9324020384,8443140,0.09%,14403,737737,5122.11%,0,0,14.848,1.9302400000000002,9.05728,0.44544,4.3059199999999995
4,2023-01-17,binaryTrees_21_modified_without_Multithreading,19.0.2,binarytrees.java 21,0.99,0.41,0.63,0.1,0.03,0.29,6.34,2.26,0.08,7.2,2.1,3.424262091,16233878466,3.654,37187480604,2.32,4442.5,1.297,16445617951,3.702,214,7452011920,90328382,4443.31,1.298,768.0,6061856259,8303638,0.14%,0,7971285247,426835,426826,8,725024394,439140331,60.569,8914872557,388548282,4.36%,13744998,6262801,45.56%,5424839,9375022445,8411066,0.09%,20991,601220,2864.18%,0,0,14.616,1.4616,9.20808,0.43848,4.238639999999999
5,2023-01-17,binaryTrees_21_modified_without_Multithreading,19.0.2,binarytrees.java 21,0.99,0.41,0.62,0.11,0.02,0.3,6.07,2.19,0.1,6.46,2.08,3.576149289,15837191574,3.456,36107574495,2.27,4581.59,1.281,16056369552,3.504,233,7730928014,97934492,4582.37,1.281,626.0,6518556464,7970325,0.12%,0,8338128253,426875,426862,12,735364450,444266323,60.414,8897696267,411303276,4.62%,14936056,5527849,37.01%,7232541,9365749094,8335702,0.09%,49756,575875,1157.40%,0,0,13.824,1.52064,8.57088,0.27648,4.1472
6,2023-01-17,binaryTrees_21_modified_without_Multithreading,19.0.2,binarytrees.java 21,0.99,0.41,0.63,0.11,0.03,0.29,6.24,2.28,0.11,6.55,2.08,3.559535077,16158056498,3.534,36977319615,2.31,4571.69,1.284,16479542306,3.604,200,7952186287,98413117,4572.33,1.285,588.0,6589615366,9013555,0.14%,0,8375898248,430394,430385,8,754213134,448007012,59.401,8815031258,393287354,4.46%,14377046,4972379,34.59%,5342778,9225767452,8281374,0.09%,46029,738845,1605.17%,0,0,14.136,1.55496,8.90568,0.42407999999999996,4.0994399999999995
7,2023-01-17,binaryTrees_21_modified_without_Multithreading,19.0.2,binarytrees.java 21,0.98,0.42,0.62,0.11,0.03,0.26,6.18,2.28,0.11,6.5,2.06,3.606101809,15165066484,3.298,35237899734,2.21,4597.79,1.275,15424988965,3.355,227,7514432458,92921069,4598.63,1.275,561.0,6176595232,9255198,0.15%,0,7956991794,430026,430017,8,742598259,449030561,60.467,8926617941,399179071,4.47%,13149942,5911988,44.96%,8999799,9430557348,8818612,0.09%,75173,131160,174.48%,0,0,13.192,1.45112,8.17904,0.39576,3.42992
8,2023-01-17,binaryTrees_21_modified_without_Multithreading,19.0.2,binarytrees.java 21,0.99,0.41,0.63,0.11,0.03,0.29,6.17,2.26,0.09,6.75,2.06,3.511579896,15798057907,3.513,35731534465,2.28,4496.45,1.28,15608890152,3.471,224,7610199060,93364813,4497.15,1.281,552.0,6411490843,8227401,0.13%,0,7805311650,430130,430121,8,721816717,439711115,60.917,8777838732,397158609,4.52%,15809327,7257523,45.91%,5451121,9339969045,8591229,0.09%,36106,607080,1681.38%,0,0,14.052,1.54572,8.85276,0.42156,4.07508
9,2023-01-17,binaryTrees_21_modified_without_Multithreading,19.0.2,binarytrees.java 21,0.99,0.41,0.64,0.1,0.03,0.32,6.03,2.18,0.11,6.5,2.05,3.647315155,16371856327,3.515,36505819567,2.28,4657.16,1.277,16230786244,3.485,209,7747819011,94063032,4657.92,1.277,651.0,6226599511,7903174,0.13%,0,8062491036,426932,426916,15,735227917,438398091,59.628,8928354409,385772293,4.32%,16680378,5525633,33.13%,10953094,9482116555,8608857,0.09%,71138,1089666,1531.76%,0,0,14.06,1.4060000000000001,8.9984,0.4218,4.4992
10,2023-01-17,binaryTrees_21_modified_without_Multithreading,19.0.2,binarytrees.java 21,0.98,0.41,0.62,0.11,0.03,0.28,6.24,2.22,0.12,6.43,2.06,3.641893262,15695116665,3.381,35635236643,2.23,4642.43,1.275,15475089620,3.333,254,7380987851,91189460,4643.2,1.275,568.0,6216669272,7329837,0.12%,0,7720463592,430578,430569,8,718616944,433127039,60.272,8702033971,380469386,4.37%,14646727,5204069,35.53%,8498662,9486902962,8798400,0.09%,62558,1085734,1735.56%,0,4,13.524,1.4876399999999999,8.384879999999999,0.40571999999999997,3.7867200000000003
1,2023-07-18,binaryTrees_21_modified_without_Multithreading,20.0.2,binarytrees.java 21,0.99,0.4,0.63,0.13,0.02,0.27,6.01,2.14,0.12,6.3,2.1,3.561368979,16530468412,3.624,35839535031,2.22,4560.55,1.281,15966298761,3.501,241,7441288868,93934557,4561.31,1.281,911.0,6909786643,7455651,0.11%,0,8140573177,430904,430895,8,774586208,458214022,59.156,9344635220,403259237,4.32%,15567556,6337665,40.71%,7109409,9789489726,8296025,0.08%,27475,1205702,4388.36%,0,0,14.496,1.8844800000000002,9.132480000000001,0.28992,3.9139200000000005
2,2023-07-18,binaryTrees_21_modified_without_Multithreading,20.0.2,binarytrees.java 21,0.99,0.41,0.63,0.12,0.03,0.26,6.02,2.19,0.11,6.56,2.11,3.554984337,15958206662,3.505,35588746108,2.25,4552.42,1.281,15791544628,3.469,201,7578086395,91551260,4553.22,1.281,801.0,6644532102,8487383,0.13%,0,7939132303,427549,427540,8,755338036,446784642,59.15,9400493820,397122364,4.22%,15181565,5673529,37.37%,6063947,9705977339,8500419,0.09%,30425,880308,2893.37%,0,0,14.02,1.6824,8.8326,0.4206,3.6452
3,2023-07-18,binaryTrees_21_modified_without_Multithreading,20.0.2,binarytrees.java 21,0.99,0.4,0.65,0.12,0.03,0.31,6.14,2.18,0.1,6.56,2.1,3.513485766,15387515501,3.407,35737404081,2.23,4515.63,1.285,15709187743,3.479,206,7348856971,90741574,4516.43,1.285,739.0,6647694058,7469316,0.11%,0,8053509334,427798,427789,8,721620364,447591138,62.026,9497473981,396937118,4.18%,19456058,8454957,43.46%,16411941,9951916226,9171645,0.09%,42189,863102,2045.80%,0,0,13.628,1.63536,8.8582,0.40884,4.22468
4,2023-07-18,binaryTrees_21_modified_without_Multithreading,20.0.2,binarytrees.java 21,0.99,0.4,0.65,0.08,0.03,0.3,6.24,2.3,0.11,6.87,2.1,3.519309339,15734852508,3.495,36179498807,2.26,4501.71,1.279,15298826589,3.398,217,7174649641,91271061,4502.36,1.279,623.0,6852966476,8163632,0.12%,0,7934455707,428982,428973,8,763206078,443348270,58.09,9368161523,407122997,4.35%,13998553,5436328,38.83%,5180695,9617219178,8412972,0.09%,52852,758885,1435.87%,0,0,13.98,1.1184,9.087,0.4194,4.194
5,2023-07-18,binaryTrees_21_modified_without_Multithreading,20.0.2,binarytrees.java 21,0.99,0.4,0.64,0.13,0.03,0.24,6.37,2.26,0.1,5.94,2.08,3.600845887,15102316822,3.312,35787899328,2.27,4560.11,1.266,15444774940,3.387,203,7490104757,90622349,4560.82,1.267,628.0,6660450082,8239095,0.12%,3,7967020030,428514,428502,11,743105427,446947642,60.146,9223904487,389939769,4.23%,16577050,6644008,40.08%,7262619,9925717008,8718243,0.09%,71162,1189623,1671.71%,0,15,13.248,1.72224,8.47872,0.39743999999999996,3.1795199999999997
6,2023-07-18,binaryTrees_21_modified_without_Multithreading,20.0.2,binarytrees.java 21,0.99,0.39,0.66,0.13,0.03,0.26,5.98,2.14,0.13,6.0,2.07,3.625835305,16092887136,3.509,36738131746,2.33,4586.25,1.265,15978820201,3.484,235,7749398013,90859991,4587.01,1.265,557.0,6742598917,8456068,0.13%,3,7946935123,431898,431889,8,733968079,460583215,62.752,9248522678,395304496,4.27%,17269896,6946236,40.22%,13445363,9868333969,9230996,0.09%,62299,1001156,1607.02%,0,0,14.036,1.82468,9.26376,0.42107999999999995,3.64936
7,2023-07-18,binaryTrees_21_modified_without_Multithreading,20.0.2,binarytrees.java 21,0.99,0.4,0.64,0.13,0.03,0.25,6.48,2.29,0.09,6.02,2.05,3.665008337,15718095138,3.409,37512421458,2.35,4610.1,1.258,16026708812,3.476,239,7605360286,91744232,4610.78,1.258,686.0,6684018754,9383266,0.14%,0,7893385397,428769,428760,8,727636452,436993321,60.057,9172242087,387812125,4.23%,15068130,6072837,40.30%,4854651,9615105159,8286307,0.09%,66181,1026508,1551.06%,0,0,13.636,1.77268,8.72704,0.40907999999999994,3.409
8,2023-07-18,binaryTrees_21_modified_without_Multithreading,20.0.2,binarytrees.java 21,0.99,0.41,0.64,0.13,0.03,0.23,6.39,2.26,0.12,6.2,2.03,3.721711757,15582998945,3.331,36717910722,2.27,4677.93,1.257,15862034624,3.391,219,7893528138,98391289,4678.63,1.257,553.0,7020525777,8231202,0.12%,0,8594698969,428757,428748,8,734965421,456507179,62.113,9364698873,394569805,4.21%,16962620,5308767,31.30%,10866304,9788153714,8962059,0.09%,72734,1358111,1867.23%,0,0,13.324,1.73212,8.52736,0.39971999999999996,3.06452
9,2023-07-18,binaryTrees_21_modified_without_Multithreading,20.0.2,binarytrees.java 21,0.99,0.4,0.64,0.12,0.03,0.29,6.14,2.22,0.09,6.5,2.04,3.700412281,16526179530,3.522,37892829093,2.31,4692.33,1.268,16347935243,3.484,250,7739678891,92627641,4693.14,1.268,631.0,6850243827,7555116,0.11%,0,7987603476,428299,428290,8,754300043,447401277,59.313,9111970963,392908299,4.31%,16427511,5977765,36.39%,7054261,9733446375,8368623,0.09%,41861,1165088,2783.23%,0,0,14.088,1.6905599999999998,9.01632,0.42263999999999996,4.08552
10,2023-07-18,binaryTrees_21_modified_without_Multithreading,20.0.2,binarytrees.java 21,0.99,0.4,0.64,0.13,0.02,0.28,6.25,2.22,0.12,5.89,2.04,3.713021577,15025317482,3.186,34987650933,2.23,4715.45,1.27,15410304118,3.268,207,7410180728,94351403,4716.12,1.27,533.0,6704828481,7899478,0.12%,0,8273725739,428262,428253,8,749958400,465364094,62.052,9581986401,401247493,4.19%,18651672,7419853,39.78%,16712737,9885806748,8944297,0.09%,68717,359858,523.68%,0,0,12.744,1.65672,8.15616,0.25488,3.5683200000000004
