test,version,appplication,no_measurement,timestamp,pid,command,time,virt,res,shr,percent_cpu,percent_mem,nTH,P,TIME,SWAP,CODE,DATA,nMaj,nMin,nDRT,USED,tasks_total,tasks_running,tasks_sleeping,tasks_stopped,tasks_zombie,cpu_us,cpu_sy,cpu_ni,cpu_id,cpu_wa,cpu_hi,cpu_si,cpu_st,mem_total,mem_free,mem_used,mem_buff_cache,swap_total,swap_free,swap_used,swap_avail,
1,g++-11 11.4.0,binaryTrees_6.c 21,0,1699554187,368587,binaryTrees_6_g,0:00.16,137452,134104,2816,93.8,0.8,1,0,0:00,0,8,131516,0,32k,0,134104,373,2,277,94,0,11.6,5.1,0.0,83.3,0.0,0.0,0.0,0.0,15794.9 MiB,7206.2 MiB,4243.1 MiB,4345.5 MiB,4096.0 MiB,2510.4 MiB,1585.6 MiB,10927.8 MiB
1,g++-11 11.4.0,binaryTrees_6.c 21,1,1699554188,368587,binaryTrees_6_g,0:01.34,137484,134396,3132,100.0,0.8,1,0,0:01,0,8,131548,0,96k,0,134396,373,2,277,94,0,12.3,0.8,0.0,86.9,0.0,0.0,0.0,0.0,15794.9 MiB,7204.3 MiB,4244.8 MiB,4345.8 MiB,4096.0 MiB,2510.4 MiB,1585.6 MiB,10925.9 MiB
1,g++-11 11.4.0,binaryTrees_6.c 21,2,1699554189,368587,binaryTrees_6_g,0:02.51,137484,134396,3132,100.0,0.8,1,0,0:02,0,8,131548,0,96k,0,134396,373,2,277,94,0,12.8,1.5,0.0,85.7,0.0,0.0,0.0,0.0,15794.9 MiB,7211.9 MiB,4244.1 MiB,4338.8 MiB,4096.0 MiB,2510.4 MiB,1585.6 MiB,10933.5 MiB
1,g++-11 11.4.0,binaryTrees_6.c 21,3,1699554190,368587,binaryTrees_6_g,0:03.68,137484,134396,3132,93.8,0.8,1,0,0:03,0,8,131548,0,96k,0,134396,373,2,277,94,0,12.9,0.8,0.0,86.4,0.0,0.0,0.0,0.0,15794.9 MiB,7211.2 MiB,4244.9 MiB,4338.8 MiB,4096.0 MiB,2510.4 MiB,1585.6 MiB,10932.8 MiB
1,g++-11 11.4.0,binaryTrees_6.c 21,4,1699554191,368587,binaryTrees_6_g,0:04.86,137484,134396,3132,100.0,0.8,1,0,0:04,0,8,131548,0,96k,0,134396,373,2,277,94,0,12.9,0.8,0.0,86.4,0.0,0.0,0.0,0.0,15794.9 MiB,7210.9 MiB,4245.1 MiB,4338.8 MiB,4096.0 MiB,2510.4 MiB,1585.6 MiB,10932.5 MiB
1,g++-11 11.4.0,binaryTrees_6.c 21,5,1699554193,368587,binaryTrees_6_g,0:06.03,137484,134396,3132,100.0,0.8,1,4,0:06,0,8,131548,0,96k,0,134396,373,2,277,94,0,12.9,0.8,0.0,86.4,0.0,0.0,0.0,0.0,15794.9 MiB,7210.7 MiB,4245.4 MiB,4338.8 MiB,4096.0 MiB,2510.4 MiB,1585.6 MiB,10932.3 MiB
1,g++-11 11.4.0,binaryTrees_6.c 21,6,1699554194,368587,binaryTrees_6_g,0:07.20,137484,134396,3132,100.0,0.8,1,4,0:07,0,8,131548,0,96k,0,134396,373,2,277,94,0,13.0,0.8,0.0,86.3,0.0,0.0,0.0,0.0,15794.9 MiB,7209.4 MiB,4246.6 MiB,4338.8 MiB,4096.0 MiB,2510.4 MiB,1585.6 MiB,10931.0 MiB
1,g++-11 11.4.0,binaryTrees_6.c 21,7,1699554195,368587,binaryTrees_6_g,0:08.38,137484,134396,3132,100.0,0.8,1,4,0:08,0,8,131548,0,96k,0,134396,373,2,277,94,0,12.2,0.8,0.0,87.0,0.0,0.0,0.0,0.0,15794.9 MiB,7209.2 MiB,4246.8 MiB,4338.8 MiB,4096.0 MiB,2510.4 MiB,1585.6 MiB,10930.8 MiB
1,g++-11 11.4.0,binaryTrees_6.c 21,8,1699554196,368587,binaryTrees_6_g,0:09.55,137484,134396,3132,100.0,0.8,1,0,0:09,0,8,131548,0,96k,0,134396,373,2,277,94,0,12.9,0.8,0.0,86.4,0.0,0.0,0.0,0.0,15794.9 MiB,7209.2 MiB,4246.8 MiB,4338.8 MiB,4096.0 MiB,2510.4 MiB,1585.6 MiB,10930.8 MiB
1,g++-11 11.4.0,binaryTrees_6.c 21,9,1699554197,368587,binaryTrees_6_g,0:10.72,137484,134396,3132,100.0,0.8,1,0,0:10,0,8,131548,0,96k,0,134396,373,2,277,94,0,12.9,0.8,0.0,86.4,0.0,0.0,0.0,0.0,15794.9 MiB,7210.9 MiB,4245.1 MiB,4338.8 MiB,4096.0 MiB,2510.4 MiB,1585.6 MiB,10932.5 MiB
1,g++-11 11.4.0,binaryTrees_6.c 21,10,1699554198,368587,binaryTrees_6_g,0:11.89,137484,134396,3132,93.8,0.8,1,0,0:11,0,8,131548,0,96k,0,134396,373,2,277,94,0,13.6,0.8,0.0,85.6,0.0,0.0,0.0,0.0,15794.9 MiB,7210.7 MiB,4245.3 MiB,4338.8 MiB,4096.0 MiB,2510.4 MiB,1585.6 MiB,10932.3 MiB
1,g++-11 11.4.0,binaryTrees_6.c 21,11,1699554200,368587,binaryTrees_6_g,0:13.06,137740,134780,3260,93.8,0.8,1,0,0:13,0,8,131804,0,96k,0,134780,373,2,277,94,0,12.2,0.8,0.0,87.0,0.0,0.0,0.0,0.0,15794.9 MiB,7209.9 MiB,4246.1 MiB,4338.8 MiB,4096.0 MiB,2510.4 MiB,1585.6 MiB,10931.5 MiB
1,g++-11 11.4.0,binaryTrees_6.c 21,12,1699554201,368587,binaryTrees_6_g,0:14.24,137740,134780,3260,100.0,0.8,1,0,0:14,0,8,131804,0,96k,0,134780,373,2,277,94,0,12.7,1.5,0.0,85.8,0.0,0.0,0.0,0.0,15794.9 MiB,7209.7 MiB,4246.3 MiB,4338.8 MiB,4096.0 MiB,2510.4 MiB,1585.6 MiB,10931.3 MiB
1,g++-11 11.4.0,binaryTrees_6.c 21,13,1699554202,368587,binaryTrees_6_g,0:15.42,138508,135308,3260,100.0,0.8,1,0,0:15,0,8,132572,0,96k,0,135308,373,2,277,94,0,12.9,1.5,0.0,85.6,0.0,0.0,0.0,0.0,15794.9 MiB,7208.7 MiB,4247.3 MiB,4338.8 MiB,4096.0 MiB,2510.4 MiB,1585.6 MiB,10930.3 MiB
1,g++-11 11.4.0,binaryTrees_6.c 21,14,1699554203,368587,binaryTrees_6_g,0:16.59,138508,135308,3260,100.0,0.8,1,0,0:16,0,8,132572,0,96k,0,135308,373,2,277,94,0,13.0,0.0,0.0,87.0,0.0,0.0,0.0,0.0,15794.9 MiB,7209.0 MiB,4247.1 MiB,4338.8 MiB,4096.0 MiB,2510.4 MiB,1585.6 MiB,10930.6 MiB
1,g++-11 11.4.0,binaryTrees_6.c 21,15,1699554204,368587,binaryTrees_6_g,0:17.76,138508,135308,3260,100.0,0.8,1,0,0:17,0,8,132572,0,96k,0,135308,373,2,277,94,0,12.9,0.8,0.0,86.4,0.0,0.0,0.0,0.0,15794.9 MiB,7208.5 MiB,4247.5 MiB,4338.9 MiB,4096.0 MiB,2510.4 MiB,1585.6 MiB,10930.1 MiB
1,g++-11 11.4.0,binaryTrees_6.c 21,16,1699554206,368587,binaryTrees_6_g,0:18.94,141580,138476,3260,100.0,0.9,1,0,0:18,0,8,135644,0,97k,0,138476,373,2,277,94,0,12.8,1.5,0.0,85.7,0.0,0.0,0.0,0.0,15794.9 MiB,7205.5 MiB,4250.5 MiB,4338.9 MiB,4096.0 MiB,2510.4 MiB,1585.6 MiB,10927.1 MiB
1,g++-11 11.4.0,binaryTrees_6.c 21,17,1699554207,368587,binaryTrees_6_g,0:20.11,141580,138476,3260,100.0,0.9,1,0,0:20,0,8,135644,0,97k,0,138476,373,2,277,94,0,12.8,1.5,0.0,85.7,0.0,0.0,0.0,0.0,15794.9 MiB,7204.8 MiB,4251.2 MiB,4338.9 MiB,4096.0 MiB,2510.4 MiB,1585.6 MiB,10926.4 MiB
1,g++-11 11.4.0,binaryTrees_6.c 21,18,1699554208,368587,binaryTrees_6_g,0:21.27,153868,150884,3260,93.8,0.9,1,0,0:21,0,8,147932,0,100k,0,150884,373,2,277,94,0,12.9,0.8,0.0,86.4,0.0,0.0,0.0,0.0,15794.9 MiB,7192.5 MiB,4263.5 MiB,4338.9 MiB,4096.0 MiB,2510.4 MiB,1585.6 MiB,10914.1 MiB
1,g++-11 11.4.0,binaryTrees_6.c 21,19,1699554209,368587,binaryTrees_6_g,0:22.45,153868,150884,3260,100.0,0.9,1,0,0:22,0,8,147932,0,100k,0,150884,373,2,277,94,0,12.8,2.3,0.0,85.0,0.0,0.0,0.0,0.0,15794.9 MiB,7193.9 MiB,4262.1 MiB,4338.9 MiB,4096.0 MiB,2510.4 MiB,1585.6 MiB,10915.6 MiB
1,g++-11 11.4.0,binaryTrees_6.c 21,20,1699554210,368587,binaryTrees_6_g,0:23.62,153868,150884,3260,100.0,0.9,1,0,0:23,0,8,147932,0,100k,0,150884,373,2,277,94,0,13.6,0.0,0.0,86.4,0.0,0.0,0.0,0.0,15794.9 MiB,7193.9 MiB,4262.1 MiB,4338.9 MiB,4096.0 MiB,2510.4 MiB,1585.6 MiB,10915.6 MiB
1,g++-11 11.4.0,binaryTrees_6.c 21,21,1699554211,368587,binaryTrees_6_g,0:24.80,170252,167132,3260,100.0,1.0,1,0,0:24,0,8,164316,0,248k,0,167132,373,2,277,94,0,12.0,2.3,0.0,85.7,0.0,0.0,0.0,0.0,15794.9 MiB,7194.9 MiB,4261.1 MiB,4338.9 MiB,4096.0 MiB,2510.4 MiB,1585.6 MiB,10916.5 MiB
1,g++-11 11.4.0,binaryTrees_6.c 21,22,1699554213,368587,binaryTrees_6_g,0:25.98,145676,140468,3260,100.0,0.9,1,0,0:25,0,8,139740,0,417k,0,140468,373,2,277,94,0,10.6,3.0,0.0,86.4,0.0,0.0,0.0,0.0,15794.9 MiB,7204.7 MiB,4251.3 MiB,4338.9 MiB,4096.0 MiB,2510.4 MiB,1585.6 MiB,10926.3 MiB
1,g++-11 11.4.0,binaryTrees_6.c 21,23,1699554214,368587,binaryTrees_6_g,0:27.14,203024,199868,3260,93.8,1.2,1,4,0:27,0,8,197088,0,591k,0,199868,373,2,277,94,0,10.8,2.3,0.0,86.9,0.0,0.0,0.0,0.0,15794.9 MiB,7156.6 MiB,4299.4 MiB,4338.9 MiB,4096.0 MiB,2510.4 MiB,1585.6 MiB,10878.2 MiB
2,g++-11 11.4.0,binaryTrees_6.c 21,0,1699554215,368743,binaryTrees_6_g,0:00.16,137452,134184,2892,93.8,0.8,1,4,0:00,0,8,131516,0,32k,0,134184,373,2,277,94,0,12.4,3.6,0.0,83.2,0.7,0.0,0.0,0.0,15794.9 MiB,7204.8 MiB,4244.2 MiB,4345.9 MiB,4096.0 MiB,2510.4 MiB,1585.6 MiB,10926.4 MiB
2,g++-11 11.4.0,binaryTrees_6.c 21,1,1699554216,368743,binaryTrees_6_g,0:01.34,137484,134472,3208,100.0,0.8,1,4,0:01,0,8,131548,0,96k,0,134472,373,2,277,94,0,13.6,0.8,0.0,85.6,0.0,0.0,0.0,0.0,15794.9 MiB,7204.0 MiB,4244.9 MiB,4345.9 MiB,4096.0 MiB,2510.4 MiB,1585.6 MiB,10925.7 MiB
2,g++-11 11.4.0,binaryTrees_6.c 21,2,1699554217,368743,binaryTrees_6_g,0:02.51,137484,134472,3208,93.8,0.8,1,4,0:02,0,8,131548,0,96k,0,134472,373,2,277,94,0,13.0,0.8,0.0,86.3,0.0,0.0,0.0,0.0,15794.9 MiB,7211.7 MiB,4244.1 MiB,4339.1 MiB,4096.0 MiB,2510.4 MiB,1585.6 MiB,10933.3 MiB
2,g++-11 11.4.0,binaryTrees_6.c 21,3,1699554218,368743,binaryTrees_6_g,0:03.69,137484,134472,3208,100.0,0.8,1,4,0:03,0,8,131548,0,96k,0,134472,373,2,277,94,0,12.9,0.8,0.0,86.4,0.0,0.0,0.0,0.0,15794.9 MiB,7211.4 MiB,4244.6 MiB,4338.9 MiB,4096.0 MiB,2510.4 MiB,1585.6 MiB,10933.1 MiB
2,g++-11 11.4.0,binaryTrees_6.c 21,4,1699554220,368743,binaryTrees_6_g,0:04.86,137484,134472,3208,100.0,0.8,1,0,0:04,0,8,131548,0,96k,0,134472,373,2,277,94,0,12.9,0.8,0.0,86.4,0.0,0.0,0.0,0.0,15794.9 MiB,7210.9 MiB,4245.1 MiB,4338.9 MiB,4096.0 MiB,2510.4 MiB,1585.6 MiB,10932.6 MiB
2,g++-11 11.4.0,binaryTrees_6.c 21,5,1699554221,368743,binaryTrees_6_g,0:06.03,137484,134472,3208,100.0,0.8,1,0,0:06,0,8,131548,0,96k,0,134472,373,2,277,94,0,12.9,0.8,0.0,86.4,0.0,0.0,0.0,0.0,15794.9 MiB,7210.4 MiB,4245.5 MiB,4338.9 MiB,4096.0 MiB,2510.4 MiB,1585.6 MiB,10932.1 MiB
2,g++-11 11.4.0,binaryTrees_6.c 21,6,1699554222,368743,binaryTrees_6_g,0:07.21,137484,134472,3208,100.0,0.8,1,0,0:07,0,8,131548,0,96k,0,134472,373,2,277,94,0,12.2,0.8,0.0,87.0,0.0,0.0,0.0,0.0,15794.9 MiB,7209.9 MiB,4246.0 MiB,4338.9 MiB,4096.0 MiB,2510.4 MiB,1585.6 MiB,10931.6 MiB
2,g++-11 11.4.0,binaryTrees_6.c 21,7,1699554223,368743,binaryTrees_6_g,0:08.38,137484,134472,3208,100.0,0.8,1,0,0:08,0,8,131548,0,96k,0,134472,373,2,277,94,0,12.1,1.5,0.0,86.4,0.0,0.0,0.0,0.0,15794.9 MiB,7209.5 MiB,4246.5 MiB,4338.9 MiB,4096.0 MiB,2510.4 MiB,1585.6 MiB,10931.1 MiB
2,g++-11 11.4.0,binaryTrees_6.c 21,8,1699554224,368743,binaryTrees_6_g,0:09.55,137484,134472,3208,100.0,0.8,1,0,0:09,0,8,131548,0,96k,0,134472,373,2,277,94,0,13.6,0.8,0.0,85.6,0.0,0.0,0.0,0.0,15794.9 MiB,7209.0 MiB,4247.0 MiB,4338.9 MiB,4096.0 MiB,2510.4 MiB,1585.6 MiB,10930.6 MiB
2,g++-11 11.4.0,binaryTrees_6.c 21,9,1699554225,368743,binaryTrees_6_g,0:10.72,137484,134472,3208,100.0,0.8,1,0,0:10,0,8,131548,0,96k,0,134472,373,2,277,94,0,12.9,0.8,0.0,86.4,0.0,0.0,0.0,0.0,15794.9 MiB,7208.5 MiB,4247.5 MiB,4338.9 MiB,4096.0 MiB,2510.4 MiB,1585.6 MiB,10930.1 MiB
2,g++-11 11.4.0,binaryTrees_6.c 21,10,1699554227,368743,binaryTrees_6_g,0:11.89,137484,134472,3208,93.8,0.8,1,4,0:11,0,8,131548,0,96k,0,134472,373,2,277,94,0,12.9,0.8,0.0,86.4,0.0,0.0,0.0,0.0,15794.9 MiB,7209.5 MiB,4246.5 MiB,4338.9 MiB,4096.0 MiB,2510.4 MiB,1585.6 MiB,10931.1 MiB
2,g++-11 11.4.0,binaryTrees_6.c 21,11,1699554228,368743,binaryTrees_6_g,0:13.07,137740,134824,3304,100.0,0.8,1,0,0:13,0,8,131804,0,96k,0,134824,373,2,277,94,0,13.0,0.8,0.0,86.3,0.0,0.0,0.0,0.0,15794.9 MiB,7209.5 MiB,4246.5 MiB,4338.9 MiB,4096.0 MiB,2510.4 MiB,1585.6 MiB,10931.1 MiB
2,g++-11 11.4.0,binaryTrees_6.c 21,12,1699554229,368743,binaryTrees_6_g,0:14.24,137740,134824,3304,100.0,0.8,1,0,0:14,0,8,131804,0,96k,0,134824,373,2,277,94,0,12.9,1.5,0.0,85.6,0.0,0.0,0.0,0.0,15794.9 MiB,7209.7 MiB,4246.3 MiB,4338.9 MiB,4096.0 MiB,2510.4 MiB,1585.6 MiB,10931.4 MiB
2,g++-11 11.4.0,binaryTrees_6.c 21,13,1699554230,368743,binaryTrees_6_g,0:15.41,138508,135352,3304,100.0,0.8,1,0,0:15,0,8,132572,0,96k,0,135352,373,2,277,94,0,13.5,0.8,0.0,85.7,0.0,0.0,0.0,0.0,15794.9 MiB,7209.7 MiB,4246.3 MiB,4338.9 MiB,4096.0 MiB,2510.4 MiB,1585.6 MiB,10931.4 MiB
2,g++-11 11.4.0,binaryTrees_6.c 21,14,1699554231,368743,binaryTrees_6_g,0:16.59,138508,135352,3304,100.0,0.8,1,0,0:16,0,8,132572,0,96k,0,135352,373,2,277,94,0,13.0,0.8,0.0,86.3,0.0,0.0,0.0,0.0,15794.9 MiB,7209.7 MiB,4246.3 MiB,4338.9 MiB,4096.0 MiB,2510.4 MiB,1585.6 MiB,10931.4 MiB
2,g++-11 11.4.0,binaryTrees_6.c 21,15,1699554233,368743,binaryTrees_6_g,0:17.76,138508,135352,3304,100.0,0.8,1,0,0:17,0,8,132572,0,96k,0,135352,373,2,277,94,0,12.9,0.8,0.0,86.4,0.0,0.0,0.0,0.0,15794.9 MiB,7209.7 MiB,4246.2 MiB,4338.9 MiB,4096.0 MiB,2510.4 MiB,1585.6 MiB,10931.4 MiB
2,g++-11 11.4.0,binaryTrees_6.c 21,16,1699554234,368743,binaryTrees_6_g,0:18.93,141580,138520,3304,100.0,0.9,1,0,0:18,0,8,135644,0,97k,0,138520,373,2,277,94,0,12.8,0.8,0.0,86.5,0.0,0.0,0.0,0.0,15794.9 MiB,7209.7 MiB,4246.2 MiB,4338.9 MiB,4096.0 MiB,2510.4 MiB,1585.6 MiB,10931.4 MiB
2,g++-11 11.4.0,binaryTrees_6.c 21,17,1699554235,368743,binaryTrees_6_g,0:20.11,141580,138520,3304,100.0,0.9,1,0,0:20,0,8,135644,0,97k,0,138520,373,2,277,94,0,13.0,0.0,0.0,87.0,0.0,0.0,0.0,0.0,15794.9 MiB,7209.7 MiB,4246.2 MiB,4338.9 MiB,4096.0 MiB,2510.4 MiB,1585.6 MiB,10931.4 MiB
2,g++-11 11.4.0,binaryTrees_6.c 21,18,1699554236,368743,binaryTrees_6_g,0:21.28,153868,150928,3304,100.0,0.9,1,0,0:21,0,8,147932,0,100k,0,150928,373,2,277,94,0,12.8,1.5,0.0,85.7,0.0,0.0,0.0,0.0,15794.9 MiB,7202.1 MiB,4253.9 MiB,4338.9 MiB,4096.0 MiB,2510.4 MiB,1585.6 MiB,10923.8 MiB
2,g++-11 11.4.0,binaryTrees_6.c 21,19,1699554237,368743,binaryTrees_6_g,0:22.45,153868,150928,3304,100.0,0.9,1,0,0:22,0,8,147932,0,100k,0,150928,373,2,277,94,0,12.9,0.8,0.0,86.4,0.0,0.0,0.0,0.0,15794.9 MiB,7202.1 MiB,4253.9 MiB,4338.9 MiB,4096.0 MiB,2510.4 MiB,1585.6 MiB,10923.8 MiB
2,g++-11 11.4.0,binaryTrees_6.c 21,20,1699554238,368743,binaryTrees_6_g,0:23.62,153868,150928,3304,93.8,0.9,1,0,0:23,0,8,147932,0,100k,0,150928,373,2,277,94,0,12.8,1.5,0.0,85.7,0.0,0.0,0.0,0.0,15794.9 MiB,7201.1 MiB,4254.8 MiB,4338.9 MiB,4096.0 MiB,2510.4 MiB,1585.6 MiB,10922.8 MiB
2,g++-11 11.4.0,binaryTrees_6.c 21,21,1699554240,368743,binaryTrees_6_g,0:24.79,170252,153184,3304,93.8,0.9,1,0,0:24,0,8,164316,0,244k,0,153184,373,2,277,94,0,10.4,3.7,0.0,85.1,0.0,0.0,0.7,0.0,15794.9 MiB,7201.1 MiB,4254.9 MiB,4338.9 MiB,4096.0 MiB,2510.4 MiB,1585.6 MiB,10922.8 MiB
2,g++-11 11.4.0,binaryTrees_6.c 21,22,1699554241,368743,binaryTrees_6_g,0:25.97,145676,142624,3304,100.0,0.9,1,0,0:25,0,8,139740,0,418k,0,142624,373,2,277,94,0,9.9,3.1,0.0,87.0,0.0,0.0,0.0,0.0,15794.9 MiB,7209.6 MiB,4246.5 MiB,4338.8 MiB,4096.0 MiB,2510.4 MiB,1585.6 MiB,10931.3 MiB
2,g++-11 11.4.0,binaryTrees_6.c 21,23,1699554242,368743,binaryTrees_6_g,0:27.14,170256,167480,3304,93.8,1.0,1,0,0:27,0,8,164320,0,591k,0,167480,373,2,277,94,0,11.3,3.0,0.0,85.7,0.0,0.0,0.0,0.0,15794.9 MiB,7151.6 MiB,4304.5 MiB,4338.8 MiB,4096.0 MiB,2510.4 MiB,1585.6 MiB,10873.3 MiB
3,g++-11 11.4.0,binaryTrees_6.c 21,0,1699554243,368897,binaryTrees_6_g,0:00.16,137452,134252,2968,93.8,0.8,1,0,0:00,0,8,131516,0,32k,0,134252,373,2,277,94,0,13.2,3.7,0.0,83.1,0.0,0.0,0.0,0.0,15794.9 MiB,7207.2 MiB,4241.8 MiB,4345.9 MiB,4096.0 MiB,2510.4 MiB,1585.6 MiB,10928.9 MiB
3,g++-11 11.4.0,binaryTrees_6.c 21,1,1699554244,368897,binaryTrees_6_g,0:01.34,137484,134416,3152,100.0,0.8,1,0,0:01,0,8,131548,0,96k,0,134416,373,2,277,94,0,12.9,0.8,0.0,86.4,0.0,0.0,0.0,0.0,15794.9 MiB,7207.4 MiB,4241.5 MiB,4345.9 MiB,4096.0 MiB,2510.4 MiB,1585.6 MiB,10929.1 MiB
3,g++-11 11.4.0,binaryTrees_6.c 21,2,1699554245,368897,binaryTrees_6_g,0:02.51,137484,134416,3152,100.0,0.8,1,0,0:02,0,8,131548,0,96k,0,134416,373,2,277,94,0,12.8,1.5,0.0,85.7,0.0,0.0,0.0,0.0,15794.9 MiB,7207.9 MiB,4248.0 MiB,4338.9 MiB,4096.0 MiB,2510.4 MiB,1585.6 MiB,10929.6 MiB
3,g++-11 11.4.0,binaryTrees_6.c 21,3,1699554247,368897,binaryTrees_6_g,0:03.68,137484,134416,3152,100.0,0.8,1,0,0:03,0,8,131548,0,96k,0,134416,373,2,277,94,0,13.0,0.8,0.0,86.3,0.0,0.0,0.0,0.0,15794.9 MiB,7207.9 MiB,4248.0 MiB,4338.9 MiB,4096.0 MiB,2510.4 MiB,1585.6 MiB,10929.6 MiB
3,g++-11 11.4.0,binaryTrees_6.c 21,4,1699554248,368897,binaryTrees_6_g,0:04.85,137484,134416,3152,93.8,0.8,1,4,0:04,0,8,131548,0,96k,0,134416,373,2,277,94,0,12.9,0.8,0.0,86.4,0.0,0.0,0.0,0.0,15794.9 MiB,7206.9 MiB,4249.0 MiB,4338.9 MiB,4096.0 MiB,2510.4 MiB,1585.6 MiB,10928.6 MiB
3,g++-11 11.4.0,binaryTrees_6.c 21,5,1699554249,368897,binaryTrees_6_g,0:06.02,137484,134416,3152,100.0,0.8,1,0,0:06,0,8,131548,0,96k,0,134416,373,2,277,94,0,12.3,0.8,0.0,86.9,0.0,0.0,0.0,0.0,15794.9 MiB,7206.7 MiB,4249.2 MiB,4338.9 MiB,4096.0 MiB,2510.4 MiB,1585.6 MiB,10928.4 MiB
3,g++-11 11.4.0,binaryTrees_6.c 21,6,1699554250,368897,binaryTrees_6_g,0:07.20,137484,134416,3152,100.0,0.8,1,0,0:07,0,8,131548,0,96k,0,134416,373,2,277,94,0,12.2,0.8,0.0,87.0,0.0,0.0,0.0,0.0,15794.9 MiB,7206.2 MiB,4249.7 MiB,4338.9 MiB,4096.0 MiB,2510.4 MiB,1585.6 MiB,10927.9 MiB
3,g++-11 11.4.0,binaryTrees_6.c 21,7,1699554251,368897,binaryTrees_6_g,0:08.37,137484,134416,3152,100.0,0.8,1,0,0:08,0,8,131548,0,96k,0,134416,373,2,277,94,0,12.1,1.5,0.0,86.4,0.0,0.0,0.0,0.0,15794.9 MiB,7206.2 MiB,4249.7 MiB,4339.0 MiB,4096.0 MiB,2510.4 MiB,1585.6 MiB,10927.9 MiB
3,g++-11 11.4.0,binaryTrees_6.c 21,8,1699554252,368897,binaryTrees_6_g,0:09.54,137484,134416,3152,93.8,0.8,1,0,0:09,0,8,131548,0,96k,0,134416,373,2,277,94,0,12.2,0.8,0.0,87.0,0.0,0.0,0.0,0.0,15794.9 MiB,7206.9 MiB,4249.0 MiB,4339.0 MiB,4096.0 MiB,2510.4 MiB,1585.6 MiB,10928.7 MiB
3,g++-11 11.4.0,binaryTrees_6.c 21,9,1699554254,368897,binaryTrees_6_g,0:10.72,137484,134416,3152,100.0,0.8,1,0,0:10,0,8,131548,0,96k,0,134416,373,2,277,94,0,12.3,0.8,0.0,86.9,0.0,0.0,0.0,0.0,15794.9 MiB,7206.5 MiB,4249.5 MiB,4339.0 MiB,4096.0 MiB,2510.4 MiB,1585.6 MiB,10928.2 MiB
3,g++-11 11.4.0,binaryTrees_6.c 21,10,1699554255,368897,binaryTrees_6_g,0:11.89,137484,134416,3152,100.0,0.8,1,0,0:11,0,8,131548,0,96k,0,134416,373,2,277,94,0,13.4,1.5,0.0,85.1,0.0,0.0,0.0,0.0,15794.9 MiB,7206.0 MiB,4249.9 MiB,4339.0 MiB,4096.0 MiB,2510.4 MiB,1585.6 MiB,10927.7 MiB
3,g++-11 11.4.0,binaryTrees_6.c 21,11,1699554256,368897,binaryTrees_6_g,0:13.06,137740,134920,3408,100.0,0.8,1,0,0:13,0,8,131804,0,96k,0,134920,373,2,277,94,0,12.8,1.5,0.0,85.7,0.0,0.0,0.0,0.0,15794.9 MiB,7206.0 MiB,4249.9 MiB,4339.0 MiB,4096.0 MiB,2510.4 MiB,1585.6 MiB,10927.7 MiB
3,g++-11 11.4.0,binaryTrees_6.c 21,12,1699554257,368897,binaryTrees_6_g,0:14.24,137740,134920,3408,100.0,0.8,1,0,0:14,0,8,131804,0,96k,0,134920,373,2,277,94,0,13.6,0.8,0.0,85.6,0.0,0.0,0.0,0.0,15794.9 MiB,7206.5 MiB,4249.4 MiB,4339.0 MiB,4096.0 MiB,2510.4 MiB,1585.6 MiB,10928.2 MiB
3,g++-11 11.4.0,binaryTrees_6.c 21,13,1699554258,368897,binaryTrees_6_g,0:15.41,138508,135448,3408,100.0,0.8,1,0,0:15,0,8,132572,0,96k,0,135448,373,2,277,94,0,12.9,0.8,0.0,86.4,0.0,0.0,0.0,0.0,15794.9 MiB,7206.0 MiB,4249.9 MiB,4339.0 MiB,4096.0 MiB,2510.4 MiB,1585.6 MiB,10927.7 MiB
3,g++-11 11.4.0,binaryTrees_6.c 21,14,1699554260,368897,binaryTrees_6_g,0:16.58,138508,135448,3408,100.0,0.8,1,0,0:16,0,8,132572,0,96k,0,135448,373,2,277,94,0,12.8,1.5,0.0,85.7,0.0,0.0,0.0,0.0,15794.9 MiB,7205.7 MiB,4250.1 MiB,4339.0 MiB,4096.0 MiB,2510.4 MiB,1585.6 MiB,10927.5 MiB
3,g++-11 11.4.0,binaryTrees_6.c 21,15,1699554261,368897,binaryTrees_6_g,0:17.76,138508,135448,3408,100.0,0.8,1,0,0:17,0,8,132572,0,96k,0,135448,373,2,277,94,0,12.6,1.5,0.0,85.9,0.0,0.0,0.0,0.0,15794.9 MiB,7205.2 MiB,4250.6 MiB,4339.0 MiB,4096.0 MiB,2510.4 MiB,1585.6 MiB,10927.0 MiB
3,g++-11 11.4.0,binaryTrees_6.c 21,16,1699554262,368897,binaryTrees_6_g,0:18.93,141580,138616,3408,93.8,0.9,1,0,0:18,0,8,135644,0,97k,0,138616,373,2,277,94,0,12.9,0.8,0.0,86.4,0.0,0.0,0.0,0.0,15794.9 MiB,7202.0 MiB,4253.8 MiB,4339.0 MiB,4096.0 MiB,2510.4 MiB,1585.6 MiB,10923.8 MiB
3,g++-11 11.4.0,binaryTrees_6.c 21,17,1699554263,368897,binaryTrees_6_g,0:20.11,141580,138616,3408,100.0,0.9,1,0,0:20,0,8,135644,0,97k,0,138616,373,2,277,94,0,12.9,0.8,0.0,86.4,0.0,0.0,0.0,0.0,15794.9 MiB,7202.0 MiB,4253.8 MiB,4339.0 MiB,4096.0 MiB,2510.4 MiB,1585.6 MiB,10923.8 MiB
3,g++-11 11.4.0,binaryTrees_6.c 21,18,1699554264,368897,binaryTrees_6_g,0:21.28,153868,151024,3408,100.0,0.9,1,0,0:21,0,8,147932,0,100k,0,151024,373,2,277,94,0,12.9,0.8,0.0,86.4,0.0,0.0,0.0,0.0,15794.9 MiB,7190.0 MiB,4265.9 MiB,4339.0 MiB,4096.0 MiB,2510.4 MiB,1585.6 MiB,10911.7 MiB
3,g++-11 11.4.0,binaryTrees_6.c 21,19,1699554265,368897,binaryTrees_6_g,0:22.46,153868,151024,3408,100.0,0.9,1,0,0:22,0,8,147932,0,100k,0,151024,373,2,277,94,0,12.8,1.5,0.0,85.7,0.0,0.0,0.0,0.0,15794.9 MiB,7189.7 MiB,4266.1 MiB,4339.0 MiB,4096.0 MiB,2510.4 MiB,1585.6 MiB,10911.5 MiB
3,g++-11 11.4.0,binaryTrees_6.c 21,20,1699554267,368897,binaryTrees_6_g,0:23.63,153868,151024,3408,100.0,0.9,1,0,0:23,0,8,147932,0,100k,0,151024,373,2,277,94,0,12.2,0.8,0.0,87.0,0.0,0.0,0.0,0.0,15794.9 MiB,7189.7 MiB,4266.1 MiB,4339.0 MiB,4096.0 MiB,2510.4 MiB,1585.6 MiB,10911.5 MiB
3,g++-11 11.4.0,binaryTrees_6.c 21,21,1699554268,368897,binaryTrees_6_g,0:24.81,203024,189984,3408,100.0,1.2,1,0,0:24,0,8,197088,0,253k,0,189984,373,2,277,94,0,10.5,3.0,0.0,86.5,0.0,0.0,0.0,0.0,15794.9 MiB,7171.5 MiB,4284.3 MiB,4339.0 MiB,4096.0 MiB,2510.4 MiB,1585.6 MiB,10893.2 MiB
3,g++-11 11.4.0,binaryTrees_6.c 21,22,1699554269,368897,binaryTrees_6_g,0:25.97,170252,167280,3408,100.0,1.0,1,0,0:25,0,8,164316,0,424k,0,167280,373,3,276,94,0,9.8,4.5,0.0,85.6,0.0,0.0,0.0,0.0,15794.9 MiB,7187.6 MiB,4268.3 MiB,4339.0 MiB,4096.0 MiB,2510.4 MiB,1585.6 MiB,10909.3 MiB
3,g++-11 11.4.0,binaryTrees_6.c 21,23,1699554270,368897,binaryTrees_6_g,0:27.15,145676,142728,3408,100.0,0.9,1,0,0:27,0,8,139740,0,593k,0,142728,373,2,277,94,0,11.3,3.0,0.0,85.7,0.0,0.0,0.0,0.0,15794.9 MiB,7198.8 MiB,4257.0 MiB,4339.0 MiB,4096.0 MiB,2510.4 MiB,1585.6 MiB,10920.6 MiB
4,g++-11 11.4.0,binaryTrees_6.c 21,0,1699554271,369050,binaryTrees_6_g,0:00.17,137452,134248,2964,100.0,0.8,1,4,0:00,0,8,131516,0,32k,0,134248,373,2,277,94,0,10.9,4.4,0.0,84.7,0.0,0.0,0.0,0.0,15794.9 MiB,7191.9 MiB,4257.0 MiB,4346.1 MiB,4096.0 MiB,2510.4 MiB,1585.6 MiB,10913.6 MiB
4,g++-11 11.4.0,binaryTrees_6.c 21,1,1699554272,369050,binaryTrees_6_g,0:01.34,137484,134408,3144,100.0,0.8,1,0,0:01,0,8,131548,0,96k,0,134408,373,2,277,94,0,13.0,0.8,0.0,86.3,0.0,0.0,0.0,0.0,15794.9 MiB,7200.5 MiB,4248.3 MiB,4346.1 MiB,4096.0 MiB,2510.4 MiB,1585.6 MiB,10922.3 MiB
4,g++-11 11.4.0,binaryTrees_6.c 21,2,1699554274,369050,binaryTrees_6_g,0:02.52,137484,134408,3144,100.0,0.8,1,0,0:02,0,8,131548,0,96k,0,134408,373,2,277,94,0,12.8,1.5,0.0,85.7,0.0,0.0,0.0,0.0,15794.9 MiB,7207.4 MiB,4248.3 MiB,4339.2 MiB,4096.0 MiB,2510.4 MiB,1585.6 MiB,10929.2 MiB
4,g++-11 11.4.0,binaryTrees_6.c 21,3,1699554275,369050,binaryTrees_6_g,0:03.69,137484,134408,3144,100.0,0.8,1,0,0:03,0,8,131548,0,96k,0,134408,373,2,277,94,0,12.9,0.8,0.0,86.4,0.0,0.0,0.0,0.0,15794.9 MiB,7207.7 MiB,4248.2 MiB,4339.1 MiB,4096.0 MiB,2510.4 MiB,1585.6 MiB,10929.4 MiB
4,g++-11 11.4.0,binaryTrees_6.c 21,4,1699554276,369050,binaryTrees_6_g,0:04.86,137484,134408,3144,100.0,0.8,1,0,0:04,0,8,131548,0,96k,0,134408,373,2,277,94,0,13.0,0.8,0.0,86.3,0.0,0.0,0.0,0.0,15794.9 MiB,7206.9 MiB,4248.9 MiB,4339.1 MiB,4096.0 MiB,2510.4 MiB,1585.6 MiB,10928.7 MiB
4,g++-11 11.4.0,binaryTrees_6.c 21,5,1699554277,369050,binaryTrees_6_g,0:06.03,137484,134408,3144,93.8,0.8,1,0,0:06,0,8,131548,0,96k,0,134408,373,2,277,94,0,12.9,0.8,0.0,86.4,0.0,0.0,0.0,0.0,15794.9 MiB,7206.9 MiB,4248.9 MiB,4339.1 MiB,4096.0 MiB,2510.4 MiB,1585.6 MiB,10928.7 MiB
4,g++-11 11.4.0,binaryTrees_6.c 21,6,1699554278,369050,binaryTrees_6_g,0:07.20,137484,134408,3144,93.8,0.8,1,0,0:07,0,8,131548,0,96k,0,134408,373,2,277,94,0,12.9,0.8,0.0,86.4,0.0,0.0,0.0,0.0,15794.9 MiB,7205.4 MiB,4250.4 MiB,4339.1 MiB,4096.0 MiB,2510.4 MiB,1585.6 MiB,10927.2 MiB
4,g++-11 11.4.0,binaryTrees_6.c 21,7,1699554279,369050,binaryTrees_6_g,0:08.38,137484,134408,3144,100.0,0.8,1,0,0:08,0,8,131548,0,96k,0,134408,373,2,277,94,0,12.8,1.5,0.0,85.7,0.0,0.0,0.0,0.0,15794.9 MiB,7205.4 MiB,4250.4 MiB,4339.1 MiB,4096.0 MiB,2510.4 MiB,1585.6 MiB,10927.2 MiB
4,g++-11 11.4.0,binaryTrees_6.c 21,8,1699554281,369050,binaryTrees_6_g,0:09.55,137484,134408,3144,93.8,0.8,1,0,0:09,0,8,131548,0,96k,0,134408,373,2,277,94,0,13.0,0.8,0.0,86.3,0.0,0.0,0.0,0.0,15794.9 MiB,7205.4 MiB,4250.4 MiB,4339.1 MiB,4096.0 MiB,2510.4 MiB,1585.6 MiB,10927.2 MiB
4,g++-11 11.4.0,binaryTrees_6.c 21,9,1699554282,369050,binaryTrees_6_g,0:10.72,137484,134408,3144,93.8,0.8,1,0,0:10,0,8,131548,0,96k,0,134408,373,2,277,94,0,12.9,1.5,0.0,85.6,0.0,0.0,0.0,0.0,15794.9 MiB,7204.7 MiB,4251.1 MiB,4339.1 MiB,4096.0 MiB,2510.4 MiB,1585.6 MiB,10926.5 MiB
4,g++-11 11.4.0,binaryTrees_6.c 21,10,1699554283,369050,binaryTrees_6_g,0:11.90,137484,134408,3144,100.0,0.8,1,0,0:11,0,8,131548,0,96k,0,134408,373,2,277,94,0,12.3,0.8,0.0,86.9,0.0,0.0,0.0,0.0,15794.9 MiB,7203.0 MiB,4252.8 MiB,4339.1 MiB,4096.0 MiB,2510.4 MiB,1585.6 MiB,10924.8 MiB
4,g++-11 11.4.0,binaryTrees_6.c 21,11,1699554284,369050,binaryTrees_6_g,0:13.07,137740,134912,3400,100.0,0.8,1,0,0:13,0,8,131804,0,96k,0,134912,373,2,277,94,0,13.0,0.8,0.0,86.3,0.0,0.0,0.0,0.0,15794.9 MiB,7202.7 MiB,4253.0 MiB,4339.2 MiB,4096.0 MiB,2510.4 MiB,1585.6 MiB,10924.5 MiB
4,g++-11 11.4.0,binaryTrees_6.c 21,12,1699554285,369050,binaryTrees_6_g,0:14.24,137740,134912,3400,100.0,0.8,1,0,0:14,0,8,131804,0,96k,0,134912,373,2,277,94,0,12.9,0.8,0.0,86.4,0.0,0.0,0.0,0.0,15794.9 MiB,7202.7 MiB,4253.0 MiB,4339.2 MiB,4096.0 MiB,2510.4 MiB,1585.6 MiB,10924.5 MiB
4,g++-11 11.4.0,binaryTrees_6.c 21,13,1699554287,369050,binaryTrees_6_g,0:15.41,138508,135440,3400,93.8,0.8,1,0,0:15,0,8,132572,0,96k,0,135440,373,2,277,94,0,12.2,0.8,0.0,87.0,0.0,0.0,0.0,0.0,15794.9 MiB,7202.3 MiB,4253.5 MiB,4339.1 MiB,4096.0 MiB,2510.4 MiB,1585.6 MiB,10924.1 MiB
4,g++-11 11.4.0,binaryTrees_6.c 21,14,1699554288,369050,binaryTrees_6_g,0:16.59,138508,135440,3400,100.0,0.8,1,0,0:16,0,8,132572,0,96k,0,135440,373,2,277,94,0,12.9,0.8,0.0,86.4,0.0,0.0,0.0,0.0,15794.9 MiB,7202.2 MiB,4253.5 MiB,4339.1 MiB,4096.0 MiB,2510.4 MiB,1585.6 MiB,10924.1 MiB
4,g++-11 11.4.0,binaryTrees_6.c 21,15,1699554289,369050,binaryTrees_6_g,0:17.76,138508,135440,3400,100.0,0.8,1,0,0:17,0,8,132572,0,96k,0,135440,373,2,277,94,0,12.9,0.8,0.0,86.4,0.0,0.0,0.0,0.0,15794.9 MiB,7202.2 MiB,4253.5 MiB,4339.1 MiB,4096.0 MiB,2510.4 MiB,1585.6 MiB,10924.1 MiB
4,g++-11 11.4.0,binaryTrees_6.c 21,16,1699554290,369050,binaryTrees_6_g,0:18.93,141580,138608,3400,93.8,0.9,1,0,0:18,0,8,135644,0,97k,0,138608,373,2,277,94,0,12.8,1.5,0.0,85.7,0.0,0.0,0.0,0.0,15794.9 MiB,7198.6 MiB,4257.2 MiB,4339.1 MiB,4096.0 MiB,2510.4 MiB,1585.6 MiB,10920.4 MiB
4,g++-11 11.4.0,binaryTrees_6.c 21,17,1699554291,369050,binaryTrees_6_g,0:20.11,141580,138608,3400,100.0,0.9,1,0,0:20,0,8,135644,0,97k,0,138608,373,2,277,94,0,13.0,0.8,0.0,86.3,0.0,0.0,0.0,0.0,15794.9 MiB,7198.1 MiB,4257.7 MiB,4339.1 MiB,4096.0 MiB,2510.4 MiB,1585.6 MiB,10919.9 MiB
4,g++-11 11.4.0,binaryTrees_6.c 21,18,1699554292,369050,binaryTrees_6_g,0:21.28,153868,151016,3400,100.0,0.9,1,0,0:21,0,8,147932,0,100k,0,151016,373,2,277,94,0,12.9,0.8,0.0,86.4,0.0,0.0,0.0,0.0,15794.9 MiB,7186.2 MiB,4269.5 MiB,4339.1 MiB,4096.0 MiB,2510.4 MiB,1585.6 MiB,10908.1 MiB
4,g++-11 11.4.0,binaryTrees_6.c 21,19,1699554294,369050,binaryTrees_6_g,0:22.45,153868,151016,3400,93.8,0.9,1,0,0:22,0,8,147932,0,100k,0,151016,373,2,277,94,0,12.1,1.5,0.0,86.4,0.0,0.0,0.0,0.0,15794.9 MiB,7185.5 MiB,4270.2 MiB,4339.1 MiB,4096.0 MiB,2510.4 MiB,1585.6 MiB,10907.3 MiB
4,g++-11 11.4.0,binaryTrees_6.c 21,20,1699554295,369050,binaryTrees_6_g,0:23.63,153868,151016,3400,100.0,0.9,1,0,0:23,0,8,147932,0,100k,0,151016,373,2,277,94,0,13.5,0.8,0.0,85.7,0.0,0.0,0.0,0.0,15794.9 MiB,7185.5 MiB,4270.2 MiB,4339.1 MiB,4096.0 MiB,2510.4 MiB,1585.6 MiB,10907.3 MiB
4,g++-11 11.4.0,binaryTrees_6.c 21,21,1699554296,369050,binaryTrees_6_g,0:24.80,170256,167576,3400,93.8,1.0,1,0,0:24,0,8,164320,0,240k,0,167576,373,2,277,94,0,9.8,3.8,0.0,86.4,0.0,0.0,0.0,0.0,15794.9 MiB,7161.4 MiB,4294.3 MiB,4339.1 MiB,4096.0 MiB,2510.4 MiB,1585.6 MiB,10883.2 MiB
4,g++-11 11.4.0,binaryTrees_6.c 21,22,1699554297,369050,binaryTrees_6_g,0:25.98,203024,200008,3400,100.0,1.2,1,0,0:25,0,8,197088,0,416k,0,200008,373,2,277,94,0,12.0,2.3,0.0,85.7,0.0,0.0,0.0,0.0,15794.9 MiB,7154.1 MiB,4301.6 MiB,4339.1 MiB,4096.0 MiB,2510.4 MiB,1585.6 MiB,10875.9 MiB
4,g++-11 11.4.0,binaryTrees_6.c 21,23,1699554298,369050,binaryTrees_6_g,0:27.15,170252,167272,3400,100.0,1.0,1,0,0:27,0,8,164316,0,583k,0,167272,373,2,277,94,0,10.6,3.0,0.0,86.4,0.0,0.0,0.0,0.0,15794.9 MiB,7169.2 MiB,4286.5 MiB,4339.1 MiB,4096.0 MiB,2510.4 MiB,1585.6 MiB,10891.1 MiB
5,g++-11 11.4.0,binaryTrees_6.c 21,0,1699554299,369199,binaryTrees_6_g,0:00.16,137452,134220,2932,100.0,0.8,1,4,0:00,0,8,131516,0,32k,0,134220,373,2,277,94,0,11.7,4.4,0.0,83.9,0.0,0.0,0.0,0.0,15794.9 MiB,7188.6 MiB,4260.1 MiB,4346.1 MiB,4096.0 MiB,2510.4 MiB,1585.6 MiB,10910.5 MiB
5,g++-11 11.4.0,binaryTrees_6.c 21,1,1699554301,369199,binaryTrees_6_g,0:01.34,137484,134384,3120,100.0,0.8,1,0,0:01,0,8,131548,0,96k,0,134384,373,2,277,94,0,12.2,0.8,0.0,87.0,0.0,0.0,0.0,0.0,15794.9 MiB,7196.5 MiB,4252.2 MiB,4346.1 MiB,4096.0 MiB,2510.4 MiB,1585.6 MiB,10918.3 MiB
5,g++-11 11.4.0,binaryTrees_6.c 21,2,1699554302,369199,binaryTrees_6_g,0:02.51,137484,134384,3120,100.0,0.8,1,0,0:02,0,8,131548,0,96k,0,134384,373,2,277,94,0,12.8,1.5,0.0,85.7,0.0,0.0,0.0,0.0,15794.9 MiB,7203.7 MiB,4252.1 MiB,4339.1 MiB,4096.0 MiB,2510.4 MiB,1585.6 MiB,10925.5 MiB
5,g++-11 11.4.0,binaryTrees_6.c 21,3,1699554303,369199,binaryTrees_6_g,0:03.68,137484,134384,3120,93.8,0.8,1,0,0:03,0,8,131548,0,96k,0,134384,373,2,277,94,0,12.3,0.8,0.0,86.9,0.0,0.0,0.0,0.0,15794.9 MiB,7203.2 MiB,4252.6 MiB,4339.1 MiB,4096.0 MiB,2510.4 MiB,1585.6 MiB,10925.0 MiB
5,g++-11 11.4.0,binaryTrees_6.c 21,4,1699554304,369199,binaryTrees_6_g,0:04.85,137484,134384,3120,93.8,0.8,1,0,0:04,0,8,131548,0,96k,0,134384,373,2,277,94,0,13.5,0.8,0.0,85.7,0.0,0.0,0.0,0.0,15794.9 MiB,7203.2 MiB,4252.6 MiB,4339.1 MiB,4096.0 MiB,2510.4 MiB,1585.6 MiB,10925.0 MiB
5,g++-11 11.4.0,binaryTrees_6.c 21,5,1699554305,369199,binaryTrees_6_g,0:06.03,137484,134384,3120,100.0,0.8,1,0,0:06,0,8,131548,0,96k,0,134384,373,2,277,94,0,12.2,1.5,0.0,86.3,0.0,0.0,0.0,0.0,15794.9 MiB,7203.2 MiB,4252.6 MiB,4339.1 MiB,4096.0 MiB,2510.4 MiB,1585.6 MiB,10925.0 MiB
5,g++-11 11.4.0,binaryTrees_6.c 21,6,1699554306,369199,binaryTrees_6_g,0:07.20,137484,134384,3120,100.0,0.8,1,0,0:07,0,8,131548,0,96k,0,134384,373,2,277,94,0,13.5,0.8,0.0,85.7,0.0,0.0,0.0,0.0,15794.9 MiB,7202.9 MiB,4252.9 MiB,4339.1 MiB,4096.0 MiB,2510.4 MiB,1585.6 MiB,10924.8 MiB
5,g++-11 11.4.0,binaryTrees_6.c 21,7,1699554308,369199,binaryTrees_6_g,0:08.37,137484,134384,3120,100.0,0.8,1,0,0:08,0,8,131548,0,96k,0,134384,373,2,277,94,0,12.9,1.5,0.0,85.6,0.0,0.0,0.0,0.0,15794.9 MiB,7202.9 MiB,4252.9 MiB,4339.1 MiB,4096.0 MiB,2510.4 MiB,1585.6 MiB,10924.8 MiB
5,g++-11 11.4.0,binaryTrees_6.c 21,8,1699554309,369199,binaryTrees_6_g,0:09.55,137484,134384,3120,100.0,0.8,1,0,0:09,0,8,131548,0,96k,0,134384,373,2,277,94,0,12.2,0.8,0.0,87.0,0.0,0.0,0.0,0.0,15794.9 MiB,7202.9 MiB,4252.9 MiB,4339.1 MiB,4096.0 MiB,2510.4 MiB,1585.6 MiB,10924.8 MiB
5,g++-11 11.4.0,binaryTrees_6.c 21,9,1699554310,369199,binaryTrees_6_g,0:10.72,137484,134384,3120,100.0,0.8,1,0,0:10,0,8,131548,0,96k,0,134384,373,2,277,94,0,13.5,1.5,0.0,85.0,0.0,0.0,0.0,0.0,15794.9 MiB,7202.9 MiB,4252.9 MiB,4339.1 MiB,4096.0 MiB,2510.4 MiB,1585.6 MiB,10924.8 MiB
5,g++-11 11.4.0,binaryTrees_6.c 21,10,1699554311,369199,binaryTrees_6_g,0:11.89,137484,134384,3120,100.0,0.8,1,4,0:11,0,8,131548,0,96k,0,134384,373,2,277,94,0,12.3,0.8,0.0,86.9,0.0,0.0,0.0,0.0,15794.9 MiB,7202.9 MiB,4252.9 MiB,4339.1 MiB,4096.0 MiB,2510.4 MiB,1585.6 MiB,10924.8 MiB
5,g++-11 11.4.0,binaryTrees_6.c 21,11,1699554312,369199,binaryTrees_6_g,0:13.06,137740,134708,3184,100.0,0.8,1,0,0:13,0,8,131804,0,96k,0,134708,373,2,277,94,0,13.0,0.8,0.0,86.3,0.0,0.0,0.0,0.0,15794.9 MiB,7201.9 MiB,4253.8 MiB,4339.1 MiB,4096.0 MiB,2510.4 MiB,1585.6 MiB,10923.8 MiB
5,g++-11 11.4.0,binaryTrees_6.c 21,12,1699554314,369199,binaryTrees_6_g,0:14.23,137740,134708,3184,100.0,0.8,1,0,0:14,0,8,131804,0,96k,0,134708,373,2,277,94,0,12.2,0.8,0.0,86.3,0.0,0.0,0.8,0.0,15794.9 MiB,7201.7 MiB,4254.1 MiB,4339.1 MiB,4096.0 MiB,2510.4 MiB,1585.6 MiB,10923.6 MiB
5,g++-11 11.4.0,binaryTrees_6.c 21,13,1699554315,369199,binaryTrees_6_g,0:15.40,138508,135236,3184,93.8,0.8,1,0,0:15,0,8,132572,0,96k,0,135236,373,3,276,94,0,13.5,0.8,0.0,85.7,0.0,0.0,0.0,0.0,15794.9 MiB,7201.5 MiB,4254.3 MiB,4339.1 MiB,4096.0 MiB,2510.4 MiB,1585.6 MiB,10923.3 MiB
5,g++-11 11.4.0,binaryTrees_6.c 21,14,1699554316,369199,binaryTrees_6_g,0:16.58,138508,135236,3184,100.0,0.8,1,0,0:16,0,8,132572,0,96k,0,135236,373,2,277,94,0,13.0,0.0,0.0,87.0,0.0,0.0,0.0,0.0,15794.9 MiB,7200.7 MiB,4255.0 MiB,4339.1 MiB,4096.0 MiB,2510.4 MiB,1585.6 MiB,10922.6 MiB
5,g++-11 11.4.0,binaryTrees_6.c 21,15,1699554317,369199,binaryTrees_6_g,0:17.75,138508,135236,3184,100.0,0.8,1,0,0:17,0,8,132572,0,96k,0,135236,373,2,277,94,0,12.9,0.8,0.0,86.4,0.0,0.0,0.0,0.0,15794.9 MiB,7202.0 MiB,4253.8 MiB,4339.1 MiB,4096.0 MiB,2510.4 MiB,1585.6 MiB,10923.9 MiB
5,g++-11 11.4.0,binaryTrees_6.c 21,16,1699554318,369199,binaryTrees_6_g,0:18.92,141580,138404,3184,93.8,0.9,1,0,0:18,0,8,135644,0,97k,0,138404,373,2,277,94,0,12.9,0.8,0.0,86.4,0.0,0.0,0.0,0.0,15794.9 MiB,7198.0 MiB,4257.7 MiB,4339.1 MiB,4096.0 MiB,2510.4 MiB,1585.6 MiB,10919.9 MiB
5,g++-11 11.4.0,binaryTrees_6.c 21,17,1699554319,369199,binaryTrees_6_g,0:20.10,141580,138404,3184,100.0,0.9,1,0,0:20,0,8,135644,0,97k,0,138404,373,2,277,94,0,13.1,0.0,0.0,86.9,0.0,0.0,0.0,0.0,15794.9 MiB,7198.0 MiB,4257.7 MiB,4339.1 MiB,4096.0 MiB,2510.4 MiB,1585.6 MiB,10919.9 MiB
5,g++-11 11.4.0,binaryTrees_6.c 21,18,1699554321,369199,binaryTrees_6_g,0:21.28,153868,150812,3184,100.0,0.9,1,0,0:21,0,8,147932,0,100k,0,150812,373,2,277,94,0,13.0,0.8,0.0,86.3,0.0,0.0,0.0,0.0,15794.9 MiB,7185.7 MiB,4270.0 MiB,4339.1 MiB,4096.0 MiB,2510.4 MiB,1585.6 MiB,10907.6 MiB
5,g++-11 11.4.0,binaryTrees_6.c 21,19,1699554322,369199,binaryTrees_6_g,0:22.45,153868,150812,3184,100.0,0.9,1,0,0:22,0,8,147932,0,100k,0,150812,373,2,277,94,0,13.4,0.7,0.0,85.8,0.0,0.0,0.0,0.0,15794.9 MiB,7184.5 MiB,4271.2 MiB,4339.1 MiB,4096.0 MiB,2510.4 MiB,1585.6 MiB,10906.4 MiB
5,g++-11 11.4.0,binaryTrees_6.c 21,20,1699554323,369199,binaryTrees_6_g,0:23.63,153868,150812,3184,100.0,0.9,1,0,0:23,0,8,147932,0,100k,0,150812,373,2,277,94,0,12.9,0.8,0.0,86.4,0.0,0.0,0.0,0.0,15794.9 MiB,7184.3 MiB,4271.5 MiB,4339.1 MiB,4096.0 MiB,2510.4 MiB,1585.6 MiB,10906.2 MiB
5,g++-11 11.4.0,binaryTrees_6.c 21,21,1699554324,369199,binaryTrees_6_g,0:24.80,170252,167056,3184,100.0,1.0,1,0,0:24,0,8,164316,0,248k,0,167056,373,2,277,94,0,9.9,3.1,0.0,87.0,0.0,0.0,0.0,0.0,15794.9 MiB,7169.0 MiB,4286.8 MiB,4339.1 MiB,4096.0 MiB,2510.4 MiB,1585.6 MiB,10890.9 MiB
5,g++-11 11.4.0,binaryTrees_6.c 21,22,1699554325,369199,binaryTrees_6_g,0:25.98,153868,150688,3184,100.0,0.9,1,0,0:25,0,8,147932,0,420k,0,150688,373,2,277,94,0,11.3,3.0,0.0,85.7,0.0,0.0,0.0,0.0,15794.9 MiB,7186.1 MiB,4269.7 MiB,4339.1 MiB,4096.0 MiB,2510.4 MiB,1585.6 MiB,10907.9 MiB
5,g++-11 11.4.0,binaryTrees_6.c 21,23,1699554326,369199,binaryTrees_6_g,0:27.14,170256,167360,3184,100.0,1.0,1,0,0:27,0,8,164320,0,591k,0,167360,373,2,277,94,0,10.6,3.0,0.0,86.4,0.0,0.0,0.0,0.0,15794.9 MiB,7136.5 MiB,4319.2 MiB,4339.1 MiB,4096.0 MiB,2510.4 MiB,1585.6 MiB,10858.4 MiB
6,g++-11 11.4.0,binaryTrees_6.c 21,0,1699554328,369358,binaryTrees_6_g,0:00.16,137452,134252,2968,88.2,0.8,1,0,0:00,0,8,131516,0,32k,0,134252,373,2,277,94,0,12.4,3.6,0.0,83.9,0.0,0.0,0.0,0.0,15794.9 MiB,7192.8 MiB,4255.9 MiB,4346.1 MiB,4096.0 MiB,2510.4 MiB,1585.6 MiB,10914.7 MiB
6,g++-11 11.4.0,binaryTrees_6.c 21,1,1699554329,369358,binaryTrees_6_g,0:01.34,137484,134416,3152,100.0,0.8,1,0,0:01,0,8,131548,0,96k,0,134416,373,2,277,94,0,13.0,0.8,0.0,86.3,0.0,0.0,0.0,0.0,15794.9 MiB,7193.8 MiB,4254.9 MiB,4346.1 MiB,4096.0 MiB,2510.4 MiB,1585.6 MiB,10915.7 MiB
6,g++-11 11.4.0,binaryTrees_6.c 21,2,1699554330,369358,binaryTrees_6_g,0:02.51,137484,134416,3152,100.0,0.8,1,4,0:02,0,8,131548,0,96k,0,134416,373,2,277,94,0,13.1,0.0,0.0,86.9,0.0,0.0,0.0,0.0,15794.9 MiB,7193.3 MiB,4255.4 MiB,4346.1 MiB,4096.0 MiB,2510.4 MiB,1585.6 MiB,10915.2 MiB
6,g++-11 11.4.0,binaryTrees_6.c 21,3,1699554331,369358,binaryTrees_6_g,0:03.68,137484,134416,3152,100.0,0.8,1,0,0:03,0,8,131548,0,96k,0,134416,373,2,277,94,0,12.9,0.8,0.0,86.4,0.0,0.0,0.0,0.0,15794.9 MiB,7199.0 MiB,4256.8 MiB,4339.1 MiB,4096.0 MiB,2510.4 MiB,1585.6 MiB,10920.9 MiB
6,g++-11 11.4.0,binaryTrees_6.c 21,4,1699554332,369358,binaryTrees_6_g,0:04.85,137484,134416,3152,93.8,0.8,1,0,0:04,0,8,131548,0,96k,0,134416,373,2,277,94,0,12.2,0.8,0.0,87.0,0.0,0.0,0.0,0.0,15794.9 MiB,7200.2 MiB,4255.5 MiB,4339.1 MiB,4096.0 MiB,2510.4 MiB,1585.6 MiB,10922.1 MiB
6,g++-11 11.4.0,binaryTrees_6.c 21,5,1699554333,369358,binaryTrees_6_g,0:06.02,137484,134416,3152,93.8,0.8,1,0,0:06,0,8,131548,0,96k,0,134416,373,2,277,94,0,12.9,0.8,0.0,86.4,0.0,0.0,0.0,0.0,15794.9 MiB,7199.5 MiB,4256.3 MiB,4339.1 MiB,4096.0 MiB,2510.4 MiB,1585.6 MiB,10921.4 MiB
6,g++-11 11.4.0,binaryTrees_6.c 21,6,1699554335,369358,binaryTrees_6_g,0:07.20,137484,134416,3152,100.0,0.8,1,0,0:07,0,8,131548,0,96k,0,134416,373,2,277,94,0,12.9,1.5,0.0,85.6,0.0,0.0,0.0,0.0,15794.9 MiB,7199.2 MiB,4256.5 MiB,4339.1 MiB,4096.0 MiB,2510.4 MiB,1585.6 MiB,10921.1 MiB
6,g++-11 11.4.0,binaryTrees_6.c 21,7,1699554336,369358,binaryTrees_6_g,0:08.37,137484,134416,3152,93.8,0.8,1,0,0:08,0,8,131548,0,96k,0,134416,373,2,277,94,0,13.6,0.8,0.0,85.6,0.0,0.0,0.0,0.0,15794.9 MiB,7199.2 MiB,4256.5 MiB,4339.1 MiB,4096.0 MiB,2510.4 MiB,1585.6 MiB,10921.1 MiB
6,g++-11 11.4.0,binaryTrees_6.c 21,8,1699554337,369358,binaryTrees_6_g,0:09.54,137484,134416,3152,93.8,0.8,1,0,0:09,0,8,131548,0,96k,0,134416,373,2,277,94,0,12.9,0.8,0.0,86.4,0.0,0.0,0.0,0.0,15794.9 MiB,7199.0 MiB,4256.8 MiB,4339.1 MiB,4096.0 MiB,2510.4 MiB,1585.6 MiB,10920.9 MiB
6,g++-11 11.4.0,binaryTrees_6.c 21,9,1699554338,369358,binaryTrees_6_g,0:10.72,137484,134416,3152,100.0,0.8,1,0,0:10,0,8,131548,0,96k,0,134416,373,2,277,94,0,13.4,1.5,0.0,85.1,0.0,0.0,0.0,0.0,15794.9 MiB,7199.2 MiB,4256.5 MiB,4339.1 MiB,4096.0 MiB,2510.4 MiB,1585.6 MiB,10921.1 MiB
6,g++-11 11.4.0,binaryTrees_6.c 21,10,1699554339,369358,binaryTrees_6_g,0:11.89,137484,134416,3152,100.0,0.8,1,0,0:11,0,8,131548,0,96k,0,134416,373,2,277,94,0,12.9,0.8,0.0,86.4,0.0,0.0,0.0,0.0,15794.9 MiB,7198.7 MiB,4257.0 MiB,4339.1 MiB,4096.0 MiB,2510.4 MiB,1585.6 MiB,10920.6 MiB
6,g++-11 11.4.0,binaryTrees_6.c 21,11,1699554341,369358,binaryTrees_6_g,0:13.06,137740,134920,3408,93.8,0.8,1,0,0:13,0,8,131804,0,96k,0,134920,373,2,277,94,0,12.9,0.8,0.0,86.4,0.0,0.0,0.0,0.0,15794.9 MiB,7199.0 MiB,4256.7 MiB,4339.1 MiB,4096.0 MiB,2510.4 MiB,1585.6 MiB,10920.9 MiB
6,g++-11 11.4.0,binaryTrees_6.c 21,12,1699554342,369358,binaryTrees_6_g,0:14.24,137740,134920,3408,100.0,0.8,1,0,0:14,0,8,131804,0,96k,0,134920,373,2,277,94,0,12.9,1.5,0.0,85.6,0.0,0.0,0.0,0.0,15794.9 MiB,7198.5 MiB,4257.2 MiB,4339.1 MiB,4096.0 MiB,2510.4 MiB,1585.6 MiB,10920.4 MiB
6,g++-11 11.4.0,binaryTrees_6.c 21,13,1699554343,369358,binaryTrees_6_g,0:15.41,138508,135448,3408,100.0,0.8,1,0,0:15,0,8,132572,0,96k,0,135448,373,2,277,94,0,13.6,0.8,0.0,85.6,0.0,0.0,0.0,0.0,15794.9 MiB,7197.8 MiB,4258.0 MiB,4339.2 MiB,4096.0 MiB,2510.4 MiB,1585.6 MiB,10919.7 MiB
6,g++-11 11.4.0,binaryTrees_6.c 21,14,1699554344,369358,binaryTrees_6_g,0:16.58,138508,135448,3408,100.0,0.8,1,0,0:16,0,8,132572,0,96k,0,135448,373,2,277,94,0,12.9,0.8,0.0,86.4,0.0,0.0,0.0,0.0,15794.9 MiB,7197.3 MiB,4258.4 MiB,4339.2 MiB,4096.0 MiB,2510.4 MiB,1585.6 MiB,10919.2 MiB
6,g++-11 11.4.0,binaryTrees_6.c 21,15,1699554345,369358,binaryTrees_6_g,0:17.76,138508,135448,3408,100.0,0.8,1,0,0:17,0,8,132572,0,96k,0,135448,373,2,277,94,0,12.9,0.8,0.0,86.4,0.0,0.0,0.0,0.0,15794.9 MiB,7197.0 MiB,4258.7 MiB,4339.2 MiB,4096.0 MiB,2510.4 MiB,1585.6 MiB,10918.9 MiB
6,g++-11 11.4.0,binaryTrees_6.c 21,16,1699554346,369358,binaryTrees_6_g,0:18.93,141580,138616,3408,100.0,0.9,1,0,0:18,0,8,135644,0,97k,0,138616,373,2,277,94,0,12.2,0.8,0.0,87.0,0.0,0.0,0.0,0.0,15794.9 MiB,7195.0 MiB,4260.7 MiB,4339.2 MiB,4096.0 MiB,2510.4 MiB,1585.6 MiB,10917.0 MiB
6,g++-11 11.4.0,binaryTrees_6.c 21,17,1699554348,369358,binaryTrees_6_g,0:20.10,141580,138616,3408,100.0,0.9,1,0,0:20,0,8,135644,0,97k,0,138616,373,2,277,94,0,13.4,0.7,0.0,85.8,0.0,0.0,0.0,0.0,15794.9 MiB,7194.3 MiB,4261.4 MiB,4339.2 MiB,4096.0 MiB,2510.4 MiB,1585.6 MiB,10916.2 MiB
6,g++-11 11.4.0,binaryTrees_6.c 21,18,1699554349,369358,binaryTrees_6_g,0:21.28,153868,151024,3408,100.0,0.9,1,0,0:21,0,8,147932,0,100k,0,151024,373,2,277,94,0,12.9,0.8,0.0,86.4,0.0,0.0,0.0,0.0,15794.9 MiB,7182.5 MiB,4273.2 MiB,4339.2 MiB,4096.0 MiB,2510.4 MiB,1585.6 MiB,10904.4 MiB
6,g++-11 11.4.0,binaryTrees_6.c 21,19,1699554350,369358,binaryTrees_6_g,0:22.45,153868,151024,3408,100.0,0.9,1,0,0:22,0,8,147932,0,100k,0,151024,373,2,277,94,0,12.9,0.8,0.0,86.4,0.0,0.0,0.0,0.0,15794.9 MiB,7183.0 MiB,4272.7 MiB,4339.2 MiB,4096.0 MiB,2510.4 MiB,1585.6 MiB,10904.9 MiB
6,g++-11 11.4.0,binaryTrees_6.c 21,20,1699554351,369358,binaryTrees_6_g,0:23.62,153868,151024,3408,93.8,0.9,1,0,0:23,0,8,147932,0,100k,0,151024,373,2,277,94,0,12.9,0.8,0.0,86.4,0.0,0.0,0.0,0.0,15794.9 MiB,7182.7 MiB,4273.0 MiB,4339.2 MiB,4096.0 MiB,2510.4 MiB,1585.6 MiB,10904.7 MiB
6,g++-11 11.4.0,binaryTrees_6.c 21,21,1699554352,369358,binaryTrees_6_g,0:24.80,153868,150912,3408,100.0,0.9,1,0,0:24,0,8,147932,0,244k,0,150912,373,2,277,94,0,11.5,2.3,0.0,86.3,0.0,0.0,0.0,0.0,15794.9 MiB,7183.7 MiB,4272.0 MiB,4339.2 MiB,4096.0 MiB,2510.4 MiB,1585.6 MiB,10905.6 MiB
6,g++-11 11.4.0,binaryTrees_6.c 21,22,1699554353,369358,binaryTrees_6_g,0:25.98,139532,136656,3408,100.0,0.8,1,0,0:25,0,8,133596,0,416k,0,136656,373,2,277,94,0,9.9,3.1,0.0,87.0,0.0,0.0,0.0,0.0,15794.9 MiB,7158.3 MiB,4297.4 MiB,4339.2 MiB,4096.0 MiB,2510.4 MiB,1585.6 MiB,10880.2 MiB
6,g++-11 11.4.0,binaryTrees_6.c 21,23,1699554355,369358,binaryTrees_6_g,0:27.15,203024,200016,3408,100.0,1.2,1,0,0:27,0,8,197088,0,591k,0,200016,373,2,277,94,0,9.9,3.8,0.0,86.3,0.0,0.0,0.0,0.0,15794.9 MiB,7134.5 MiB,4321.2 MiB,4339.2 MiB,4096.0 MiB,2510.4 MiB,1585.6 MiB,10856.4 MiB
7,g++-11 11.4.0,binaryTrees_6.c 21,0,1699554356,369507,binaryTrees_6_g,0:00.17,137452,134148,2860,100.0,0.8,1,7,0:00,0,8,131516,0,32k,0,134148,373,2,277,94,0,11.7,3.6,0.0,84.7,0.0,0.0,0.0,0.0,15794.9 MiB,7190.8 MiB,4258.1 MiB,4346.0 MiB,4096.0 MiB,2510.4 MiB,1585.6 MiB,10912.7 MiB
7,g++-11 11.4.0,binaryTrees_6.c 21,1,1699554357,369507,binaryTrees_6_g,0:01.34,137484,134440,3176,100.0,0.8,1,7,0:01,0,8,131548,0,96k,0,134440,373,2,277,94,0,13.0,0.8,0.0,86.3,0.0,0.0,0.0,0.0,15794.9 MiB,7197.5 MiB,4251.2 MiB,4346.2 MiB,4096.0 MiB,2510.4 MiB,1585.6 MiB,10919.4 MiB
7,g++-11 11.4.0,binaryTrees_6.c 21,2,1699554358,369507,binaryTrees_6_g,0:02.51,137484,134440,3176,100.0,0.8,1,7,0:02,0,8,131548,0,96k,0,134440,373,2,277,94,0,13.6,0.0,0.0,86.4,0.0,0.0,0.0,0.0,15794.9 MiB,7197.5 MiB,4251.2 MiB,4346.2 MiB,4096.0 MiB,2510.4 MiB,1585.6 MiB,10919.4 MiB
7,g++-11 11.4.0,binaryTrees_6.c 21,3,1699554359,369507,binaryTrees_6_g,0:03.68,137484,134440,3176,100.0,0.8,1,7,0:03,0,8,131548,0,96k,0,134440,373,2,277,94,0,12.9,0.8,0.0,86.4,0.0,0.0,0.0,0.0,15794.9 MiB,7198.4 MiB,4257.2 MiB,4339.2 MiB,4096.0 MiB,2510.4 MiB,1585.6 MiB,10920.4 MiB
7,g++-11 11.4.0,binaryTrees_6.c 21,4,1699554360,369507,binaryTrees_6_g,0:04.85,137484,134440,3176,93.8,0.8,1,7,0:04,0,8,131548,0,96k,0,134440,373,2,277,94,0,13.0,0.0,0.0,87.0,0.0,0.0,0.0,0.0,15794.9 MiB,7198.4 MiB,4257.2 MiB,4339.2 MiB,4096.0 MiB,2510.4 MiB,1585.6 MiB,10920.4 MiB
7,g++-11 11.4.0,binaryTrees_6.c 21,5,1699554362,369507,binaryTrees_6_g,0:06.03,137484,134440,3176,100.0,0.8,1,7,0:06,0,8,131548,0,96k,0,134440,373,2,277,94,0,12.9,0.8,0.0,86.4,0.0,0.0,0.0,0.0,15794.9 MiB,7198.9 MiB,4256.7 MiB,4339.2 MiB,4096.0 MiB,2510.4 MiB,1585.6 MiB,10920.9 MiB
7,g++-11 11.4.0,binaryTrees_6.c 21,6,1699554363,369507,binaryTrees_6_g,0:07.20,137484,134440,3176,100.0,0.8,1,3,0:07,0,8,131548,0,96k,0,134440,373,2,277,94,0,13.6,0.0,0.0,86.4,0.0,0.0,0.0,0.0,15794.9 MiB,7198.9 MiB,4256.8 MiB,4339.2 MiB,4096.0 MiB,2510.4 MiB,1585.6 MiB,10920.9 MiB
7,g++-11 11.4.0,binaryTrees_6.c 21,7,1699554364,369507,binaryTrees_6_g,0:08.37,137484,134440,3176,100.0,0.8,1,3,0:08,0,8,131548,0,96k,0,134440,373,2,277,94,0,12.8,1.5,0.0,85.7,0.0,0.0,0.0,0.0,15794.9 MiB,7198.7 MiB,4257.0 MiB,4339.2 MiB,4096.0 MiB,2510.4 MiB,1585.6 MiB,10920.6 MiB
7,g++-11 11.4.0,binaryTrees_6.c 21,8,1699554365,369507,binaryTrees_6_g,0:09.55,137484,134440,3176,100.0,0.8,1,3,0:09,0,8,131548,0,96k,0,134440,373,2,277,94,0,12.9,1.5,0.0,85.6,0.0,0.0,0.0,0.0,15794.9 MiB,7199.4 MiB,4256.2 MiB,4339.2 MiB,4096.0 MiB,2510.4 MiB,1585.6 MiB,10921.4 MiB
7,g++-11 11.4.0,binaryTrees_6.c 21,9,1699554366,369507,binaryTrees_6_g,0:10.72,137484,134440,3176,100.0,0.8,1,3,0:10,0,8,131548,0,96k,0,134440,373,2,277,94,0,12.8,1.5,0.0,85.7,0.0,0.0,0.0,0.0,15794.9 MiB,7197.9 MiB,4257.7 MiB,4339.3 MiB,4096.0 MiB,2510.4 MiB,1585.6 MiB,10919.9 MiB
7,g++-11 11.4.0,binaryTrees_6.c 21,10,1699554367,369507,binaryTrees_6_g,0:11.89,137484,134440,3176,100.0,0.8,1,3,0:11,0,8,131548,0,96k,0,134440,373,2,277,94,0,12.9,0.8,0.0,86.4,0.0,0.0,0.0,0.0,15794.9 MiB,7197.9 MiB,4257.7 MiB,4339.3 MiB,4096.0 MiB,2510.4 MiB,1585.6 MiB,10919.9 MiB
7,g++-11 11.4.0,binaryTrees_6.c 21,11,1699554369,369507,binaryTrees_6_g,0:13.07,137740,134824,3304,100.0,0.8,1,3,0:13,0,8,131804,0,96k,0,134824,373,2,277,94,0,12.9,1.5,0.0,85.6,0.0,0.0,0.0,0.0,15794.9 MiB,7197.9 MiB,4257.7 MiB,4339.3 MiB,4096.0 MiB,2510.4 MiB,1585.6 MiB,10919.9 MiB
7,g++-11 11.4.0,binaryTrees_6.c 21,12,1699554370,369507,binaryTrees_6_g,0:14.24,137740,134824,3304,100.0,0.8,1,7,0:14,0,8,131804,0,96k,0,134824,373,2,277,94,0,13.1,0.0,0.0,86.9,0.0,0.0,0.0,0.0,15794.9 MiB,7197.9 MiB,4257.7 MiB,4339.2 MiB,4096.0 MiB,2510.4 MiB,1585.6 MiB,10919.9 MiB
7,g++-11 11.4.0,binaryTrees_6.c 21,13,1699554371,369507,binaryTrees_6_g,0:15.41,138508,135352,3304,100.0,0.8,1,7,0:15,0,8,132572,0,96k,0,135352,373,2,277,94,0,12.8,1.5,0.0,85.7,0.0,0.0,0.0,0.0,15794.9 MiB,7197.9 MiB,4257.7 MiB,4339.2 MiB,4096.0 MiB,2510.4 MiB,1585.6 MiB,10919.9 MiB
7,g++-11 11.4.0,binaryTrees_6.c 21,14,1699554372,369507,binaryTrees_6_g,0:16.59,138508,135352,3304,100.0,0.8,1,7,0:16,0,8,132572,0,96k,0,135352,373,2,277,94,0,14.4,0.0,0.0,85.6,0.0,0.0,0.0,0.0,15794.9 MiB,7197.9 MiB,4257.7 MiB,4339.2 MiB,4096.0 MiB,2510.4 MiB,1585.6 MiB,10919.9 MiB
7,g++-11 11.4.0,binaryTrees_6.c 21,15,1699554373,369507,binaryTrees_6_g,0:17.76,138508,135352,3304,100.0,0.8,1,3,0:17,0,8,132572,0,96k,0,135352,372,2,276,94,0,12.3,0.8,0.0,86.9,0.0,0.0,0.0,0.0,15794.9 MiB,7197.0 MiB,4258.7 MiB,4339.2 MiB,4096.0 MiB,2510.4 MiB,1585.6 MiB,10919.0 MiB
7,g++-11 11.4.0,binaryTrees_6.c 21,16,1699554375,369507,binaryTrees_6_g,0:18.93,141580,138520,3304,100.0,0.9,1,3,0:18,0,8,135644,0,97k,0,138520,372,2,276,94,0,12.9,0.8,0.0,86.4,0.0,0.0,0.0,0.0,15794.9 MiB,7194.5 MiB,4261.1 MiB,4339.2 MiB,4096.0 MiB,2510.4 MiB,1585.6 MiB,10916.5 MiB
7,g++-11 11.4.0,binaryTrees_6.c 21,17,1699554376,369507,binaryTrees_6_g,0:20.11,141580,138520,3304,100.0,0.9,1,3,0:20,0,8,135644,0,97k,0,138520,373,2,277,94,0,12.9,0.8,0.0,86.4,0.0,0.0,0.0,0.0,15794.9 MiB,7194.5 MiB,4261.1 MiB,4339.2 MiB,4096.0 MiB,2510.4 MiB,1585.6 MiB,10916.5 MiB
7,g++-11 11.4.0,binaryTrees_6.c 21,18,1699554377,369507,binaryTrees_6_g,0:21.28,153868,150928,3304,100.0,0.9,1,3,0:21,0,8,147932,0,100k,0,150928,373,2,277,94,0,12.8,0.8,0.0,86.5,0.0,0.0,0.0,0.0,15794.9 MiB,7183.5 MiB,4272.2 MiB,4339.2 MiB,4096.0 MiB,2510.4 MiB,1585.6 MiB,10905.5 MiB
7,g++-11 11.4.0,binaryTrees_6.c 21,19,1699554378,369507,binaryTrees_6_g,0:22.45,153868,150928,3304,100.0,0.9,1,3,0:22,0,8,147932,0,100k,0,150928,373,2,277,94,0,12.9,0.8,0.0,86.4,0.0,0.0,0.0,0.0,15794.9 MiB,7184.9 MiB,4270.7 MiB,4339.2 MiB,4096.0 MiB,2510.4 MiB,1585.6 MiB,10906.9 MiB
7,g++-11 11.4.0,binaryTrees_6.c 21,20,1699554379,369507,binaryTrees_6_g,0:23.63,153868,150928,3304,100.0,0.9,1,3,0:23,0,8,147932,0,100k,0,150928,373,2,277,94,0,12.1,1.5,0.0,86.4,0.0,0.0,0.0,0.0,15794.9 MiB,7184.7 MiB,4271.0 MiB,4339.2 MiB,4096.0 MiB,2510.4 MiB,1585.6 MiB,10906.7 MiB
7,g++-11 11.4.0,binaryTrees_6.c 21,21,1699554380,369507,binaryTrees_6_g,0:24.80,203024,199912,3304,93.8,1.2,1,3,0:24,0,8,197088,0,240k,0,199912,373,2,277,94,0,11.3,2.3,0.0,86.5,0.0,0.0,0.0,0.0,15794.9 MiB,7158.4 MiB,4297.2 MiB,4339.2 MiB,4096.0 MiB,2510.4 MiB,1585.6 MiB,10880.4 MiB
7,g++-11 11.4.0,binaryTrees_6.c 21,22,1699554382,369507,binaryTrees_6_g,0:25.97,170252,167176,3304,100.0,1.0,1,3,0:25,0,8,164316,0,408k,0,167176,373,2,277,94,0,12.1,1.5,0.0,86.4,0.0,0.0,0.0,0.0,15794.9 MiB,7181.4 MiB,4274.2 MiB,4339.2 MiB,4096.0 MiB,2510.4 MiB,1585.6 MiB,10903.4 MiB
7,g++-11 11.4.0,binaryTrees_6.c 21,23,1699554383,369507,binaryTrees_6_g,0:27.14,145676,142624,3304,93.8,0.9,1,3,0:27,0,8,139740,0,577k,0,142624,373,2,277,94,0,9.8,4.5,0.0,85.7,0.0,0.0,0.0,0.0,15794.9 MiB,7201.8 MiB,4253.8 MiB,4339.2 MiB,4096.0 MiB,2510.4 MiB,1585.6 MiB,10923.8 MiB
8,g++-11 11.4.0,binaryTrees_6.c 21,0,1699554384,369662,binaryTrees_6_g,0:00.16,137452,134152,2856,93.8,0.8,1,4,0:00,0,8,131516,0,32k,0,134152,374,2,278,94,0,13.2,2.2,0.0,84.6,0.0,0.0,0.0,0.0,15794.9 MiB,7199.2 MiB,4249.5 MiB,4346.2 MiB,4096.0 MiB,2510.4 MiB,1585.6 MiB,10921.2 MiB
8,g++-11 11.4.0,binaryTrees_6.c 21,1,1699554385,369662,binaryTrees_6_g,0:01.34,137484,134360,3092,100.0,0.8,1,4,0:01,0,8,131548,0,96k,0,134360,374,2,278,94,0,12.9,0.8,0.0,86.4,0.0,0.0,0.0,0.0,15794.9 MiB,7199.9 MiB,4248.7 MiB,4346.2 MiB,4096.0 MiB,2510.4 MiB,1585.6 MiB,10921.9 MiB
8,g++-11 11.4.0,binaryTrees_6.c 21,2,1699554386,369662,binaryTrees_6_g,0:02.52,137484,134360,3092,100.0,0.8,1,4,0:02,0,8,131548,0,96k,0,134360,374,2,278,94,0,12.2,0.8,0.0,87.0,0.0,0.0,0.0,0.0,15794.9 MiB,7206.8 MiB,4248.7 MiB,4339.4 MiB,4096.0 MiB,2510.4 MiB,1585.6 MiB,10928.8 MiB
8,g++-11 11.4.0,binaryTrees_6.c 21,3,1699554387,369662,binaryTrees_6_g,0:03.69,137484,134360,3092,100.0,0.8,1,0,0:03,0,8,131548,0,96k,0,134360,373,2,277,94,0,12.9,0.8,0.0,85.6,0.0,0.0,0.8,0.0,15794.9 MiB,7206.8 MiB,4248.8 MiB,4339.2 MiB,4096.0 MiB,2510.4 MiB,1585.6 MiB,10928.8 MiB
8,g++-11 11.4.0,binaryTrees_6.c 21,4,1699554389,369662,binaryTrees_6_g,0:04.86,137484,134360,3092,100.0,0.8,1,0,0:04,0,8,131548,0,96k,0,134360,373,2,277,94,0,12.1,1.5,0.0,86.4,0.0,0.0,0.0,0.0,15794.9 MiB,7206.1 MiB,4249.5 MiB,4339.2 MiB,4096.0 MiB,2510.4 MiB,1585.6 MiB,10928.1 MiB
8,g++-11 11.4.0,binaryTrees_6.c 21,5,1699554390,369662,binaryTrees_6_g,0:06.03,137484,134360,3092,93.8,0.8,1,0,0:06,0,8,131548,0,96k,0,134360,373,2,277,94,0,12.1,1.5,0.0,86.4,0.0,0.0,0.0,0.0,15794.9 MiB,7205.6 MiB,4250.0 MiB,4339.3 MiB,4096.0 MiB,2510.4 MiB,1585.6 MiB,10927.6 MiB
8,g++-11 11.4.0,binaryTrees_6.c 21,6,1699554391,369662,binaryTrees_6_g,0:07.21,137484,134360,3092,100.0,0.8,1,0,0:07,0,8,131548,0,96k,0,134360,373,2,277,94,0,13.5,0.8,0.0,85.7,0.0,0.0,0.0,0.0,15794.9 MiB,7205.3 MiB,4250.3 MiB,4339.3 MiB,4096.0 MiB,2510.4 MiB,1585.6 MiB,10927.4 MiB
8,g++-11 11.4.0,binaryTrees_6.c 21,7,1699554392,369662,binaryTrees_6_g,0:08.38,137484,134360,3092,100.0,0.8,1,0,0:08,0,8,131548,0,96k,0,134360,373,2,277,94,0,12.9,0.8,0.0,86.4,0.0,0.0,0.0,0.0,15794.9 MiB,7206.3 MiB,4249.3 MiB,4339.3 MiB,4096.0 MiB,2510.4 MiB,1585.6 MiB,10928.4 MiB
8,g++-11 11.4.0,binaryTrees_6.c 21,8,1699554393,369662,binaryTrees_6_g,0:09.55,137484,134360,3092,93.8,0.8,1,0,0:09,0,8,131548,0,96k,0,134360,373,2,277,94,0,13.0,0.8,0.0,86.3,0.0,0.0,0.0,0.0,15794.9 MiB,7206.1 MiB,4249.5 MiB,4339.3 MiB,4096.0 MiB,2510.4 MiB,1585.6 MiB,10928.1 MiB
8,g++-11 11.4.0,binaryTrees_6.c 21,9,1699554394,369662,binaryTrees_6_g,0:10.72,137484,134360,3092,93.8,0.8,1,0,0:10,0,8,131548,0,96k,0,134360,373,2,277,94,0,13.0,0.8,0.0,86.3,0.0,0.0,0.0,0.0,15794.9 MiB,7205.8 MiB,4249.8 MiB,4339.3 MiB,4096.0 MiB,2510.4 MiB,1585.6 MiB,10927.9 MiB
8,g++-11 11.4.0,binaryTrees_6.c 21,10,1699554396,369662,binaryTrees_6_g,0:11.90,137484,134360,3092,100.0,0.8,1,0,0:11,0,8,131548,0,96k,0,134360,373,2,277,94,0,12.8,1.5,0.0,85.7,0.0,0.0,0.0,0.0,15794.9 MiB,7206.1 MiB,4249.5 MiB,4339.3 MiB,4096.0 MiB,2510.4 MiB,1585.6 MiB,10928.1 MiB
8,g++-11 11.4.0,binaryTrees_6.c 21,11,1699554397,369662,binaryTrees_6_g,0:13.07,137740,134804,3284,100.0,0.8,1,0,0:13,0,8,131804,0,96k,0,134804,373,2,277,94,0,12.9,0.8,0.0,86.4,0.0,0.0,0.0,0.0,15794.9 MiB,7206.1 MiB,4249.5 MiB,4339.3 MiB,4096.0 MiB,2510.4 MiB,1585.6 MiB,10928.1 MiB
8,g++-11 11.4.0,binaryTrees_6.c 21,12,1699554398,369662,binaryTrees_6_g,0:14.24,137740,134804,3284,93.8,0.8,1,0,0:14,0,8,131804,0,96k,0,134804,373,2,277,94,0,12.9,0.8,0.0,86.4,0.0,0.0,0.0,0.0,15794.9 MiB,7205.4 MiB,4250.2 MiB,4339.3 MiB,4096.0 MiB,2510.4 MiB,1585.6 MiB,10927.4 MiB
8,g++-11 11.4.0,binaryTrees_6.c 21,13,1699554399,369662,binaryTrees_6_g,0:15.42,138508,135332,3284,100.0,0.8,1,0,0:15,0,8,132572,0,96k,0,135332,373,2,277,94,0,12.2,0.8,0.0,87.0,0.0,0.0,0.0,0.0,15794.9 MiB,7204.6 MiB,4251.0 MiB,4339.3 MiB,4096.0 MiB,2510.4 MiB,1585.6 MiB,10926.7 MiB
8,g++-11 11.4.0,binaryTrees_6.c 21,14,1699554400,369662,binaryTrees_6_g,0:16.59,138508,135332,3284,100.0,0.8,1,0,0:16,0,8,132572,0,96k,0,135332,373,2,277,94,0,12.9,0.8,0.0,86.4,0.0,0.0,0.0,0.0,15794.9 MiB,7205.4 MiB,4250.2 MiB,4339.3 MiB,4096.0 MiB,2510.4 MiB,1585.6 MiB,10927.4 MiB
8,g++-11 11.4.0,binaryTrees_6.c 21,15,1699554402,369662,binaryTrees_6_g,0:17.76,138508,135332,3284,100.0,0.8,1,0,0:17,0,8,132572,0,96k,0,135332,373,2,277,94,0,12.9,1.5,0.0,85.6,0.0,0.0,0.0,0.0,15794.9 MiB,7205.4 MiB,4250.2 MiB,4339.3 MiB,4096.0 MiB,2510.4 MiB,1585.6 MiB,10927.4 MiB
8,g++-11 11.4.0,binaryTrees_6.c 21,16,1699554403,369662,binaryTrees_6_g,0:18.94,141580,138500,3284,100.0,0.9,1,0,0:18,0,8,135644,0,97k,0,138500,373,2,277,94,0,12.9,0.8,0.0,86.4,0.0,0.0,0.0,0.0,15794.9 MiB,7202.2 MiB,4253.4 MiB,4339.3 MiB,4096.0 MiB,2510.4 MiB,1585.6 MiB,10924.2 MiB
8,g++-11 11.4.0,binaryTrees_6.c 21,17,1699554404,369662,binaryTrees_6_g,0:20.11,141580,138500,3284,100.0,0.9,1,0,0:20,0,8,135644,0,97k,0,138500,373,2,277,94,0,12.8,1.5,0.0,85.7,0.0,0.0,0.0,0.0,15794.9 MiB,7202.9 MiB,4252.7 MiB,4339.3 MiB,4096.0 MiB,2510.4 MiB,1585.6 MiB,10924.9 MiB
8,g++-11 11.4.0,binaryTrees_6.c 21,18,1699554405,369662,binaryTrees_6_g,0:21.28,153868,150908,3284,93.8,0.9,1,0,0:21,0,8,147932,0,100k,0,150908,373,2,277,94,0,12.9,0.8,0.0,86.4,0.0,0.0,0.0,0.0,15794.9 MiB,7190.1 MiB,4265.5 MiB,4339.3 MiB,4096.0 MiB,2510.4 MiB,1585.6 MiB,10912.1 MiB
8,g++-11 11.4.0,binaryTrees_6.c 21,19,1699554406,369662,binaryTrees_6_g,0:22.46,153868,150908,3284,100.0,0.9,1,0,0:22,0,8,147932,0,100k,0,150908,373,2,277,94,0,13.5,0.8,0.0,85.7,0.0,0.0,0.0,0.0,15794.9 MiB,7190.1 MiB,4265.5 MiB,4339.3 MiB,4096.0 MiB,2510.4 MiB,1585.6 MiB,10912.2 MiB
8,g++-11 11.4.0,binaryTrees_6.c 21,20,1699554407,369662,binaryTrees_6_g,0:23.63,153868,150908,3284,100.0,0.9,1,0,0:23,0,8,147932,0,100k,0,150908,373,2,277,94,0,12.9,0.8,0.0,86.4,0.0,0.0,0.0,0.0,15794.9 MiB,7190.3 MiB,4265.2 MiB,4339.3 MiB,4096.0 MiB,2510.4 MiB,1585.6 MiB,10912.4 MiB
8,g++-11 11.4.0,binaryTrees_6.c 21,21,1699554409,369662,binaryTrees_6_g,0:24.80,170256,134692,3284,100.0,0.8,1,0,0:24,0,8,164320,0,240k,0,134692,373,2,277,94,0,10.7,2.3,0.0,87.0,0.0,0.0,0.0,0.0,15794.9 MiB,7173.2 MiB,4282.4 MiB,4339.3 MiB,4096.0 MiB,2510.4 MiB,1585.6 MiB,10895.3 MiB
8,g++-11 11.4.0,binaryTrees_6.c 21,22,1699554410,369662,binaryTrees_6_g,0:25.98,203024,199896,3284,100.0,1.2,1,0,0:25,0,8,197088,0,416k,0,199896,373,2,277,94,0,12.0,2.3,0.0,85.7,0.0,0.0,0.0,0.0,15794.9 MiB,7149.2 MiB,4306.4 MiB,4339.3 MiB,4096.0 MiB,2510.4 MiB,1585.6 MiB,10871.2 MiB
8,g++-11 11.4.0,binaryTrees_6.c 21,23,1699554411,369662,binaryTrees_6_g,0:27.14,170252,167160,3284,93.8,1.0,1,0,0:27,0,8,164316,0,583k,0,167160,373,2,277,94,0,12.1,1.5,0.0,86.4,0.0,0.0,0.0,0.0,15794.9 MiB,7180.5 MiB,4275.0 MiB,4339.3 MiB,4096.0 MiB,2510.4 MiB,1585.6 MiB,10902.6 MiB
9,g++-11 11.4.0,binaryTrees_6.c 21,0,1699554412,369811,binaryTrees_6_g,0:00.16,137452,134252,2968,93.8,0.8,1,0,0:00,0,8,131516,0,32k,0,134252,373,2,277,94,0,13.1,2.2,0.0,84.7,0.0,0.0,0.0,0.0,15794.9 MiB,7205.3 MiB,4243.2 MiB,4346.3 MiB,4096.0 MiB,2510.4 MiB,1585.6 MiB,10927.4 MiB
9,g++-11 11.4.0,binaryTrees_6.c 21,1,1699554413,369811,binaryTrees_6_g,0:01.33,137484,134416,3152,100.0,0.8,1,0,0:01,0,8,131548,0,96k,0,134416,373,2,277,94,0,12.9,0.8,0.0,86.4,0.0,0.0,0.0,0.0,15794.9 MiB,7205.6 MiB,4243.0 MiB,4346.3 MiB,4096.0 MiB,2510.4 MiB,1585.6 MiB,10927.7 MiB
9,g++-11 11.4.0,binaryTrees_6.c 21,2,1699554414,369811,binaryTrees_6_g,0:02.51,137484,134416,3152,100.0,0.8,1,0,0:02,0,8,131548,0,96k,0,134416,373,2,277,94,0,13.0,0.8,0.0,86.3,0.0,0.0,0.0,0.0,15794.9 MiB,7204.9 MiB,4250.7 MiB,4339.3 MiB,4096.0 MiB,2510.4 MiB,1585.6 MiB,10926.9 MiB
9,g++-11 11.4.0,binaryTrees_6.c 21,3,1699554416,369811,binaryTrees_6_g,0:03.68,137484,134416,3152,100.0,0.8,1,0,0:03,0,8,131548,0,96k,0,134416,373,2,277,94,0,12.8,1.5,0.0,85.7,0.0,0.0,0.0,0.0,15794.9 MiB,7205.6 MiB,4250.0 MiB,4339.3 MiB,4096.0 MiB,2510.4 MiB,1585.6 MiB,10927.7 MiB
9,g++-11 11.4.0,binaryTrees_6.c 21,4,1699554417,369811,binaryTrees_6_g,0:04.85,137484,134416,3152,93.8,0.8,1,0,0:04,0,8,131548,0,96k,0,134416,373,2,277,94,0,12.9,1.5,0.0,85.6,0.0,0.0,0.0,0.0,15794.9 MiB,7205.8 MiB,4249.7 MiB,4339.3 MiB,4096.0 MiB,2510.4 MiB,1585.6 MiB,10927.9 MiB
9,g++-11 11.4.0,binaryTrees_6.c 21,5,1699554418,369811,binaryTrees_6_g,0:06.03,137484,134416,3152,100.0,0.8,1,0,0:06,0,8,131548,0,96k,0,134416,373,2,277,94,0,12.8,1.5,0.0,85.7,0.0,0.0,0.0,0.0,15794.9 MiB,7205.6 MiB,4250.0 MiB,4339.3 MiB,4096.0 MiB,2510.4 MiB,1585.6 MiB,10927.7 MiB
9,g++-11 11.4.0,binaryTrees_6.c 21,6,1699554419,369811,binaryTrees_6_g,0:07.20,137484,134416,3152,100.0,0.8,1,0,0:07,0,8,131548,0,96k,0,134416,373,2,277,94,0,12.9,0.8,0.0,86.4,0.0,0.0,0.0,0.0,15794.9 MiB,7205.4 MiB,4250.2 MiB,4339.3 MiB,4096.0 MiB,2510.4 MiB,1585.6 MiB,10927.4 MiB
9,g++-11 11.4.0,binaryTrees_6.c 21,7,1699554420,369811,binaryTrees_6_g,0:08.37,137484,134416,3152,100.0,0.8,1,0,0:08,0,8,131548,0,96k,0,134416,373,2,277,94,0,12.9,0.8,0.0,86.4,0.0,0.0,0.0,0.0,15794.9 MiB,7204.9 MiB,4250.7 MiB,4339.3 MiB,4096.0 MiB,2510.4 MiB,1585.6 MiB,10927.0 MiB
9,g++-11 11.4.0,binaryTrees_6.c 21,8,1699554421,369811,binaryTrees_6_g,0:09.55,137484,134416,3152,100.0,0.8,1,0,0:09,0,8,131548,0,96k,0,134416,373,2,277,94,0,13.5,0.8,0.0,85.7,0.0,0.0,0.0,0.0,15794.9 MiB,7204.9 MiB,4250.7 MiB,4339.3 MiB,4096.0 MiB,2510.4 MiB,1585.6 MiB,10927.0 MiB
9,g++-11 11.4.0,binaryTrees_6.c 21,9,1699554423,369811,binaryTrees_6_g,0:10.72,137484,134416,3152,100.0,0.8,1,0,0:10,0,8,131548,0,96k,0,134416,373,2,277,94,0,12.1,1.5,0.0,86.4,0.0,0.0,0.0,0.0,15794.9 MiB,7204.9 MiB,4250.7 MiB,4339.3 MiB,4096.0 MiB,2510.4 MiB,1585.6 MiB,10927.0 MiB
9,g++-11 11.4.0,binaryTrees_6.c 21,10,1699554424,369811,binaryTrees_6_g,0:11.89,137484,134416,3152,100.0,0.8,1,0,0:11,0,8,131548,0,96k,0,134416,373,2,277,94,0,13.6,0.8,0.0,85.6,0.0,0.0,0.0,0.0,15794.9 MiB,7205.1 MiB,4250.4 MiB,4339.3 MiB,4096.0 MiB,2510.4 MiB,1585.6 MiB,10927.2 MiB
9,g++-11 11.4.0,binaryTrees_6.c 21,11,1699554425,369811,binaryTrees_6_g,0:13.06,137740,134920,3408,93.8,0.8,1,0,0:13,0,8,131804,0,96k,0,134920,373,2,277,94,0,12.9,0.8,0.0,86.4,0.0,0.0,0.0,0.0,15794.9 MiB,7205.6 MiB,4249.9 MiB,4339.3 MiB,4096.0 MiB,2510.4 MiB,1585.6 MiB,10927.7 MiB
9,g++-11 11.4.0,binaryTrees_6.c 21,12,1699554426,369811,binaryTrees_6_g,0:14.24,137740,134920,3408,100.0,0.8,1,0,0:14,0,8,131804,0,96k,0,134920,373,2,277,94,0,12.8,1.5,0.0,85.7,0.0,0.0,0.0,0.0,15794.9 MiB,7205.6 MiB,4249.9 MiB,4339.3 MiB,4096.0 MiB,2510.4 MiB,1585.6 MiB,10927.7 MiB
9,g++-11 11.4.0,binaryTrees_6.c 21,13,1699554427,369811,binaryTrees_6_g,0:15.41,138508,135448,3408,100.0,0.8,1,0,0:15,0,8,132572,0,96k,0,135448,373,2,277,94,0,13.5,0.8,0.0,85.7,0.0,0.0,0.0,0.0,15794.9 MiB,7205.1 MiB,4250.4 MiB,4339.3 MiB,4096.0 MiB,2510.4 MiB,1585.6 MiB,10927.2 MiB
9,g++-11 11.4.0,binaryTrees_6.c 21,14,1699554429,369811,binaryTrees_6_g,0:16.58,138508,135448,3408,93.8,0.8,1,0,0:16,0,8,132572,0,96k,0,135448,373,2,277,94,0,12.2,0.8,0.0,87.0,0.0,0.0,0.0,0.0,15794.9 MiB,7204.6 MiB,4250.9 MiB,4339.3 MiB,4096.0 MiB,2510.4 MiB,1585.6 MiB,10926.7 MiB
9,g++-11 11.4.0,binaryTrees_6.c 21,15,1699554430,369811,binaryTrees_6_g,0:17.76,138508,135448,3408,100.0,0.8,1,0,0:17,0,8,132572,0,96k,0,135448,373,2,277,94,0,12.8,1.5,0.0,85.7,0.0,0.0,0.0,0.0,15794.9 MiB,7204.9 MiB,4250.7 MiB,4339.3 MiB,4096.0 MiB,2510.4 MiB,1585.6 MiB,10927.0 MiB
9,g++-11 11.4.0,binaryTrees_6.c 21,16,1699554431,369811,binaryTrees_6_g,0:18.93,141580,138616,3408,100.0,0.9,1,0,0:18,0,8,135644,0,97k,0,138616,373,2,277,94,0,12.9,0.8,0.0,86.4,0.0,0.0,0.0,0.0,15794.9 MiB,7201.4 MiB,4254.1 MiB,4339.3 MiB,4096.0 MiB,2510.4 MiB,1585.6 MiB,10923.5 MiB
9,g++-11 11.4.0,binaryTrees_6.c 21,17,1699554432,369811,binaryTrees_6_g,0:20.10,141580,138616,3408,93.8,0.9,1,0,0:20,0,8,135644,0,97k,0,138616,373,2,277,94,0,13.6,0.8,0.0,85.6,0.0,0.0,0.0,0.0,15794.9 MiB,7201.2 MiB,4254.4 MiB,4339.3 MiB,4096.0 MiB,2510.4 MiB,1585.6 MiB,10923.3 MiB
9,g++-11 11.4.0,binaryTrees_6.c 21,18,1699554433,369811,binaryTrees_6_g,0:21.28,153868,151024,3408,93.8,0.9,1,0,0:21,0,8,147932,0,100k,0,151024,373,2,277,94,0,12.9,0.8,0.0,86.4,0.0,0.0,0.0,0.0,15794.9 MiB,7189.4 MiB,4266.2 MiB,4339.3 MiB,4096.0 MiB,2510.4 MiB,1585.6 MiB,10911.5 MiB
9,g++-11 11.4.0,binaryTrees_6.c 21,19,1699554434,369811,binaryTrees_6_g,0:22.46,153868,151024,3408,100.0,0.9,1,0,0:22,0,8,147932,0,100k,0,151024,373,2,277,94,0,12.9,0.8,0.0,86.4,0.0,0.0,0.0,0.0,15794.9 MiB,7189.6 MiB,4265.9 MiB,4339.3 MiB,4096.0 MiB,2510.4 MiB,1585.6 MiB,10911.7 MiB
9,g++-11 11.4.0,binaryTrees_6.c 21,20,1699554436,369811,binaryTrees_6_g,0:23.63,153868,151024,3408,100.0,0.9,1,0,0:23,0,8,147932,0,100k,0,151024,373,2,277,94,0,13.5,0.8,0.0,85.7,0.0,0.0,0.0,0.0,15794.9 MiB,7189.1 MiB,4266.4 MiB,4339.3 MiB,4096.0 MiB,2510.4 MiB,1585.6 MiB,10911.2 MiB
9,g++-11 11.4.0,binaryTrees_6.c 21,21,1699554437,369811,binaryTrees_6_g,0:24.80,170252,167280,3408,100.0,1.0,1,0,0:24,0,8,164316,0,248k,0,167280,373,2,277,94,0,10.6,2.3,0.0,87.1,0.0,0.0,0.0,0.0,15794.9 MiB,7186.6 MiB,4268.9 MiB,4339.3 MiB,4096.0 MiB,2510.4 MiB,1585.6 MiB,10908.8 MiB
9,g++-11 11.4.0,binaryTrees_6.c 21,22,1699554438,369811,binaryTrees_6_g,0:25.97,145676,142728,3408,100.0,0.9,1,0,0:25,0,8,139740,0,418k,0,142728,373,2,277,94,0,11.3,3.0,0.0,85.7,0.0,0.0,0.0,0.0,15794.9 MiB,7199.4 MiB,4256.1 MiB,4339.3 MiB,4096.0 MiB,2510.4 MiB,1585.6 MiB,10921.5 MiB
9,g++-11 11.4.0,binaryTrees_6.c 21,23,1699554439,369811,binaryTrees_6_g,0:27.15,170256,167584,3408,100.0,1.0,1,0,0:27,0,8,164320,0,591k,0,167584,373,2,277,94,0,9.8,4.5,0.0,85.6,0.0,0.0,0.0,0.0,15794.9 MiB,7142.1 MiB,4313.4 MiB,4339.4 MiB,4096.0 MiB,2510.4 MiB,1585.6 MiB,10864.2 MiB
10,g++-11 11.4.0,binaryTrees_6.c 21,0,1699554440,369960,binaryTrees_6_g,0:00.17,137452,134248,2964,94.1,0.8,1,4,0:00,0,8,131516,0,32k,0,134248,373,2,277,94,0,11.9,3.0,0.0,85.2,0.0,0.0,0.0,0.0,15794.9 MiB,7197.7 MiB,4250.9 MiB,4346.4 MiB,4096.0 MiB,2510.4 MiB,1585.6 MiB,10919.8 MiB
10,g++-11 11.4.0,binaryTrees_6.c 21,1,1699554441,369960,binaryTrees_6_g,0:01.34,137484,134408,3144,100.0,0.8,1,4,0:01,0,8,131548,0,96k,0,134408,373,2,277,94,0,13.1,0.0,0.0,86.9,0.0,0.0,0.0,0.0,15794.9 MiB,7197.9 MiB,4250.6 MiB,4346.4 MiB,4096.0 MiB,2510.4 MiB,1585.6 MiB,10920.1 MiB
10,g++-11 11.4.0,binaryTrees_6.c 21,2,1699554443,369960,binaryTrees_6_g,0:02.51,137484,134408,3144,100.0,0.8,1,0,0:02,0,8,131548,0,96k,0,134408,373,2,277,94,0,12.2,0.8,0.0,87.0,0.0,0.0,0.0,0.0,15794.9 MiB,7201.1 MiB,4254.4 MiB,4339.4 MiB,4096.0 MiB,2510.4 MiB,1585.6 MiB,10923.3 MiB
10,g++-11 11.4.0,binaryTrees_6.c 21,3,1699554444,369960,binaryTrees_6_g,0:03.68,137484,134408,3144,100.0,0.8,1,0,0:03,0,8,131548,0,96k,0,134408,373,2,277,94,0,12.9,0.8,0.0,86.4,0.0,0.0,0.0,0.0,15794.9 MiB,7201.6 MiB,4253.9 MiB,4339.4 MiB,4096.0 MiB,2510.4 MiB,1585.6 MiB,10923.7 MiB
10,g++-11 11.4.0,binaryTrees_6.c 21,4,1699554445,369960,binaryTrees_6_g,0:04.85,137484,134408,3144,93.8,0.8,1,0,0:04,0,8,131548,0,96k,0,134408,373,2,277,94,0,12.2,0.8,0.0,87.0,0.0,0.0,0.0,0.0,15794.9 MiB,7201.1 MiB,4254.4 MiB,4339.4 MiB,4096.0 MiB,2510.4 MiB,1585.6 MiB,10923.3 MiB
10,g++-11 11.4.0,binaryTrees_6.c 21,5,1699554446,369960,binaryTrees_6_g,0:06.02,137484,134408,3144,93.8,0.8,1,0,0:06,0,8,131548,0,96k,0,134408,372,2,276,94,0,12.3,0.8,0.0,86.9,0.0,0.0,0.0,0.0,15794.9 MiB,7200.4 MiB,4255.1 MiB,4339.4 MiB,4096.0 MiB,2510.4 MiB,1585.6 MiB,10922.5 MiB
10,g++-11 11.4.0,binaryTrees_6.c 21,6,1699554447,369960,binaryTrees_6_g,0:07.20,137484,134408,3144,100.0,0.8,1,0,0:07,0,8,131548,0,96k,0,134408,372,2,276,94,0,12.8,1.5,0.0,85.0,0.0,0.0,0.8,0.0,15794.9 MiB,7200.4 MiB,4255.1 MiB,4339.4 MiB,4096.0 MiB,2510.4 MiB,1585.6 MiB,10922.5 MiB
10,g++-11 11.4.0,binaryTrees_6.c 21,7,1699554448,369960,binaryTrees_6_g,0:08.37,137484,134408,3144,100.0,0.8,1,0,0:08,0,8,131548,0,96k,0,134408,372,2,276,94,0,12.8,1.5,0.0,85.7,0.0,0.0,0.0,0.0,15794.9 MiB,7201.1 MiB,4254.4 MiB,4339.4 MiB,4096.0 MiB,2510.4 MiB,1585.6 MiB,10923.3 MiB
10,g++-11 11.4.0,binaryTrees_6.c 21,8,1699554450,369960,binaryTrees_6_g,0:09.54,137484,134408,3144,93.8,0.8,1,0,0:09,0,8,131548,0,96k,0,134408,372,2,276,94,0,12.9,1.5,0.0,85.6,0.0,0.0,0.0,0.0,15794.9 MiB,7201.1 MiB,4254.4 MiB,4339.4 MiB,4096.0 MiB,2510.4 MiB,1585.6 MiB,10923.3 MiB
10,g++-11 11.4.0,binaryTrees_6.c 21,9,1699554451,369960,binaryTrees_6_g,0:10.71,137484,134408,3144,93.8,0.8,1,0,0:10,0,8,131548,0,96k,0,134408,372,2,276,94,0,12.9,0.8,0.0,86.4,0.0,0.0,0.0,0.0,15794.9 MiB,7200.6 MiB,4254.9 MiB,4339.4 MiB,4096.0 MiB,2510.4 MiB,1585.6 MiB,10922.8 MiB
10,g++-11 11.4.0,binaryTrees_6.c 21,10,1699554452,369960,binaryTrees_6_g,0:11.89,137484,134408,3144,100.0,0.8,1,0,0:11,0,8,131548,0,96k,0,134408,372,2,276,94,0,12.2,0.8,0.0,87.0,0.0,0.0,0.0,0.0,15794.9 MiB,7200.4 MiB,4255.1 MiB,4339.4 MiB,4096.0 MiB,2510.4 MiB,1585.6 MiB,10922.5 MiB
10,g++-11 11.4.0,binaryTrees_6.c 21,11,1699554453,369960,binaryTrees_6_g,0:13.06,137740,134912,3400,100.0,0.8,1,0,0:13,0,8,131804,0,96k,0,134912,372,2,276,94,0,12.8,1.5,0.0,85.7,0.0,0.0,0.0,0.0,15794.9 MiB,7200.4 MiB,4255.1 MiB,4339.4 MiB,4096.0 MiB,2510.4 MiB,1585.6 MiB,10922.5 MiB
10,g++-11 11.4.0,binaryTrees_6.c 21,12,1699554454,369960,binaryTrees_6_g,0:14.23,137740,134912,3400,100.0,0.8,1,0,0:14,0,8,131804,0,96k,0,134912,372,2,276,94,0,12.9,0.8,0.0,86.4,0.0,0.0,0.0,0.0,15794.9 MiB,7200.6 MiB,4254.8 MiB,4339.4 MiB,4096.0 MiB,2510.4 MiB,1585.6 MiB,10922.8 MiB
10,g++-11 11.4.0,binaryTrees_6.c 21,13,1699554456,369960,binaryTrees_6_g,0:15.41,138508,135440,3400,100.0,0.8,1,0,0:15,0,8,132572,0,96k,0,135440,372,2,276,94,0,12.1,1.5,0.0,86.4,0.0,0.0,0.0,0.0,15794.9 MiB,7200.6 MiB,4254.8 MiB,4339.4 MiB,4096.0 MiB,2510.4 MiB,1585.6 MiB,10922.8 MiB
10,g++-11 11.4.0,binaryTrees_6.c 21,14,1699554457,369960,binaryTrees_6_g,0:16.58,138508,135440,3400,100.0,0.8,1,0,0:16,0,8,132572,0,96k,0,135440,372,2,276,94,0,12.1,1.5,0.0,86.4,0.0,0.0,0.0,0.0,15794.9 MiB,7200.2 MiB,4255.3 MiB,4339.4 MiB,4096.0 MiB,2510.4 MiB,1585.6 MiB,10922.3 MiB
10,g++-11 11.4.0,binaryTrees_6.c 21,15,1699554458,369960,binaryTrees_6_g,0:17.75,138508,135440,3400,100.0,0.8,1,0,0:17,0,8,132572,0,96k,0,135440,372,2,276,94,0,12.3,0.8,0.0,86.9,0.0,0.0,0.0,0.0,15794.9 MiB,7200.2 MiB,4255.3 MiB,4339.4 MiB,4096.0 MiB,2510.4 MiB,1585.6 MiB,10922.3 MiB
10,g++-11 11.4.0,binaryTrees_6.c 21,16,1699554459,369960,binaryTrees_6_g,0:18.92,141580,138608,3400,93.8,0.9,1,0,0:18,0,8,135644,0,97k,0,138608,372,2,276,94,0,12.2,0.8,0.0,87.0,0.0,0.0,0.0,0.0,15794.9 MiB,7200.6 MiB,4254.8 MiB,4339.4 MiB,4096.0 MiB,2510.4 MiB,1585.6 MiB,10922.8 MiB
10,g++-11 11.4.0,binaryTrees_6.c 21,17,1699554460,369960,binaryTrees_6_g,0:20.10,141580,138608,3400,100.0,0.9,1,0,0:20,0,8,135644,0,97k,0,138608,372,2,276,94,0,12.9,0.8,0.0,86.4,0.0,0.0,0.0,0.0,15794.9 MiB,7200.6 MiB,4254.8 MiB,4339.4 MiB,4096.0 MiB,2510.4 MiB,1585.6 MiB,10922.8 MiB
10,g++-11 11.4.0,binaryTrees_6.c 21,18,1699554461,369960,binaryTrees_6_g,0:21.27,153868,151016,3400,100.0,0.9,1,0,0:21,0,8,147932,0,100k,0,151016,372,2,276,94,0,13.6,0.0,0.0,86.4,0.0,0.0,0.0,0.0,15794.9 MiB,7193.3 MiB,4262.2 MiB,4339.4 MiB,4096.0 MiB,2510.4 MiB,1585.6 MiB,10915.4 MiB
10,g++-11 11.4.0,binaryTrees_6.c 21,19,1699554463,369960,binaryTrees_6_g,0:22.45,153868,151016,3400,100.0,0.9,1,0,0:22,0,8,147932,0,100k,0,151016,372,2,276,94,0,12.8,0.8,0.0,86.5,0.0,0.0,0.0,0.0,15794.9 MiB,7193.0 MiB,4262.4 MiB,4339.5 MiB,4096.0 MiB,2510.4 MiB,1585.6 MiB,10915.2 MiB
10,g++-11 11.4.0,binaryTrees_6.c 21,20,1699554464,369960,binaryTrees_6_g,0:23.62,153868,151016,3400,100.0,0.9,1,0,0:23,0,8,147932,0,100k,0,151016,372,2,276,94,0,13.5,0.8,0.0,85.7,0.0,0.0,0.0,0.0,15794.9 MiB,7193.3 MiB,4262.1 MiB,4339.5 MiB,4096.0 MiB,2510.4 MiB,1585.6 MiB,10915.4 MiB
10,g++-11 11.4.0,binaryTrees_6.c 21,21,1699554465,369960,binaryTrees_6_g,0:24.79,170252,167272,3400,93.8,1.0,1,0,0:24,0,8,164316,0,248k,0,167272,372,2,276,94,0,11.3,3.0,0.0,85.7,0.0,0.0,0.0,0.0,15794.9 MiB,7177.2 MiB,4278.2 MiB,4339.5 MiB,4096.0 MiB,2510.4 MiB,1585.6 MiB,10899.4 MiB
10,g++-11 11.4.0,binaryTrees_6.c 21,22,1699554466,369960,binaryTrees_6_g,0:25.97,153868,150904,3400,100.0,0.9,1,0,0:25,0,8,147932,0,420k,0,150904,372,2,276,94,0,11.4,2.3,0.0,86.4,0.0,0.0,0.0,0.0,15794.9 MiB,7199.0 MiB,4256.4 MiB,4339.5 MiB,4096.0 MiB,2510.4 MiB,1585.6 MiB,10921.2 MiB
10,g++-11 11.4.0,binaryTrees_6.c 21,23,1699554467,369960,binaryTrees_6_g,0:27.14,170256,167576,3400,93.8,1.0,1,0,0:27,0,8,164320,0,591k,0,167576,372,2,276,94,0,10.6,3.0,0.0,86.4,0.0,0.0,0.0,0.0,15794.9 MiB,7168.1 MiB,4287.2 MiB,4339.5 MiB,4096.0 MiB,2510.4 MiB,1585.6 MiB,10890.3 MiB
